Neighborhood,Date,Rent,permits_trailing6,employment_growth,median_income,renter_rate,covid,month,rent_lag1,rent_lag12,rent_yoy_growth
Beverly Hills,2019-01-31,8010.221773508025,0.0,,129422.72,0.39,0,1,,,
Beverly Hills,2019-02-28,7828.068572203254,0.0,0.8200448182910547,129422.72,0.39,0,2,8010.221773508025,,
Beverly Hills,2019-03-31,5275.703166364309,0.0,0.1562323835907708,129422.72,0.39,0,3,7828.068572203254,,
Beverly Hills,2019-04-30,5309.672057761236,0.0,-0.0675414897722825,129422.72,0.39,0,4,5275.703166364309,,
Beverly Hills,2019-05-31,5405.183404491018,0.0,0.1914968942100525,129422.72,0.39,0,5,5309.672057761236,,
Beverly Hills,2019-06-30,5524.3772335469785,0.0,0.1204606414930697,129422.72,0.39,0,6,5405.183404491018,,
Beverly Hills,2019-07-31,5495.045186412349,0.0,-0.9737551334702332,129422.72,0.39,0,7,5524.3772335469785,,
Beverly Hills,2019-08-31,5365.272714285202,0.0,0.4260558246529156,129422.72,0.39,0,8,5495.045186412349,,
Beverly Hills,2019-09-30,5289.047364330145,0.0,0.6049167634533559,129422.72,0.39,0,9,5365.272714285202,,
Beverly Hills,2019-10-31,5365.102092948532,0.0,0.8626356887456499,129422.72,0.39,0,10,5289.047364330145,,
Beverly Hills,2019-11-30,5499.3806073277865,0.0,0.902948891185118,129422.72,0.39,0,11,5365.102092948532,,
Beverly Hills,2019-12-31,5571.475150822382,0.0,0.004726419107337,129422.72,0.39,0,12,5499.3806073277865,,
Beverly Hills,2020-01-31,5603.96162023029,41.0,-1.435188102589957,133923.98,0.3615,0,1,5571.475150822382,8010.221773508025,-30.039869323417356
Beverly Hills,2020-02-29,5581.318853025709,70.0,0.7975705266522803,133923.98,0.3615,0,2,5603.96162023029,7828.068572203254,-28.701201304694045
Beverly Hills,2020-03-31,5584.722928550332,96.0,-1.2907522516808267,133923.98,0.3615,1,3,5581.318853025709,5275.703166364309,5.8574137407162
Beverly Hills,2020-04-30,5550.222479151271,108.0,-15.616064257028118,133923.98,0.3615,1,4,5584.722928550332,5309.672057761236,4.53041955836837
Beverly Hills,2020-05-31,5596.0019810114845,127.0,0.8776104627919779,133923.98,0.3615,1,5,5550.222479151271,5405.183404491018,3.53028865518088
Beverly Hills,2020-06-30,5564.215582524394,144.0,3.093036421966411,133923.98,0.3615,1,6,5596.0019810114845,5524.3772335469785,0.7211373751867756
Beverly Hills,2020-07-31,5563.262724742152,127.0,-0.5711252265280353,133923.98,0.3615,1,7,5564.215582524394,5495.045186412349,1.2414372587596922
Beverly Hills,2020-08-31,5539.504311878231,121.0,0.5744058029714338,133923.98,0.3615,1,8,5563.262724742152,5365.272714285202,3.2473949950229564
Beverly Hills,2020-09-30,5589.335990559448,121.0,1.3985245931648072,133923.98,0.3615,1,9,5539.504311878231,5289.047364330145,5.677556004782236
Beverly Hills,2020-10-31,5629.151952105154,134.0,2.83790370624446,133923.98,0.3615,1,10,5589.335990559448,5365.102092948532,4.921618537393124
Beverly Hills,2020-11-30,5596.600086287981,136.0,1.1357851312209233,133923.98,0.3615,1,11,5629.151952105154,5499.3806073277865,1.7678259771773508
Beverly Hills,2020-12-31,5573.663282290401,144.0,-0.7984447684510121,133923.98,0.3615,1,12,5596.600086287981,5571.475150822382,0.03927382620914077
Beverly Hills,2021-01-31,5578.477767819288,146.0,-2.9640257558790517,134058.24,0.3815,1,1,5573.663282290401,5603.96162023029,-0.4547470903263351
Beverly Hills,2021-02-28,5726.878558448635,141.0,2.232319953838946,134058.24,0.3815,1,2,5578.477767819288,5581.318853025709,2.6079804658358796
Beverly Hills,2021-03-31,5688.404403103273,154.0,0.9489205587695616,134058.24,0.3815,1,3,5726.878558448635,5584.722928550332,1.856519578131599
Beverly Hills,2021-04-30,5650.978640136506,159.0,1.450186951811849,134058.24,0.3815,1,4,5688.404403103273,5550.222479151271,1.8153535531902243
Beverly Hills,2021-05-31,5575.5034264267915,170.0,0.9334527418021654,134058.24,0.3815,1,5,5650.978640136506,5596.0019810114845,-0.3663071359561565
Beverly Hills,2021-06-30,5678.416441657819,168.0,0.0238883390778932,134058.24,0.3815,1,6,5575.5034264267915,5564.215582524394,2.052416148146685
Beverly Hills,2021-07-31,5911.598587528699,178.0,0.4861821903787033,134058.24,0.3815,0,7,5678.416441657819,5563.262724742152,6.26135920630444
Beverly Hills,2021-08-31,5991.785247194835,188.0,1.0474492827434068,134058.24,0.3815,0,8,5911.598587528699,5539.504311878231,8.164646326690072
Beverly Hills,2021-09-30,6125.196146838794,170.0,-0.0151204596619658,134058.24,0.3815,0,9,5991.785247194835,5589.335990559448,9.587188123677471
Beverly Hills,2021-10-31,6165.027281462795,157.0,2.619595718582479,134058.24,0.3815,0,10,6125.196146838794,5629.151952105154,9.519645835057577
Beverly Hills,2021-11-30,6301.5061401302655,146.0,0.9758973015457252,134058.24,0.3815,0,11,6165.027281462795,5596.600086287981,12.59525502937664
Beverly Hills,2021-12-31,6452.506562104584,142.0,0.1962119737951573,134058.24,0.3815,0,12,6301.5061401302655,5573.663282290401,15.767785660942145
Beverly Hills,2022-01-31,6427.59296157712,129.0,-2.264157050607707,153712.01,0.3675,0,1,6452.506562104584,5578.477767819288,15.221270552625409
Beverly Hills,2022-02-28,6487.461972748955,118.0,1.5731081304851902,153712.01,0.3675,0,2,6427.59296157712,5726.878558448635,13.280941904700638
Beverly Hills,2022-03-31,6472.219521537098,126.0,0.283664819041407,153712.01,0.3675,0,3,6487.461972748955,5688.404403103273,13.779173611605744
Beverly Hills,2022-04-30,6698.274628741606,131.0,0.6047403843027821,153712.01,0.3675,0,4,6472.219521537098,5650.978640136506,18.533002074483164
Beverly Hills,2022-05-31,6803.122365193703,140.0,0.252076398539236,153712.01,0.3675,0,5,6698.274628741606,5575.5034264267915,22.018082402178063
Beverly Hills,2022-06-30,6913.100707879746,154.0,-0.1128267947519412,153712.01,0.3675,0,6,6803.122365193703,5678.416441657819,21.7434610319186
Beverly Hills,2022-07-31,6771.818261229069,156.0,-0.4437487897760328,153712.01,0.3675,0,7,6913.100707879746,5911.598587528699,14.551388443645653
Beverly Hills,2022-08-31,6689.612671305207,169.0,0.3338898163605996,153712.01,0.3675,0,8,6771.818261229069,5991.785247194835,11.646402454712025
Beverly Hills,2022-09-30,6687.94877615459,170.0,0.4539359966398981,153712.01,0.3675,0,9,6689.612671305207,6125.196146838794,9.18750380926545
Beverly Hills,2022-10-31,6835.945345677373,188.0,0.8603499292422434,153712.01,0.3675,0,10,6687.94877615459,6165.027281462795,10.88264550315805
Beverly Hills,2022-11-30,6768.71673812275,175.0,0.534128414037216,153712.01,0.3675,0,11,6835.945345677373,6301.5061401302655,7.414268709779059
Beverly Hills,2022-12-31,6649.243997172474,168.0,0.0301329019570584,153712.01,0.3675,0,12,6768.71673812275,6452.506562104584,3.0490079037396756
Beverly Hills,2023-01-31,6608.856166066006,166.0,-2.199039208536135,167909.19,0.3828,0,1,6649.243997172474,6427.59296157712,2.8200790804962628
Beverly Hills,2023-02-28,6832.875798941626,164.0,0.5495574360470767,167909.19,0.3828,0,2,6608.856166066006,6487.461972748955,5.32432910811047
Beverly Hills,2023-03-31,6877.871328408235,154.0,0.0225715437323525,167909.19,0.3828,0,3,6832.875798941626,6472.219521537098,6.267584180686092
Beverly Hills,2023-04-30,6783.20654427167,138.0,0.1144441399764772,167909.19,0.3828,0,4,6877.871328408235,6698.274628741606,1.2679670547640853
Beverly Hills,2023-05-31,6747.903675923142,148.0,0.4685235871840332,167909.19,0.3828,0,5,6783.20654427167,6803.122365193703,-0.8116668539297822
Beverly Hills,2023-06-30,6783.805810051977,146.0,-0.3124949920674358,167909.19,0.3828,0,6,6747.903675923142,6913.100707879746,-1.8702880703067915
Beverly Hills,2023-07-31,6902.6149176435265,157.0,-0.8938044561617953,167909.19,0.3828,0,7,6783.805810051977,6771.818261229069,1.9314850364976932
Beverly Hills,2023-08-31,6901.230153859917,167.0,0.2789943227899494,167909.19,0.3828,0,8,6902.6149176435265,6689.612671305207,3.163374218397319
Beverly Hills,2023-09-30,7026.903600335141,174.0,0.53217301284334,167909.19,0.3828,0,9,6901.230153859917,6687.94877615459,5.068143245789658
Beverly Hills,2023-10-31,7076.799485324742,177.0,0.859197760293462,167909.19,0.3828,0,10,7026.903600335141,6835.945345677373,3.523347941915156
Beverly Hills,2023-11-30,6987.181973922573,170.0,0.5695142378559392,167909.19,0.3828,0,11,7076.799485324742,6768.71673812275,3.2275724373186376
Beverly Hills,2023-12-31,6890.400888185774,160.0,0.420354684178803,167909.19,0.3828,0,12,6987.181973922573,6649.243997172474,3.626831728777735
Beverly Hills,2024-01-31,6853.813055833017,154.0,-1.123098551502988,167909.19,0.3828,0,1,6890.400888185774,6608.856166066006,3.7064944918119513
Beverly Hills,2024-02-29,6891.078401844294,142.0,0.2044859096427709,167909.19,0.3828,0,2,6853.813055833017,6832.875798941626,0.851802441831051
Beverly Hills,2024-03-31,7033.620224720109,144.0,0.1004400229577262,167909.19,0.3828,0,3,6891.078401844294,6877.871328408235,2.2644927314730667
Beverly Hills,2024-04-30,7097.568154062814,150.0,-0.0525586506760933,167909.19,0.3828,0,4,7033.620224720109,6783.20654427167,4.634410108838827
Beverly Hills,2024-05-31,7258.3126550223,159.0,0.1099531503967909,167909.19,0.3828,0,5,7097.568154062814,6747.903675923142,7.5639636191062065
Beverly Hills,2024-06-30,7338.785359152478,168.0,-0.6287506168123125,167909.19,0.3828,0,6,7258.3126550223,6783.805810051977,8.180946870238447
Beverly Hills,2024-07-31,7451.771908960451,157.0,-0.2899340039725806,167909.19,0.3828,0,7,7338.785359152478,6902.6149176435265,7.95578194450981
Beverly Hills,2024-08-31,7314.726768535875,158.0,0.2811380468135116,167909.19,0.3828,0,8,7451.771908960451,6901.230153859917,5.9916363526100636
Beverly Hills,2024-09-30,7337.097546770253,157.0,0.437345807567846,167909.19,0.3828,0,9,7314.726768535875,7026.903600335141,4.414376005105813
Beverly Hills,2024-10-31,7346.495634640109,154.0,1.4371161974639168,167909.19,0.3828,0,10,7337.097546770253,7076.799485324742,3.810990404272996
Beverly Hills,2024-11-30,7461.745711156686,143.0,0.5173281338448854,167909.19,0.3828,0,11,7346.495634640109,6987.181973922573,6.7919189596789
Beverly Hills,2024-12-31,7248.158584884635,142.0,-0.5756746186937889,167909.19,0.3828,0,12,7461.745711156686,6890.400888185774,5.19211730209006
Beverly Hills,2025-01-31,7562.076781444176,151.0,-2.0957565649731724,167909.19,0.3828,0,1,7248.158584884635,6853.813055833017,10.333864081810384
Beverly Hills,2025-02-28,8008.718881179309,158.0,0.6219365206910465,167909.19,0.3828,0,2,7562.076781444176,6891.078401844294,16.218658592476555
Beverly Hills,2025-03-31,8431.527726027878,158.0,0.0734683447262574,167909.19,0.3828,0,3,8008.718881179309,7033.620224720109,19.87465141201019
Beverly Hills,2025-04-30,8342.566083680718,155.0,0.7261642567589099,167909.19,0.3828,0,4,8431.527726027878,7097.568154062814,17.541190201960077
Beverly Hills,2025-05-31,8333.638141617552,180.0,0.1980574525058287,167909.19,0.3828,0,5,8342.566083680718,7258.3126550223,14.81508909444944
Beverly Hills,2025-06-30,8340.072302972287,187.0,-0.814383756602044,167909.19,0.3828,0,6,8333.638141617552,7338.785359152478,13.643769299930074
Beverly Hills,2025-07-31,8432.814578996957,186.0,-0.787589879310624,167909.19,0.3828,0,7,8340.072302972287,7451.771908960451,13.16522676783547
Beverly Hills,2025-08-31,8356.848455885818,174.0,0.4499509874817287,167909.19,0.3828,0,8,8432.814578996957,7314.726768535875,14.24689835077102
Beverly Hills,2025-09-30,8367.152151306549,170.0,0.0159976963317376,167909.19,0.3828,0,9,8356.848455885818,7337.097546770253,14.038992911982206
Beverly Hills,2025-10-31,8217.117565430519,166.0,1.0332858810921497,167909.19,0.3828,0,10,8367.152151306549,7346.495634640109,11.85084663611946
Beverly Hills,2025-11-30,8205.897641189953,142.0,0.3467109950130442,167909.19,0.3828,0,11,8217.117565430519,7461.745711156686,9.972893192013
Beverly Hills,2025-12-31,8133.311248123243,127.0,-0.0110437965417098,167909.19,0.3828,0,12,8205.897641189953,7248.158584884635,12.212103982996613
Boyle Heights,2019-01-31,1868.581619538499,0.0,,40558.23,0.7698,0,1,,,
Boyle Heights,2019-02-28,1868.581619538499,0.0,0.8200448182910547,40558.23,0.7698,0,2,1868.581619538499,,
Boyle Heights,2019-03-31,1868.581619538499,0.0,0.1562323835907708,40558.23,0.7698,0,3,1868.581619538499,,
Boyle Heights,2019-04-30,1868.581619538499,0.0,-0.0675414897722825,40558.23,0.7698,0,4,1868.581619538499,,
Boyle Heights,2019-05-31,1868.581619538499,0.0,0.1914968942100525,40558.23,0.7698,0,5,1868.581619538499,,
Boyle Heights,2019-06-30,1868.581619538499,0.0,0.1204606414930697,40558.23,0.7698,0,6,1868.581619538499,,
Boyle Heights,2019-07-31,1868.581619538499,0.0,-0.9737551334702332,40558.23,0.7698,0,7,1868.581619538499,,
Boyle Heights,2019-08-31,1868.581619538499,0.0,0.4260558246529156,40558.23,0.7698,0,8,1868.581619538499,,
Boyle Heights,2019-09-30,1868.581619538499,0.0,0.6049167634533559,40558.23,0.7698,0,9,1868.581619538499,,
Boyle Heights,2019-10-31,1868.581619538499,0.0,0.8626356887456499,40558.23,0.7698,0,10,1868.581619538499,,
Boyle Heights,2019-11-30,1868.581619538499,0.0,0.902948891185118,40558.23,0.7698,0,11,1868.581619538499,,
Boyle Heights,2019-12-31,1868.581619538499,0.0,0.004726419107337,40558.23,0.7698,0,12,1868.581619538499,,
Boyle Heights,2020-01-31,1868.581619538499,20.0,-1.435188102589957,44779.77,0.7684,0,1,1868.581619538499,1868.581619538499,0.0
Boyle Heights,2020-02-29,1868.581619538499,46.0,0.7975705266522803,44779.77,0.7684,0,2,1868.581619538499,1868.581619538499,0.0
Boyle Heights,2020-03-31,1868.581619538499,68.0,-1.2907522516808267,44779.77,0.7684,1,3,1868.581619538499,1868.581619538499,0.0
Boyle Heights,2020-04-30,1868.581619538499,84.0,-15.616064257028118,44779.77,0.7684,1,4,1868.581619538499,1868.581619538499,0.0
Boyle Heights,2020-05-31,1868.581619538499,99.0,0.8776104627919779,44779.77,0.7684,1,5,1868.581619538499,1868.581619538499,0.0
Boyle Heights,2020-06-30,1868.581619538499,107.0,3.093036421966411,44779.77,0.7684,1,6,1868.581619538499,1868.581619538499,0.0
Boyle Heights,2020-07-31,1868.581619538499,106.0,-0.5711252265280353,44779.77,0.7684,1,7,1868.581619538499,1868.581619538499,0.0
Boyle Heights,2020-08-31,1868.581619538499,92.0,0.5744058029714338,44779.77,0.7684,1,8,1868.581619538499,1868.581619538499,0.0
Boyle Heights,2020-09-30,1868.581619538499,92.0,1.3985245931648072,44779.77,0.7684,1,9,1868.581619538499,1868.581619538499,0.0
Boyle Heights,2020-10-31,1868.581619538499,99.0,2.83790370624446,44779.77,0.7684,1,10,1868.581619538499,1868.581619538499,0.0
Boyle Heights,2020-11-30,1868.581619538499,109.0,1.1357851312209233,44779.77,0.7684,1,11,1868.581619538499,1868.581619538499,0.0
Boyle Heights,2020-12-31,1868.581619538499,161.0,-0.7984447684510121,44779.77,0.7684,1,12,1868.581619538499,1868.581619538499,0.0
Boyle Heights,2021-01-31,1868.581619538499,162.0,-2.9640257558790517,49027.13,0.7662,1,1,1868.581619538499,1868.581619538499,0.0
Boyle Heights,2021-02-28,1878.037485878172,177.0,2.232319953838946,49027.13,0.7662,1,2,1868.581619538499,1868.581619538499,0.5060451328857907
Boyle Heights,2021-03-31,1858.706584700463,190.0,0.9489205587695616,49027.13,0.7662,1,3,1878.037485878172,1868.581619538499,-0.5284775754390014
Boyle Heights,2021-04-30,1886.42752949099,188.0,1.450186951811849,49027.13,0.7662,1,4,1858.706584700463,1868.581619538499,0.9550511342875545
Boyle Heights,2021-05-31,1885.5844018170255,184.0,0.9334527418021654,49027.13,0.7662,1,5,1886.42752949099,1868.581619538499,0.9099298687699875
Boyle Heights,2021-06-30,1886.6172355477984,148.0,0.0238883390778932,49027.13,0.7662,1,6,1885.5844018170255,1868.581619538499,0.9652035437314188
Boyle Heights,2021-07-31,1894.43285769704,151.0,0.4861821903787033,49027.13,0.7662,0,7,1886.6172355477984,1868.581619538499,1.383468502966756
Boyle Heights,2021-08-31,1921.562774384973,153.0,1.0474492827434068,49027.13,0.7662,0,8,1894.43285769704,1868.581619538499,2.835367440869896
Boyle Heights,2021-09-30,1977.9682262805352,128.0,-0.0151204596619658,49027.13,0.7662,0,9,1921.562774384973,1868.581619538499,5.853991369617151
Boyle Heights,2021-10-31,1985.7663563952744,148.0,2.619595718582479,49027.13,0.7662,0,10,1977.9682262805352,1868.581619538499,6.271320215903531
Boyle Heights,2021-11-30,1973.5069004853983,144.0,0.9758973015457252,49027.13,0.7662,0,11,1985.7663563952744,1868.581619538499,5.615236704127158
Boyle Heights,2021-12-31,1935.2780712448944,131.0,0.1962119737951573,49027.13,0.7662,0,12,1973.5069004853983,1868.581619538499,3.5693625051748112
Boyle Heights,2022-01-31,1960.3910125643497,127.0,-2.264157050607707,51728.34,0.7708,0,1,1935.2780712448944,1868.581619538499,4.913319924902493
Boyle Heights,2022-02-28,1952.4089672528376,112.0,1.5731081304851902,51728.34,0.7708,0,2,1960.3910125643497,1878.037485878172,3.960063733226793
Boyle Heights,2022-03-31,1973.801265098329,131.0,0.283664819041407,51728.34,0.7708,0,3,1952.4089672528376,1858.706584700463,6.192191997663454
Boyle Heights,2022-04-30,2004.743366328242,114.0,0.6047403843027821,51728.34,0.7708,0,4,1973.801265098329,1886.42752949099,6.271952406736592
Boyle Heights,2022-05-31,2071.991036757228,118.0,0.252076398539236,51728.34,0.7708,0,5,2004.743366328242,1885.5844018170255,9.885881255730222
Boyle Heights,2022-06-30,2102.8213423070288,144.0,-0.1128267947519412,51728.34,0.7708,0,6,2071.991036757228,1886.6172355477984,11.459881881999955
Boyle Heights,2022-07-31,2132.430871896524,166.0,-0.4437487897760328,51728.34,0.7708,0,7,2102.8213423070288,1894.43285769704,12.56302186865601
Boyle Heights,2022-08-31,2170.6302015873675,173.0,0.3338898163605996,51728.34,0.7708,0,8,2132.430871896524,1921.562774384973,12.961711713119172
Boyle Heights,2022-09-30,2206.9146318485405,166.0,0.4539359966398981,51728.34,0.7708,0,9,2170.6302015873675,1977.9682262805352,11.57482726598329
Boyle Heights,2022-10-31,2238.083541243868,176.0,0.8603499292422434,51728.34,0.7708,0,10,2206.9146318485405,1985.7663563952744,12.706287627242308
Boyle Heights,2022-11-30,2198.521641082875,190.0,0.534128414037216,51728.34,0.7708,0,11,2238.083541243868,1973.5069004853983,11.401771158850904
Boyle Heights,2022-12-31,2201.679756278299,180.0,0.0301329019570584,51728.34,0.7708,0,12,2198.521641082875,1935.2780712448944,13.76555074909922
Boyle Heights,2023-01-31,2141.6131183983784,164.0,-2.199039208536135,56305.41,0.7812,0,1,2201.679756278299,1960.3910125643497,9.244181628693337
Boyle Heights,2023-02-28,2138.1609937078206,173.0,0.5495574360470767,56305.41,0.7812,0,2,2141.6131183983784,1952.4089672528376,9.513991667245204
Boyle Heights,2023-03-31,2123.824025615749,181.0,0.0225715437323525,56305.41,0.7812,0,3,2138.1609937078206,1973.801265098329,7.6007024197517925
Boyle Heights,2023-04-30,2143.2450834820543,176.0,0.1144441399764772,56305.41,0.7812,0,4,2123.824025615749,2004.743366328242,6.908700608770846
Boyle Heights,2023-05-31,2181.411494689336,170.0,0.4685235871840332,56305.41,0.7812,0,5,2143.2450834820543,2071.991036757228,5.2809329765903135
Boyle Heights,2023-06-30,2139.537806472773,181.0,-0.3124949920674358,56305.41,0.7812,0,6,2181.411494689336,2102.8213423070288,1.7460572340140867
Boyle Heights,2023-07-31,2136.95335508915,189.0,-0.8938044561617953,56305.41,0.7812,0,7,2139.537806472773,2132.430871896524,0.21208111607406988
Boyle Heights,2023-08-31,2172.5266179048995,207.0,0.2789943227899494,56305.41,0.7812,0,8,2136.95335508915,2170.6302015873675,0.08736708427556916
Boyle Heights,2023-09-30,2213.1610786517003,195.0,0.53217301284334,56305.41,0.7812,0,9,2172.5266179048995,2206.9146318485405,0.2830398019486591
Boyle Heights,2023-10-31,2216.94641089298,191.0,0.859197760293462,56305.41,0.7812,0,10,2213.1610786517003,2238.083541243868,-0.9444299089541697
Boyle Heights,2023-11-30,2273.0857350472,189.0,0.5695142378559392,56305.41,0.7812,0,11,2216.94641089298,2198.521641082875,3.3915560607171935
Boyle Heights,2023-12-31,2319.904648116541,169.0,0.420354684178803,56305.41,0.7812,0,12,2273.0857350472,2201.679756278299,5.3697587717338235
Boyle Heights,2024-01-31,2352.9453186923447,154.0,-1.123098551502988,56305.41,0.7812,0,1,2319.904648116541,2141.6131183983784,9.867898103463823
Boyle Heights,2024-02-29,2290.658917838565,133.0,0.2044859096427709,56305.41,0.7812,0,2,2352.9453186923447,2138.1609937078206,7.132200268338784
Boyle Heights,2024-03-31,2241.003201613046,141.0,0.1004400229577262,56305.41,0.7812,0,3,2290.658917838565,2123.824025615749,5.517367474140111
Boyle Heights,2024-04-30,2250.1397490745267,155.0,-0.0525586506760933,56305.41,0.7812,0,4,2241.003201613046,2143.2450834820543,4.987514793166081
Boyle Heights,2024-05-31,2284.86385688094,156.0,0.1099531503967909,56305.41,0.7812,0,5,2250.1397490745267,2181.411494689336,4.742450585020741
Boyle Heights,2024-06-30,2335.921582836153,166.0,-0.6287506168123125,56305.41,0.7812,0,6,2284.86385688094,2139.537806472773,9.178794399858582
Boyle Heights,2024-07-31,2292.027363389391,199.0,-0.2899340039725806,56305.41,0.7812,0,7,2335.921582836153,2136.95335508915,7.256780216139602
Boyle Heights,2024-08-31,2279.732460433327,204.0,0.2811380468135116,56305.41,0.7812,0,8,2292.027363389391,2172.5266179048995,4.934615835998946
Boyle Heights,2024-09-30,2265.9242237048297,203.0,0.437345807567846,56305.41,0.7812,0,9,2279.732460433327,2213.1610786517003,2.3840625773734248
Boyle Heights,2024-10-31,2240.7826044699837,204.0,1.4371161974639168,56305.41,0.7812,0,10,2265.9242237048297,2216.94641089298,1.0751813151587353
Boyle Heights,2024-11-30,2268.9415365073587,212.0,0.5173281338448854,56305.41,0.7812,0,11,2240.7826044699837,2273.0857350472,-0.18231598025295614
Boyle Heights,2024-12-31,2296.0972780474845,213.0,-0.5756746186937889,56305.41,0.7812,0,12,2268.9415365073587,2319.904648116541,-1.0262219220253277
Boyle Heights,2025-01-31,2256.6537703517706,188.0,-2.0957565649731724,56305.41,0.7812,0,1,2296.0972780474845,2352.9453186923447,-4.0923836000612335
Boyle Heights,2025-02-28,2219.9727458349817,187.0,0.6219365206910465,56305.41,0.7812,0,2,2256.6537703517706,2290.658917838565,-3.085844490120848
Boyle Heights,2025-03-31,2289.2533351109328,187.0,0.0734683447262574,56305.41,0.7812,0,3,2219.9727458349817,2241.003201613046,2.153059552220049
Boyle Heights,2025-04-30,2328.364566491605,190.0,0.7261642567589099,56305.41,0.7812,0,4,2289.2533351109328,2250.1397490745267,3.476442627585752
Boyle Heights,2025-05-31,2286.5639544998494,183.0,0.1980574525058287,56305.41,0.7812,0,5,2328.364566491605,2284.86385688094,0.07440695487346272
Boyle Heights,2025-06-30,2255.24360028516,179.0,-0.814383756602044,56305.41,0.7812,0,6,2286.5639544998494,2335.921582836153,-3.4537967003600345
Boyle Heights,2025-07-31,2219.761301423922,169.0,-0.787589879310624,56305.41,0.7812,0,7,2255.24360028516,2292.027363389391,-3.152931902985845
Boyle Heights,2025-08-31,2302.5242908749524,171.0,0.4499509874817287,56305.41,0.7812,0,8,2219.761301423922,2279.732460433327,0.9997589996719736
Boyle Heights,2025-09-30,2316.55301210939,173.0,0.0159976963317376,56305.41,0.7812,0,9,2302.5242908749524,2265.9242237048297,2.2343548771362354
Boyle Heights,2025-10-31,2327.909794212803,160.0,1.0332858810921497,56305.41,0.7812,0,10,2316.55301210939,2240.7826044699837,3.8882482204661395
Boyle Heights,2025-11-30,2366.2267879205283,149.0,0.3467109950130442,56305.41,0.7812,0,11,2327.909794212803,2268.9415365073587,4.2876931753351055
Boyle Heights,2025-12-31,2360.0496496870337,143.0,-0.0110437965417098,56305.41,0.7812,0,12,2366.2267879205283,2296.0972780474845,2.7852640326254896
Brentwood,2019-01-31,3045.893329243757,0.0,,129688.0,0.4897,0,1,,,
Brentwood,2019-02-28,3028.825668724813,0.0,0.8200448182910547,129688.0,0.4897,0,2,3045.893329243757,,
Brentwood,2019-03-31,3062.178420988425,0.0,0.1562323835907708,129688.0,0.4897,0,3,3028.825668724813,,
Brentwood,2019-04-30,3070.0576554224785,0.0,-0.0675414897722825,129688.0,0.4897,0,4,3062.178420988425,,
Brentwood,2019-05-31,3122.3914309877364,0.0,0.1914968942100525,129688.0,0.4897,0,5,3070.0576554224785,,
Brentwood,2019-06-30,3144.326214336315,0.0,0.1204606414930697,129688.0,0.4897,0,6,3122.3914309877364,,
Brentwood,2019-07-31,3130.111021454457,0.0,-0.9737551334702332,129688.0,0.4897,0,7,3144.326214336315,,
Brentwood,2019-08-31,3119.439946882675,0.0,0.4260558246529156,129688.0,0.4897,0,8,3130.111021454457,,
Brentwood,2019-09-30,3125.437038324926,0.0,0.6049167634533559,129688.0,0.4897,0,9,3119.439946882675,,
Brentwood,2019-10-31,3172.8455761479577,0.0,0.8626356887456499,129688.0,0.4897,0,10,3125.437038324926,,
Brentwood,2019-11-30,3163.3040856453654,0.0,0.902948891185118,129688.0,0.4897,0,11,3172.8455761479577,,
Brentwood,2019-12-31,3162.4987658885157,0.0,0.004726419107337,129688.0,0.4897,0,12,3163.3040856453654,,
Brentwood,2020-01-31,3173.6627020058586,97.0,-1.435188102589957,133032.0,0.4672,0,1,3162.4987658885157,3045.893329243757,4.194807859335792
Brentwood,2020-02-29,3176.717694263088,203.0,0.7975705266522803,133032.0,0.4672,0,2,3173.6627020058586,3028.825668724813,4.882817359393954
Brentwood,2020-03-31,3168.715345537903,278.0,-1.2907522516808267,133032.0,0.4672,1,3,3176.717694263088,3062.178420988425,3.4791220465556494
Brentwood,2020-04-30,3148.992693278884,312.0,-15.616064257028118,133032.0,0.4672,1,4,3168.715345537903,3070.0576554224785,2.571125585116829
Brentwood,2020-05-31,3127.610257310013,376.0,0.8776104627919779,133032.0,0.4672,1,5,3148.992693278884,3122.3914309877364,0.16714196274314475
Brentwood,2020-06-30,3101.5834156983956,454.0,3.093036421966411,133032.0,0.4672,1,6,3127.610257310013,3144.326214336315,-1.3593627290653498
Brentwood,2020-07-31,3110.805518502678,450.0,-0.5711252265280353,133032.0,0.4672,1,7,3101.5834156983956,3130.111021454457,-0.6167673548783115
Brentwood,2020-08-31,3100.9323347992063,404.0,0.5744058029714338,133032.0,0.4672,1,8,3110.805518502678,3119.439946882675,-0.5932991946828059
Brentwood,2020-09-30,3119.0666411920724,420.0,1.3985245931648072,133032.0,0.4672,1,9,3100.9323347992063,3125.437038324926,-0.20382420297507808
Brentwood,2020-10-31,3076.665293729204,440.0,2.83790370624446,133032.0,0.4672,1,10,3119.0666411920724,3172.8455761479577,-3.031357187434336
Brentwood,2020-11-30,3057.8182371647554,435.0,1.1357851312209233,133032.0,0.4672,1,11,3076.665293729204,3163.3040856453654,-3.3346730388422063
Brentwood,2020-12-31,3025.3399486053822,401.0,-0.7984447684510121,133032.0,0.4672,1,12,3057.8182371647554,3162.4987658885157,-4.337039393107811
Brentwood,2021-01-31,3033.0653149220816,382.0,-2.9640257558790517,143000.0,0.4618,1,1,3025.3399486053822,3173.6627020058586,-4.430130114171071
Brentwood,2021-02-28,3058.203094763271,369.0,2.232319953838946,143000.0,0.4618,1,2,3033.0653149220816,3176.717694263088,-3.7307249465020287
Brentwood,2021-03-31,3070.4967671943937,366.0,0.9489205587695616,143000.0,0.4618,1,3,3058.203094763271,3168.715345537903,-3.0996340041025805
Brentwood,2021-04-30,3060.2226149402854,394.0,1.450186951811849,143000.0,0.4618,1,4,3070.4967671943937,3148.992693278884,-2.8189991843444617
Brentwood,2021-05-31,3069.53900859585,408.0,0.9334527418021654,143000.0,0.4618,1,5,3060.2226149402854,3127.610257310013,-1.856729065855811
Brentwood,2021-06-30,3130.266449081982,450.0,0.0238883390778932,143000.0,0.4618,1,6,3069.53900859585,3101.5834156983956,0.9247867795013853
Brentwood,2021-07-31,3179.316219642095,447.0,0.4861821903787033,143000.0,0.4618,0,7,3130.266449081982,3110.805518502678,2.202346007550915
Brentwood,2021-08-31,3245.85397915691,482.0,1.0474492827434068,143000.0,0.4618,0,8,3179.316219642095,3100.9323347992063,4.6734861877303135
Brentwood,2021-09-30,3281.6182533617243,462.0,-0.0151204596619658,143000.0,0.4618,0,9,3245.85397915691,3119.0666411920724,5.2115466217652395
Brentwood,2021-10-31,3345.930844317237,470.0,2.619595718582479,143000.0,0.4618,0,10,3281.6182533617243,3076.665293729204,8.751863621201972
Brentwood,2021-11-30,3383.938145252666,468.0,0.9758973015457252,143000.0,0.4618,0,11,3345.930844317237,3057.8182371647554,10.665117505162524
Brentwood,2021-12-31,3412.931729763789,440.0,0.1962119737951573,143000.0,0.4618,0,12,3383.938145252666,3025.3399486053822,12.811511689358369
Brentwood,2022-01-31,3417.4594609709707,432.0,-2.264157050607707,161605.0,0.4556,0,1,3412.931729763789,3033.0653149220816,12.673454282627738
Brentwood,2022-02-28,3426.715850623776,402.0,1.5731081304851902,161605.0,0.4556,0,2,3417.4594609709707,3058.203094763271,12.049976552948017
Brentwood,2022-03-31,3425.253612272422,446.0,0.283664819041407,161605.0,0.4556,0,3,3426.715850623776,3070.4967671943937,11.553728011320462
Brentwood,2022-04-30,3463.9723684750907,446.0,0.6047403843027821,161605.0,0.4556,0,4,3425.253612272422,3060.2226149402854,13.193476564863694
Brentwood,2022-05-31,3494.8033075793333,470.0,0.252076398539236,161605.0,0.4556,0,5,3463.9723684750907,3069.53900859585,13.854337664143856
Brentwood,2022-06-30,3562.110630344009,499.0,-0.1128267947519412,161605.0,0.4556,0,6,3494.8033075793333,3130.266449081982,13.795764299511148
Brentwood,2022-07-31,3609.153577940744,504.0,-0.4437487897760328,161605.0,0.4556,0,7,3562.110630344009,3179.316219642095,13.519805159457764
Brentwood,2022-08-31,3648.0739513314174,565.0,0.3338898163605996,161605.0,0.4556,0,8,3609.153577940744,3245.85397915691,12.391807356626106
Brentwood,2022-09-30,3657.1852144657864,520.0,0.4539359966398981,161605.0,0.4556,0,9,3648.0739513314174,3281.6182533617243,11.444565824173104
Brentwood,2022-10-31,3638.14494956574,521.0,0.8603499292422434,161605.0,0.4556,0,10,3657.1852144657864,3345.930844317237,8.73341736111497
Brentwood,2022-11-30,3619.342156558518,505.0,0.534128414037216,161605.0,0.4556,0,11,3638.14494956574,3383.938145252666,6.956510468020838
Brentwood,2022-12-31,3631.56658478258,491.0,0.0301329019570584,161605.0,0.4556,0,12,3619.342156558518,3412.931729763789,6.406071739205954
Brentwood,2023-01-31,3663.315374776227,485.0,-2.199039208536135,169898.0,0.473,0,1,3631.56658478258,3417.4594609709707,7.194113539986335
Brentwood,2023-02-28,3669.1566014852183,424.0,0.5495574360470767,169898.0,0.473,0,2,3663.315374776227,3426.715850623776,7.07501763874907
Brentwood,2023-03-31,3678.411271995236,441.0,0.0225715437323525,169898.0,0.473,0,3,3669.1566014852183,3425.253612272422,7.390917239405859
Brentwood,2023-04-30,3631.0616873869417,414.0,0.1144441399764772,169898.0,0.473,0,4,3678.411271995236,3463.9723684750907,4.823633133811844
Brentwood,2023-05-31,3666.67052950579,421.0,0.4685235871840332,169898.0,0.473,0,5,3631.0616873869417,3494.8033075793333,4.917793844183471
Brentwood,2023-06-30,3704.3195208026577,438.0,-0.3124949920674358,169898.0,0.473,0,6,3666.67052950579,3562.110630344009,3.9922648456573784
Brentwood,2023-07-31,3750.666562056793,443.0,-0.8938044561617953,169898.0,0.473,0,7,3704.3195208026577,3609.153577940744,3.920946589277352
Brentwood,2023-08-31,3766.4004652794497,492.0,0.2789943227899494,169898.0,0.473,0,8,3750.666562056793,3648.0739513314174,3.2435338627071264
Brentwood,2023-09-30,3754.196103937899,490.0,0.53217301284334,169898.0,0.473,0,9,3766.4004652794497,3657.1852144657864,2.6526107862514525
Brentwood,2023-10-31,3771.66099129456,516.0,0.859197760293462,169898.0,0.473,0,10,3754.196103937899,3638.14494956574,3.6698934094079316
Brentwood,2023-11-30,3725.922227663339,510.0,0.5695142378559392,169898.0,0.473,0,11,3771.66099129456,3619.342156558518,2.944735990536018
Brentwood,2023-12-31,3753.154322557541,484.0,0.420354684178803,169898.0,0.473,0,12,3725.922227663339,3631.56658478258,3.3480795391292784
Brentwood,2024-01-31,3763.096237571722,490.0,-1.123098551502988,169898.0,0.473,0,1,3753.154322557541,3663.315374776227,2.7237857674645483
Brentwood,2024-02-29,3802.016837592126,445.0,0.2044859096427709,169898.0,0.473,0,2,3763.096237571722,3669.1566014852183,3.621002059523115
Brentwood,2024-03-31,3777.414573834712,443.0,0.1004400229577262,169898.0,0.473,0,3,3802.016837592126,3678.411271995236,2.6914690750655224
Brentwood,2024-04-30,3796.015758311913,439.0,-0.0525586506760933,169898.0,0.473,0,4,3777.414573834712,3631.0616873869417,4.54286060459852
Brentwood,2024-05-31,3826.5048799675337,450.0,0.1099531503967909,169898.0,0.473,0,5,3796.015758311913,3666.67052950579,4.3591140566231035
Brentwood,2024-06-30,3798.287684922525,460.0,-0.6287506168123125,169898.0,0.473,0,6,3826.5048799675337,3704.3195208026577,2.536718649462122
Brentwood,2024-07-31,3804.846164930029,481.0,-0.2899340039725806,169898.0,0.473,0,7,3798.287684922525,3750.666562056793,1.4445326444461282
Brentwood,2024-08-31,3822.103258745948,519.0,0.2811380468135116,169898.0,0.473,0,8,3804.846164930029,3766.4004652794497,1.478939745786323
Brentwood,2024-09-30,3859.965703085895,533.0,0.437345807567846,169898.0,0.473,0,9,3822.103258745948,3754.196103937899,2.817370116522433
Brentwood,2024-10-31,3855.492811107409,534.0,1.4371161974639168,169898.0,0.473,0,10,3859.965703085895,3771.66099129456,2.2226764284049683
Brentwood,2024-11-30,3803.711627608961,513.0,0.5173281338448854,169898.0,0.473,0,11,3855.492811107409,3725.922227663339,2.0877891483635835
Brentwood,2024-12-31,3799.869810242689,505.0,-0.5756746186937889,169898.0,0.473,0,12,3803.711627608961,3753.154322557541,1.2446993560689457
Brentwood,2025-01-31,3874.6517558727505,476.0,-2.0957565649731724,169898.0,0.473,0,1,3799.869810242689,3763.096237571722,2.964460945410563
Brentwood,2025-02-28,4026.015732552558,454.0,0.6219365206910465,169898.0,0.473,0,2,3874.6517558727505,3802.016837592126,5.891580824831211
Brentwood,2025-03-31,4109.859803840807,450.0,0.0734683447262574,169898.0,0.473,0,3,4026.015732552558,3777.414573834712,8.80086692916544
Brentwood,2025-04-30,4100.8081680578025,429.0,0.7261642567589099,169898.0,0.473,0,4,4109.859803840807,3796.015758311913,8.029271455960195
Brentwood,2025-05-31,4085.6348356522017,435.0,0.1980574525058287,169898.0,0.473,0,5,4100.8081680578025,3826.5048799675337,6.771975048072232
Brentwood,2025-06-30,4106.81759340574,440.0,-0.814383756602044,169898.0,0.473,0,6,4085.6348356522017,3798.287684922525,8.122868357442714
Brentwood,2025-07-31,4098.353713674172,477.0,-0.787589879310624,169898.0,0.473,0,7,4106.81759340574,3804.846164930029,7.7140450893772305
Brentwood,2025-08-31,4101.10981369469,494.0,0.4499509874817287,169898.0,0.473,0,8,4098.353713674172,3822.103258745948,7.299817301123501
Brentwood,2025-09-30,4094.342538208077,502.0,0.0159976963317376,169898.0,0.473,0,9,4101.10981369469,3859.965703085895,6.071992684670913
Brentwood,2025-10-31,4100.697552697363,521.0,1.0332858810921497,169898.0,0.473,0,10,4094.342538208077,3855.492811107409,6.359880658667971
Brentwood,2025-11-30,4067.5606830631264,502.0,0.3467109950130442,169898.0,0.473,0,11,4100.697552697363,3803.711627608961,6.936620892578627
Brentwood,2025-12-31,4043.861923728128,492.0,-0.0110437965417098,169898.0,0.473,0,12,4067.5606830631264,3799.869810242689,6.421065080381161
Culver City,2019-01-31,2856.045903516944,0.0,,87063.12,0.5136,0,1,,,
Culver City,2019-02-28,2856.045903516944,0.0,0.8200448182910547,87063.12,0.5136,0,2,2856.045903516944,,
Culver City,2019-03-31,2967.0349031330966,0.0,0.1562323835907708,87063.12,0.5136,0,3,2856.045903516944,,
Culver City,2019-04-30,2964.018398733553,0.0,-0.0675414897722825,87063.12,0.5136,0,4,2967.0349031330966,,
Culver City,2019-05-31,2996.4432844154553,0.0,0.1914968942100525,87063.12,0.5136,0,5,2964.018398733553,,
Culver City,2019-06-30,2957.8625719726774,0.0,0.1204606414930697,87063.12,0.5136,0,6,2996.4432844154553,,
Culver City,2019-07-31,2950.3426080320064,0.0,-0.9737551334702332,87063.12,0.5136,0,7,2957.8625719726774,,
Culver City,2019-08-31,2981.989566714861,0.0,0.4260558246529156,87063.12,0.5136,0,8,2950.3426080320064,,
Culver City,2019-09-30,3029.3441693854747,0.0,0.6049167634533559,87063.12,0.5136,0,9,2981.989566714861,,
Culver City,2019-10-31,3059.744514251264,0.0,0.8626356887456499,87063.12,0.5136,0,10,3029.3441693854747,,
Culver City,2019-11-30,3016.4101887568554,0.0,0.902948891185118,87063.12,0.5136,0,11,3059.744514251264,,
Culver City,2019-12-31,2967.105598847804,0.0,0.004726419107337,87063.12,0.5136,0,12,3016.4101887568554,,
Culver City,2020-01-31,2735.2844373346156,19.0,-1.435188102589957,90774.81,0.4977,0,1,2967.105598847804,2856.045903516944,-4.228274693821343
Culver City,2020-02-29,2757.898653486156,29.0,0.7975705266522803,90774.81,0.4977,0,2,2735.2844373346156,2856.045903516944,-3.4364731291583572
Culver City,2020-03-31,2767.758699728899,42.0,-1.2907522516808267,90774.81,0.4977,1,3,2757.898653486156,2967.0349031330966,-6.716341732069553
Culver City,2020-04-30,2764.4094311936556,46.0,-15.616064257028118,90774.81,0.4977,1,4,2767.758699728899,2964.018398733553,-6.734403795374055
Culver City,2020-05-31,2737.1978711875227,50.0,0.8776104627919779,90774.81,0.4977,1,5,2764.4094311936556,2996.4432844154553,-8.651771070597992
Culver City,2020-06-30,2688.6155238284305,75.0,3.093036421966411,90774.81,0.4977,1,6,2737.1978711875227,2957.8625719726774,-9.102757196886223
Culver City,2020-07-31,2713.978052565497,70.0,-0.5711252265280353,90774.81,0.4977,1,7,2688.6155238284305,2950.3426080320064,-8.011427378740056
Culver City,2020-08-31,2688.8318858155367,70.0,0.5744058029714338,90774.81,0.4977,1,8,2713.978052565497,2981.989566714861,-9.830942541569144
Culver City,2020-09-30,2721.904788011685,71.0,1.3985245931648072,90774.81,0.4977,1,9,2688.8318858155367,3029.3441693854747,-10.148710882070432
Culver City,2020-10-31,2674.80486406254,88.0,2.83790370624446,90774.81,0.4977,1,10,2721.904788011685,3059.744514251264,-12.580777525568031
Culver City,2020-11-30,2690.280509371276,98.0,1.1357851312209233,90774.81,0.4977,1,11,2674.80486406254,3016.4101887568554,-10.811847824979882
Culver City,2020-12-31,2635.4460776075625,82.0,-0.7984447684510121,90774.81,0.4977,1,12,2690.280509371276,2967.105598847804,-11.177880604216861
Culver City,2021-01-31,2655.0121217926567,82.0,-2.9640257558790517,99686.87,0.4751,1,1,2635.4460776075625,2735.2844373346156,-2.934697190767477
Culver City,2021-02-28,2674.87209973282,77.0,2.232319953838946,99686.87,0.4751,1,2,2655.0121217926567,2757.898653486156,-3.0105005362827675
Culver City,2021-03-31,2674.0487136393867,83.0,0.9489205587695616,99686.87,0.4751,1,3,2674.87209973282,2767.758699728899,-3.3857715305417035
Culver City,2021-04-30,2673.3735907090586,76.0,1.450186951811849,99686.87,0.4751,1,4,2674.0487136393867,2764.4094311936556,-3.2931388331028932
Culver City,2021-05-31,2686.531376763969,73.0,0.9334527418021654,99686.87,0.4751,1,5,2673.3735907090586,2737.1978711875227,-1.8510351391429425
Culver City,2021-06-30,2743.7162922800917,81.0,0.0238883390778932,99686.87,0.4751,1,6,2686.531376763969,2688.6155238284305,2.0494104851853656
Culver City,2021-07-31,2781.838292907273,76.0,0.4861821903787033,99686.87,0.4751,0,7,2743.7162922800917,2713.978052565497,2.5003975355522456
Culver City,2021-08-31,2829.927316198087,83.0,1.0474492827434068,99686.87,0.4751,0,8,2781.838292907273,2688.8318858155367,5.247461960224231
Culver City,2021-09-30,2862.611214200787,71.0,-0.0151204596619658,99686.87,0.4751,0,9,2829.927316198087,2721.904788011685,5.169410289765719
Culver City,2021-10-31,2911.3602699475855,72.0,2.619595718582479,99686.87,0.4751,0,10,2862.611214200787,2674.80486406254,8.843837883775961
Culver City,2021-11-30,2914.2141616019735,77.0,0.9758973015457252,99686.87,0.4751,0,11,2911.3602699475855,2690.280509371276,8.323803092303983
Culver City,2021-12-31,2911.5651159178906,75.0,0.1962119737951573,99686.87,0.4751,0,12,2914.2141616019735,2635.4460776075625,10.477127217908656
Culver City,2022-01-31,2941.767476528538,78.0,-2.264157050607707,109698.72,0.4719,0,1,2911.5651159178906,2655.0121217926567,10.800529021399141
Culver City,2022-02-28,2963.412818619845,76.0,1.5731081304851902,109698.72,0.4719,0,2,2941.767476528538,2674.87209973282,10.787084695221338
Culver City,2022-03-31,3005.3143087283643,83.0,0.283664819041407,109698.72,0.4719,0,3,2963.412818619845,2674.0487136393867,12.388166056934846
Culver City,2022-04-30,3046.813531912784,79.0,0.6047403843027821,109698.72,0.4719,0,4,3005.3143087283643,2673.3735907090586,13.968864752070731
Culver City,2022-05-31,3089.5960525519204,75.0,0.252076398539236,109698.72,0.4719,0,5,3046.813531912784,2686.531376763969,15.003162787306001
Culver City,2022-06-30,3138.4167173387523,68.0,-0.1128267947519412,109698.72,0.4719,0,6,3089.5960525519204,2743.7162922800917,14.385613635389948
Culver City,2022-07-31,3126.1533182606317,71.0,-0.4437487897760328,109698.72,0.4719,0,7,3138.4167173387523,2781.838292907273,12.377248031679011
Culver City,2022-08-31,3138.6954085138177,75.0,0.3338898163605996,109698.72,0.4719,0,8,3126.1533182606317,2829.927316198087,10.910813523315177
Culver City,2022-09-30,3125.932460314614,66.0,0.4539359966398981,109698.72,0.4719,0,9,3138.6954085138177,2862.611214200787,9.198638110811142
Culver City,2022-10-31,3111.6865680999385,70.0,0.8603499292422434,109698.72,0.4719,0,10,3125.932460314614,2911.3602699475855,6.88084879841957
Culver City,2022-11-30,3081.216757882349,70.0,0.534128414037216,109698.72,0.4719,0,11,3111.6865680999385,2914.2141616019735,5.73062194538827
Culver City,2022-12-31,3051.4845699038024,74.0,0.0301329019570584,109698.72,0.4719,0,12,3081.216757882349,2911.5651159178906,4.805643989239838
Culver City,2023-01-31,3075.479006597723,72.0,-2.199039208536135,113310.09,0.4803,0,1,3051.4845699038024,2941.767476528538,4.545278684873244
Culver City,2023-02-28,3104.7114194070327,70.0,0.5495574360470767,113310.09,0.4803,0,2,3075.479006597723,2963.412818619845,4.76810385307691
Culver City,2023-03-31,3156.342028391979,78.0,0.0225715437323525,113310.09,0.4803,0,3,3104.7114194070327,3005.3143087283643,5.025355225740724
Culver City,2023-04-30,3165.44024270078,77.0,0.1144441399764772,113310.09,0.4803,0,4,3156.342028391979,3046.813531912784,3.893468029647429
Culver City,2023-05-31,3172.861676064267,93.0,0.4685235871840332,113310.09,0.4803,0,5,3165.44024270078,3089.5960525519204,2.69503268699387
Culver City,2023-06-30,3167.545603934899,90.0,-0.3124949920674358,113310.09,0.4803,0,6,3172.861676064267,3138.4167173387523,0.9281395435863926
Culver City,2023-07-31,3167.477552295618,96.0,-0.8938044561617953,113310.09,0.4803,0,7,3167.545603934899,3126.1533182606317,1.3218876308337402
Culver City,2023-08-31,3202.6282335609803,97.0,0.2789943227899494,113310.09,0.4803,0,8,3167.477552295618,3138.6954085138177,2.0369235215925263
Culver City,2023-09-30,3222.6924515857436,91.0,0.53217301284334,113310.09,0.4803,0,9,3202.6282335609803,3125.932460314614,3.0953960937911917
Culver City,2023-10-31,3220.2741647495513,92.0,0.859197760293462,113310.09,0.4803,0,10,3222.6924515857436,3111.6865680999385,3.489670128181288
Culver City,2023-11-30,3165.2739752620337,79.0,0.5695142378559392,113310.09,0.4803,0,11,3220.2741647495513,3081.216757882349,2.7280527137420574
Culver City,2023-12-31,3108.629674164341,85.0,0.420354684178803,113310.09,0.4803,0,12,3165.2739752620337,3051.4845699038024,1.8726984505885946
Culver City,2024-01-31,3094.158739259275,77.0,-1.123098551502988,113310.09,0.4803,0,1,3108.629674164341,3075.479006597723,0.6073763671115673
Culver City,2024-02-29,3152.8963606458897,75.0,0.2044859096427709,113310.09,0.4803,0,2,3094.158739259275,3104.7114194070327,1.5519942026708478
Culver City,2024-03-31,3225.451527491306,89.0,0.1004400229577262,113310.09,0.4803,0,3,3152.8963606458897,3156.342028391979,2.189544050602632
Culver City,2024-04-30,3246.128008784071,83.0,-0.0525586506760933,113310.09,0.4803,0,4,3225.451527491306,3165.44024270078,2.5490219336583575
Culver City,2024-05-31,3246.88216187527,89.0,0.1099531503967909,113310.09,0.4803,0,5,3246.128008784071,3172.861676064267,2.3329250805166124
Culver City,2024-06-30,3255.9987802448395,91.0,-0.6287506168123125,113310.09,0.4803,0,6,3246.88216187527,3167.545603934899,2.7924831200554445
Culver City,2024-07-31,3281.270538403065,96.0,-0.2899340039725806,113310.09,0.4803,0,7,3255.9987802448395,3167.477552295618,3.5925427798209952
Culver City,2024-08-31,3262.585128053902,99.0,0.2811380468135116,113310.09,0.4803,0,8,3281.270538403065,3202.6282335609803,1.872115341537972
Culver City,2024-09-30,3251.0028923357895,93.0,0.437345807567846,113310.09,0.4803,0,9,3262.585128053902,3222.6924515857436,0.8784716871172549
Culver City,2024-10-31,3246.680886275749,106.0,1.4371161974639168,113310.09,0.4803,0,10,3251.0028923357895,3220.2741647495513,0.8200146998431412
Culver City,2024-11-30,3260.3786573882217,99.0,0.5173281338448854,113310.09,0.4803,0,11,3246.680886275749,3165.2739752620337,3.0046271782307565
Culver City,2024-12-31,3256.9040911623333,95.0,-0.5756746186937889,113310.09,0.4803,0,12,3260.3786573882217,3108.629674164341,4.769767792873281
Culver City,2025-01-31,3306.023753697006,96.0,-2.0957565649731724,113310.09,0.4803,0,1,3256.9040911623333,3094.158739259275,6.847257438655219
Culver City,2025-02-28,3361.3676755030847,89.0,0.6219365206910465,113310.09,0.4803,0,2,3306.023753697006,3152.8963606458897,6.612057327963949
Culver City,2025-03-31,3373.95844649825,88.0,0.0734683447262574,113310.09,0.4803,0,3,3361.3676755030847,3225.451527491306,4.604221075442716
Culver City,2025-04-30,3345.865397537642,79.0,0.7261642567589099,113310.09,0.4803,0,4,3373.95844649825,3246.128008784071,3.0725032556843113
Culver City,2025-05-31,3362.307168182586,79.0,0.1980574525058287,113310.09,0.4803,0,5,3345.865397537642,3246.88216187527,3.554949041964961
Culver City,2025-06-30,3364.344542867948,79.0,-0.814383756602044,113310.09,0.4803,0,6,3362.307168182586,3255.9987802448395,3.327573808702744
Culver City,2025-07-31,3410.6557962363177,80.0,-0.787589879310624,113310.09,0.4803,0,7,3364.344542867948,3281.270538403065,3.943145081119148
Culver City,2025-08-31,3355.759371272833,96.0,0.4499509874817287,113310.09,0.4803,0,8,3410.6557962363177,3262.585128053902,2.855840983818525
Culver City,2025-09-30,3370.1265861568486,98.0,0.0159976963317376,113310.09,0.4803,0,9,3355.759371272833,3251.0028923357895,3.66421371392478
Culver City,2025-10-31,3340.5800293506427,93.0,1.0332858810921497,113310.09,0.4803,0,10,3370.1265861568486,3246.680886275749,2.8921580643118006
Culver City,2025-11-30,3363.911484139534,96.0,0.3467109950130442,113310.09,0.4803,0,11,3340.5800293506427,3260.3786573882217,3.175484740605228
Culver City,2025-12-31,3328.8799649765747,98.0,-0.0110437965417098,113310.09,0.4803,0,12,3363.911484139534,3256.9040911623333,2.2099476005311036
Downtown LA,2019-01-31,2456.087545834608,0.0,,41926.69,0.9358,0,1,,,
Downtown LA,2019-02-28,2469.590241972247,0.0,0.8200448182910547,41926.69,0.9358,0,2,2456.087545834608,,
Downtown LA,2019-03-31,2556.0130385643492,0.0,0.1562323835907708,41926.69,0.9358,0,3,2469.590241972247,,
Downtown LA,2019-04-30,2574.073697213214,0.0,-0.0675414897722825,41926.69,0.9358,0,4,2556.0130385643492,,
Downtown LA,2019-05-31,2574.90708138725,0.0,0.1914968942100525,41926.69,0.9358,0,5,2574.073697213214,,
Downtown LA,2019-06-30,2590.6581872921834,0.0,0.1204606414930697,41926.69,0.9358,0,6,2574.90708138725,,
Downtown LA,2019-07-31,2602.4703843521715,0.0,-0.9737551334702332,41926.69,0.9358,0,7,2590.6581872921834,,
Downtown LA,2019-08-31,2606.848802054161,0.0,0.4260558246529156,41926.69,0.9358,0,8,2602.4703843521715,,
Downtown LA,2019-09-30,2596.4950284045176,0.0,0.6049167634533559,41926.69,0.9358,0,9,2606.848802054161,,
Downtown LA,2019-10-31,2580.8912078041826,0.0,0.8626356887456499,41926.69,0.9358,0,10,2596.4950284045176,,
Downtown LA,2019-11-30,2570.5136967951153,0.0,0.902948891185118,41926.69,0.9358,0,11,2580.8912078041826,,
Downtown LA,2019-12-31,2546.289322732487,0.0,0.004726419107337,41926.69,0.9358,0,12,2570.5136967951153,,
Downtown LA,2020-01-31,2536.5420805956533,8.0,-1.435188102589957,43360.5,0.9439,0,1,2546.289322732487,2456.087545834608,3.2757193406029783
Downtown LA,2020-02-29,2518.414148205315,24.0,0.7975705266522803,43360.5,0.9439,0,2,2536.5420805956533,2469.590241972247,1.977004338747168
Downtown LA,2020-03-31,2540.8169947399015,33.0,-1.2907522516808267,43360.5,0.9439,1,3,2518.414148205315,2556.0130385643492,-0.5945213735287891
Downtown LA,2020-04-30,2507.6585348789863,52.0,-15.616064257028118,43360.5,0.9439,1,4,2540.8169947399015,2574.073697213214,-2.5801577633978057
Downtown LA,2020-05-31,2477.706613452134,61.0,0.8776104627919779,43360.5,0.9439,1,5,2507.6585348789863,2574.90708138725,-3.7749116710940944
Downtown LA,2020-06-30,2418.1445260036385,82.0,3.093036421966411,43360.5,0.9439,1,6,2477.706613452134,2590.6581872921834,-6.659066878632114
Downtown LA,2020-07-31,2388.4549293004206,99.0,-0.5711252265280353,43360.5,0.9439,1,7,2418.1445260036385,2602.4703843521715,-8.22355006760338
Downtown LA,2020-08-31,2367.4511878549274,94.0,0.5744058029714338,43360.5,0.9439,1,8,2388.4549293004206,2606.848802054161,-9.18341002403329
Downtown LA,2020-09-30,2337.481423395392,93.0,1.3985245931648072,43360.5,0.9439,1,9,2367.4511878549274,2596.4950284045176,-9.975509376125514
Downtown LA,2020-10-31,2325.2799624678396,81.0,2.83790370624446,43360.5,0.9439,1,10,2337.481423395392,2580.8912078041826,-9.903991480284692
Downtown LA,2020-11-30,2313.245024080259,85.0,1.1357851312209233,43360.5,0.9439,1,11,2325.2799624678396,2570.5136967951153,-10.008453681286177
Downtown LA,2020-12-31,2308.744769698758,70.0,-0.7984447684510121,43360.5,0.9439,1,12,2313.245024080259,2546.289322732487,-9.329047995960416
Downtown LA,2021-01-31,2299.0512675796103,58.0,-2.9640257558790517,47617.28,0.9468,1,1,2308.744769698758,2536.5420805956533,-9.36277836006857
Downtown LA,2021-02-28,2294.52277793179,60.0,2.232319953838946,47617.28,0.9468,1,2,2299.0512675796103,2518.414148205315,-8.890172826938548
Downtown LA,2021-03-31,2298.4162825808394,63.0,0.9489205587695616,47617.28,0.9468,1,3,2294.52277793179,2540.8169947399015,-9.54026648361096
Downtown LA,2021-04-30,2308.122679960351,71.0,1.450186951811849,47617.28,0.9468,1,4,2298.4162825808394,2507.6585348789863,-7.957058432928332
Downtown LA,2021-05-31,2339.5858920236456,70.0,0.9334527418021654,47617.28,0.9468,1,5,2308.122679960351,2477.706613452134,-5.574538998224976
Downtown LA,2021-06-30,2404.5864920592867,72.0,0.0238883390778932,47617.28,0.9468,1,6,2339.5858920236456,2418.1445260036385,-0.5606792232041857
Downtown LA,2021-07-31,2481.937462734271,77.0,0.4861821903787033,47617.28,0.9468,0,7,2404.5864920592867,2388.4549293004206,3.913933325140495
Downtown LA,2021-08-31,2559.8973084290865,86.0,1.0474492827434068,47617.28,0.9468,0,8,2481.937462734271,2367.4511878549274,8.128831612723907
Downtown LA,2021-09-30,2593.0354989677057,91.0,-0.0151204596619658,47617.28,0.9468,0,9,2559.8973084290865,2337.481423395392,10.932881562801878
Downtown LA,2021-10-31,2600.3790786166505,86.0,2.619595718582479,47617.28,0.9468,0,10,2593.0354989677057,2325.2799624678396,11.830795456425204
Downtown LA,2021-11-30,2600.9716253219553,91.0,0.9758973015457252,47617.28,0.9468,0,11,2600.3790786166505,2313.245024080259,12.438224150340304
Downtown LA,2021-12-31,2626.42786272274,104.0,0.1962119737951573,47617.28,0.9468,0,12,2600.9716253219553,2308.744769698758,13.75999188794841
Downtown LA,2022-01-31,2660.264283376211,92.0,-2.264157050607707,50131.25,0.9432,0,1,2626.42786272274,2299.0512675796103,15.711394560456139
Downtown LA,2022-02-28,2672.1737632577656,81.0,1.5731081304851902,50131.25,0.9432,0,2,2660.264283376211,2294.52277793179,16.458803066072768
Downtown LA,2022-03-31,2663.378885559106,81.0,0.283664819041407,50131.25,0.9432,0,3,2672.1737632577656,2298.4162825808394,15.878873019836881
Downtown LA,2022-04-30,2669.7815653435205,87.0,0.6047403843027821,50131.25,0.9432,0,4,2663.378885559106,2308.122679960351,15.66896285553514
Downtown LA,2022-05-31,2671.225959489719,87.0,0.252076398539236,50131.25,0.9432,0,5,2669.7815653435205,2339.5858920236456,14.175161023014148
Downtown LA,2022-06-30,2653.84462230737,80.0,-0.1128267947519412,50131.25,0.9432,0,6,2671.225959489719,2404.5864920592867,10.365945707139822
Downtown LA,2022-07-31,2669.733512817101,85.0,-0.4437487897760328,50131.25,0.9432,0,7,2653.84462230737,2481.937462734271,7.566510151949646
Downtown LA,2022-08-31,2665.512059674887,94.0,0.3338898163605996,50131.25,0.9432,0,8,2669.733512817101,2559.8973084290865,4.125741720108778
Downtown LA,2022-09-30,2673.4339629620085,101.0,0.4539359966398981,50131.25,0.9432,0,9,2665.512059674887,2593.0354989677057,3.1005539270985594
Downtown LA,2022-10-31,2660.9609644945526,96.0,0.8603499292422434,50131.25,0.9432,0,10,2673.4339629620085,2600.3790786166505,2.329732859954037
Downtown LA,2022-11-30,2654.7381085659176,95.0,0.534128414037216,50131.25,0.9432,0,11,2660.9609644945526,2600.9716253219553,2.0671691578837192
Downtown LA,2022-12-31,2623.6692392415607,95.0,0.0301329019570584,50131.25,0.9432,0,12,2654.7381085659176,2626.42786272274,-0.10503328571603854
Downtown LA,2023-01-31,2617.81078940254,92.0,-2.199039208536135,57165.85,0.9323,0,1,2623.6692392415607,2660.264283376211,-1.5958374601711345
Downtown LA,2023-02-28,2617.8420704121063,83.0,0.5495574360470767,57165.85,0.9323,0,2,2617.81078940254,2672.1737632577656,-2.0332395143129123
Downtown LA,2023-03-31,2633.693713763048,73.0,0.0225715437323525,57165.85,0.9323,0,3,2617.8420704121063,2663.378885559106,-1.114568113346981
Downtown LA,2023-04-30,2640.362276428245,76.0,0.1144441399764772,57165.85,0.9323,0,4,2633.693713763048,2669.7815653435205,-1.1019361769954439
Downtown LA,2023-05-31,2651.494454840615,86.0,0.4685235871840332,57165.85,0.9323,0,5,2640.362276428245,2671.225959489719,-0.7386684970998592
Downtown LA,2023-06-30,2637.0967546634233,87.0,-0.3124949920674358,57165.85,0.9323,0,6,2651.494454840615,2653.84462230737,-0.6310794348384108
Downtown LA,2023-07-31,2624.2829657967036,94.0,-0.8938044561617953,57165.85,0.9323,0,7,2637.0967546634233,2669.733512817101,-1.7024375954451831
Downtown LA,2023-08-31,2602.0216876406225,97.0,0.2789943227899494,57165.85,0.9323,0,8,2624.2829657967036,2665.512059674887,-2.3819202694587815
Downtown LA,2023-09-30,2578.756649063352,94.0,0.53217301284334,57165.85,0.9323,0,9,2602.0216876406225,2673.4339629620085,-3.5414121018257583
Downtown LA,2023-10-31,2546.23822931615,94.0,0.859197760293462,57165.85,0.9323,0,10,2578.756649063352,2660.9609644945526,-4.311327250161079
Downtown LA,2023-11-30,2512.088875125936,79.0,0.5695142378559392,57165.85,0.9323,0,11,2546.23822931615,2654.7381085659176,-5.373382518588265
Downtown LA,2023-12-31,2496.929056253853,75.0,0.420354684178803,57165.85,0.9323,0,12,2512.088875125936,2623.6692392415607,-4.830646374630099
Downtown LA,2024-01-31,2506.6798083220024,74.0,-1.123098551502988,57165.85,0.9323,0,1,2496.929056253853,2617.81078940254,-4.245187678590822
Downtown LA,2024-02-29,2529.762735246027,67.0,0.2044859096427709,57165.85,0.9323,0,2,2506.6798083220024,2617.8420704121063,-3.3645778773894297
Downtown LA,2024-03-31,2556.899686746101,65.0,0.1004400229577262,57165.85,0.9323,0,3,2529.762735246027,2633.693713763048,-2.9158298330455024
Downtown LA,2024-04-30,2570.7123111956166,62.0,-0.0525586506760933,57165.85,0.9323,0,4,2556.899686746101,2640.362276428245,-2.637894271343988
Downtown LA,2024-05-31,2580.399780297458,62.0,0.1099531503967909,57165.85,0.9323,0,5,2570.7123111956166,2651.494454840615,-2.6813057976932675
Downtown LA,2024-06-30,2592.7865570031904,60.0,-0.6287506168123125,57165.85,0.9323,0,6,2580.399780297458,2637.0967546634233,-1.6802643885505897
Downtown LA,2024-07-31,2602.95281936464,55.0,-0.2899340039725806,57165.85,0.9323,0,7,2592.7865570031904,2624.2829657967036,-0.8127990277751129
Downtown LA,2024-08-31,2597.5070611645115,57.0,0.2811380468135116,57165.85,0.9323,0,8,2602.95281936464,2602.0216876406225,-0.17350456752743826
Downtown LA,2024-09-30,2584.8193063475824,60.0,0.437345807567846,57165.85,0.9323,0,9,2597.5070611645115,2578.756649063352,0.23510001559985394
Downtown LA,2024-10-31,2574.1432669806454,59.0,1.4371161974639168,57165.85,0.9323,0,10,2584.8193063475824,2546.23822931615,1.095931925897986
Downtown LA,2024-11-30,2570.6708456998895,55.0,0.5173281338448854,57165.85,0.9323,0,11,2574.1432669806454,2512.088875125936,2.332002309075021
Downtown LA,2024-12-31,2550.7479701055795,54.0,-0.5756746186937889,57165.85,0.9323,0,12,2570.6708456998895,2496.929056253853,2.1554042040934585
Downtown LA,2025-01-31,2551.1169393965865,53.0,-2.0957565649731724,57165.85,0.9323,0,1,2550.7479701055795,2506.6798083220024,1.772748594657192
Downtown LA,2025-02-28,2557.8861555187345,55.0,0.6219365206910465,57165.85,0.9323,0,2,2551.1169393965865,2529.762735246027,1.111701895236128
Downtown LA,2025-03-31,2575.38843750813,64.0,0.0734683447262574,57165.85,0.9323,0,3,2557.8861555187345,2556.899686746101,0.7230925349894335
Downtown LA,2025-04-30,2575.21018080403,61.0,0.7261642567589099,57165.85,0.9323,0,4,2575.38843750813,2570.7123111956166,0.17496588742447194
Downtown LA,2025-05-31,2580.265353884868,67.0,0.1980574525058287,57165.85,0.9323,0,5,2575.21018080403,2580.399780297458,-0.005209518835669336
Downtown LA,2025-06-30,2584.122878459392,73.0,-0.814383756602044,57165.85,0.9323,0,6,2580.265353884868,2592.7865570031904,-0.33414545907751725
Downtown LA,2025-07-31,2596.0263617529927,76.0,-0.787589879310624,57165.85,0.9323,0,7,2584.122878459392,2602.95281936464,-0.2661000061206731
Downtown LA,2025-08-31,2593.2298468366193,79.0,0.4499509874817287,57165.85,0.9323,0,8,2596.0263617529927,2597.5070611645115,-0.1646661289911755
Downtown LA,2025-09-30,2596.196573069565,69.0,0.0159976963317376,57165.85,0.9323,0,9,2593.2298468366193,2584.8193063475824,0.44015713957425984
Downtown LA,2025-10-31,2581.1159185328856,77.0,1.0332858810921497,57165.85,0.9323,0,10,2596.196573069565,2574.1432669806454,0.2708727071131012
Downtown LA,2025-11-30,2551.66401213632,72.0,0.3467109950130442,57165.85,0.9323,0,11,2581.1159185328856,2570.6708456998895,-0.7393725103065463
Downtown LA,2025-12-31,2530.686613529449,63.0,-0.0110437965417098,57165.85,0.9323,0,12,2551.66401213632,2550.7479701055795,-0.7864891714605582
Exposition Park,2019-01-31,2114.129695292431,0.0,,35424.0,0.7591,0,1,,,
Exposition Park,2019-02-28,2114.129695292431,0.0,0.8200448182910547,35424.0,0.7591,0,2,2114.129695292431,,
Exposition Park,2019-03-31,2114.129695292431,0.0,0.1562323835907708,35424.0,0.7591,0,3,2114.129695292431,,
Exposition Park,2019-04-30,2114.129695292431,0.0,-0.0675414897722825,35424.0,0.7591,0,4,2114.129695292431,,
Exposition Park,2019-05-31,2114.129695292431,0.0,0.1914968942100525,35424.0,0.7591,0,5,2114.129695292431,,
Exposition Park,2019-06-30,2114.129695292431,0.0,0.1204606414930697,35424.0,0.7591,0,6,2114.129695292431,,
Exposition Park,2019-07-31,2114.129695292431,0.0,-0.9737551334702332,35424.0,0.7591,0,7,2114.129695292431,,
Exposition Park,2019-08-31,2114.129695292431,0.0,0.4260558246529156,35424.0,0.7591,0,8,2114.129695292431,,
Exposition Park,2019-09-30,2114.129695292431,0.0,0.6049167634533559,35424.0,0.7591,0,9,2114.129695292431,,
Exposition Park,2019-10-31,2114.129695292431,0.0,0.8626356887456499,35424.0,0.7591,0,10,2114.129695292431,,
Exposition Park,2019-11-30,2114.129695292431,0.0,0.902948891185118,35424.0,0.7591,0,11,2114.129695292431,,
Exposition Park,2019-12-31,2114.129695292431,0.0,0.004726419107337,35424.0,0.7591,0,12,2114.129695292431,,
Exposition Park,2020-01-31,2114.129695292431,44.0,-1.435188102589957,37945.0,0.7512,0,1,2114.129695292431,2114.129695292431,0.0
Exposition Park,2020-02-29,2114.129695292431,87.0,0.7975705266522803,37945.0,0.7512,0,2,2114.129695292431,2114.129695292431,0.0
Exposition Park,2020-03-31,2114.129695292431,105.0,-1.2907522516808267,37945.0,0.7512,1,3,2114.129695292431,2114.129695292431,0.0
Exposition Park,2020-04-30,2114.129695292431,116.0,-15.616064257028118,37945.0,0.7512,1,4,2114.129695292431,2114.129695292431,0.0
Exposition Park,2020-05-31,2114.129695292431,135.0,0.8776104627919779,37945.0,0.7512,1,5,2114.129695292431,2114.129695292431,0.0
Exposition Park,2020-06-30,2114.129695292431,151.0,3.093036421966411,37945.0,0.7512,1,6,2114.129695292431,2114.129695292431,0.0
Exposition Park,2020-07-31,2114.129695292431,127.0,-0.5711252265280353,37945.0,0.7512,1,7,2114.129695292431,2114.129695292431,0.0
Exposition Park,2020-08-31,2114.129695292431,103.0,0.5744058029714338,37945.0,0.7512,1,8,2114.129695292431,2114.129695292431,0.0
Exposition Park,2020-09-30,2114.129695292431,105.0,1.3985245931648072,37945.0,0.7512,1,9,2114.129695292431,2114.129695292431,0.0
Exposition Park,2020-10-31,2114.129695292431,120.0,2.83790370624446,37945.0,0.7512,1,10,2114.129695292431,2114.129695292431,0.0
Exposition Park,2020-11-30,2114.129695292431,115.0,1.1357851312209233,37945.0,0.7512,1,11,2114.129695292431,2114.129695292431,0.0
Exposition Park,2020-12-31,2114.129695292431,119.0,-0.7984447684510121,37945.0,0.7512,1,12,2114.129695292431,2114.129695292431,0.0
Exposition Park,2021-01-31,2114.129695292431,126.0,-2.9640257558790517,45128.0,0.7502,1,1,2114.129695292431,2114.129695292431,0.0
Exposition Park,2021-02-28,2114.129695292431,130.0,2.232319953838946,45128.0,0.7502,1,2,2114.129695292431,2114.129695292431,0.0
Exposition Park,2021-03-31,2114.129695292431,143.0,0.9489205587695616,45128.0,0.7502,1,3,2114.129695292431,2114.129695292431,0.0
Exposition Park,2021-04-30,2114.129695292431,143.0,1.450186951811849,45128.0,0.7502,1,4,2114.129695292431,2114.129695292431,0.0
Exposition Park,2021-05-31,2114.129695292431,149.0,0.9334527418021654,45128.0,0.7502,1,5,2114.129695292431,2114.129695292431,0.0
Exposition Park,2021-06-30,2114.129695292431,149.0,0.0238883390778932,45128.0,0.7502,1,6,2114.129695292431,2114.129695292431,0.0
Exposition Park,2021-07-31,2114.129695292431,147.0,0.4861821903787033,45128.0,0.7502,0,7,2114.129695292431,2114.129695292431,0.0
Exposition Park,2021-08-31,2114.129695292431,148.0,1.0474492827434068,45128.0,0.7502,0,8,2114.129695292431,2114.129695292431,0.0
Exposition Park,2021-09-30,2114.129695292431,140.0,-0.0151204596619658,45128.0,0.7502,0,9,2114.129695292431,2114.129695292431,0.0
Exposition Park,2021-10-31,2114.129695292431,145.0,2.619595718582479,45128.0,0.7502,0,10,2114.129695292431,2114.129695292431,0.0
Exposition Park,2021-11-30,2114.129695292431,153.0,0.9758973015457252,45128.0,0.7502,0,11,2114.129695292431,2114.129695292431,0.0
Exposition Park,2021-12-31,2114.129695292431,158.0,0.1962119737951573,45128.0,0.7502,0,12,2114.129695292431,2114.129695292431,0.0
Exposition Park,2022-01-31,2114.129695292431,172.0,-2.264157050607707,52238.0,0.7487,0,1,2114.129695292431,2114.129695292431,0.0
Exposition Park,2022-02-28,2114.129695292431,172.0,1.5731081304851902,52238.0,0.7487,0,2,2114.129695292431,2114.129695292431,0.0
Exposition Park,2022-03-31,2114.129695292431,176.0,0.283664819041407,52238.0,0.7487,0,3,2114.129695292431,2114.129695292431,0.0
Exposition Park,2022-04-30,2114.129695292431,183.0,0.6047403843027821,52238.0,0.7487,0,4,2114.129695292431,2114.129695292431,0.0
Exposition Park,2022-05-31,2114.129695292431,199.0,0.252076398539236,52238.0,0.7487,0,5,2114.129695292431,2114.129695292431,0.0
Exposition Park,2022-06-30,2114.129695292431,217.0,-0.1128267947519412,52238.0,0.7487,0,6,2114.129695292431,2114.129695292431,0.0
Exposition Park,2022-07-31,2128.3496975988896,218.0,-0.4437487897760328,52238.0,0.7487,0,7,2114.129695292431,2114.129695292431,0.6726173109494082
Exposition Park,2022-08-31,2131.2401989254317,221.0,0.3338898163605996,52238.0,0.7487,0,8,2128.3496975988896,2114.129695292431,0.8093403006968369
Exposition Park,2022-09-30,2160.0479923398284,219.0,0.4539359966398981,52238.0,0.7487,0,9,2131.2401989254317,2114.129695292431,2.1719716226324515
Exposition Park,2022-10-31,2181.811920318474,205.0,0.8603499292422434,52238.0,0.7487,0,10,2160.0479923398284,2114.129695292431,3.2014225606287416
Exposition Park,2022-11-30,2227.325296533793,193.0,0.534128414037216,52238.0,0.7487,0,11,2181.811920318474,2114.129695292431,5.354241108926128
Exposition Park,2022-12-31,2281.231320164438,182.0,0.0301329019570584,52238.0,0.7487,0,12,2227.325296533793,2114.129695292431,7.904038491304255
Exposition Park,2023-01-31,2253.2147001708595,173.0,-2.199039208536135,56417.0,0.7701,0,1,2281.231320164438,2114.129695292431,6.578830295422833
Exposition Park,2023-02-28,2227.921152193115,178.0,0.5495574360470767,56417.0,0.7701,0,2,2253.2147001708595,2114.129695292431,5.382425550999348
Exposition Park,2023-03-31,2203.292470012878,191.0,0.0225715437323525,56417.0,0.7701,0,3,2227.921152193115,2114.129695292431,4.217469482548175
Exposition Park,2023-04-30,2252.048212409911,200.0,0.1144441399764772,56417.0,0.7701,0,4,2203.292470012878,2114.129695292431,6.523654505425358
Exposition Park,2023-05-31,2251.043465987283,192.0,0.4685235871840332,56417.0,0.7701,0,5,2252.048212409911,2114.129695292431,6.4761292081427335
Exposition Park,2023-06-30,2278.9931325805665,196.0,-0.3124949920674358,56417.0,0.7701,0,6,2251.043465987283,2114.129695292431,7.798170455447462
Exposition Park,2023-07-31,2284.222135845565,192.0,-0.8938044561617953,56417.0,0.7701,0,7,2278.9931325805665,2128.3496975988896,7.3236291208406135
Exposition Park,2023-08-31,2329.6743790920027,202.0,0.2789943227899494,56417.0,0.7701,0,8,2284.222135845565,2131.2401989254317,9.3107374882766
Exposition Park,2023-09-30,2328.234603325542,194.0,0.53217301284334,56417.0,0.7701,0,9,2329.6743790920027,2160.0479923398284,7.786244175229129
Exposition Park,2023-10-31,2345.502811554959,212.0,0.859197760293462,56417.0,0.7701,0,10,2328.234603325542,2181.811920318474,7.5025207128115445
Exposition Park,2023-11-30,2358.843332463292,223.0,0.5695142378559392,56417.0,0.7701,0,11,2345.502811554959,2227.325296533793,5.904752042019634
Exposition Park,2023-12-31,2375.1750233052653,207.0,0.420354684178803,56417.0,0.7701,0,12,2358.843332463292,2281.231320164438,4.118113858530381
Exposition Park,2024-01-31,2371.139941908846,205.0,-1.123098551502988,56417.0,0.7701,0,1,2375.1750233052653,2253.2147001708595,5.2336442563171826
Exposition Park,2024-02-29,2369.387873357645,184.0,0.2044859096427709,56417.0,0.7701,0,2,2371.139941908846,2227.921152193115,6.34971848197019
Exposition Park,2024-03-31,2342.4549761126664,191.0,0.1004400229577262,56417.0,0.7701,0,3,2369.387873357645,2203.292470012878,6.316115903531183
Exposition Park,2024-04-30,2390.6079546742253,171.0,-0.0525586506760933,56417.0,0.7701,0,4,2342.4549761126664,2252.048212409911,6.152609944173526
Exposition Park,2024-05-31,2432.878577977486,169.0,0.1099531503967909,56417.0,0.7701,0,5,2390.6079546742253,2251.043465987283,8.077814344222457
Exposition Park,2024-06-30,2488.2808114224354,174.0,-0.6287506168123125,56417.0,0.7701,0,6,2432.878577977486,2278.9931325805665,9.183339600715978
Exposition Park,2024-07-31,2431.8420193924735,165.0,-0.2899340039725806,56417.0,0.7701,0,7,2488.2808114224354,2284.222135845565,6.46258878374204
Exposition Park,2024-08-31,2381.64440596149,185.0,0.2811380468135116,56417.0,0.7701,0,8,2431.8420193924735,2329.6743790920027,2.230785011669445
Exposition Park,2024-09-30,2381.2364756802726,185.0,0.437345807567846,56417.0,0.7701,0,9,2381.64440596149,2328.234603325542,2.276483318262912
Exposition Park,2024-10-31,2431.7851338024375,200.0,1.4371161974639168,56417.0,0.7701,0,10,2381.2364756802726,2345.502811554959,3.6786279608114203
Exposition Park,2024-11-30,2468.3386317255745,193.0,0.5173281338448854,56417.0,0.7701,0,11,2431.7851338024375,2358.843332463292,4.641906385022132
Exposition Park,2024-12-31,2478.859821737707,201.0,-0.5756746186937889,56417.0,0.7701,0,12,2468.3386317255745,2375.1750233052653,4.365354022970291
Exposition Park,2025-01-31,2505.948313636728,220.0,-2.0957565649731724,56417.0,0.7701,0,1,2478.859821737707,2371.139941908846,5.685382349021406
Exposition Park,2025-02-28,2487.8926034185997,209.0,0.6219365206910465,56417.0,0.7701,0,2,2505.948313636728,2369.387873357645,5.0014913722430165
Exposition Park,2025-03-31,2478.2333138681397,196.0,0.0734683447262574,56417.0,0.7701,0,3,2487.8926034185997,2342.4549761126664,5.796411847402894
Exposition Park,2025-04-30,2452.814931080659,184.0,0.7261642567589099,56417.0,0.7701,0,4,2478.2333138681397,2390.6079546742253,2.6021404423424377
Exposition Park,2025-05-31,2416.3835008311803,183.0,0.1980574525058287,56417.0,0.7701,0,5,2452.814931080659,2432.878577977486,-0.6780065925040435
Exposition Park,2025-06-30,2374.0580627844615,171.0,-0.814383756602044,56417.0,0.7701,0,6,2416.3835008311803,2488.2808114224354,-4.590428383871914
Exposition Park,2025-07-31,2381.6233483815786,172.0,-0.787589879310624,56417.0,0.7701,0,7,2374.0580627844615,2431.8420193924735,-2.065046602963161
Exposition Park,2025-08-31,2439.648970139649,167.0,0.4499509874817287,56417.0,0.7701,0,8,2381.6233483815786,2381.64440596149,2.4354838208830776
Exposition Park,2025-09-30,2546.3285481170465,185.0,0.0159976963317376,56417.0,0.7701,0,9,2439.648970139649,2381.2364756802726,6.933039793521978
Exposition Park,2025-10-31,2486.775174345397,188.0,1.0332858810921497,56417.0,0.7701,0,10,2546.3285481170465,2431.7851338024375,2.261303425972283
Exposition Park,2025-11-30,2438.6048916619666,183.0,0.3467109950130442,56417.0,0.7701,0,11,2486.775174345397,2468.3386317255745,-1.2046053844249727
Exposition Park,2025-12-31,2412.408500351529,186.0,-0.0110437965417098,56417.0,0.7701,0,12,2438.6048916619666,2478.859821737707,-2.680721225276672
Glassell Park,2019-01-31,2215.834817264042,0.0,,67479.0,0.5145,0,1,,,
Glassell Park,2019-02-28,2215.834817264042,0.0,0.8200448182910547,67479.0,0.5145,0,2,2215.834817264042,,
Glassell Park,2019-03-31,2215.834817264042,0.0,0.1562323835907708,67479.0,0.5145,0,3,2215.834817264042,,
Glassell Park,2019-04-30,2215.834817264042,0.0,-0.0675414897722825,67479.0,0.5145,0,4,2215.834817264042,,
Glassell Park,2019-05-31,2215.834817264042,0.0,0.1914968942100525,67479.0,0.5145,0,5,2215.834817264042,,
Glassell Park,2019-06-30,2215.834817264042,0.0,0.1204606414930697,67479.0,0.5145,0,6,2215.834817264042,,
Glassell Park,2019-07-31,2215.834817264042,0.0,-0.9737551334702332,67479.0,0.5145,0,7,2215.834817264042,,
Glassell Park,2019-08-31,2215.834817264042,0.0,0.4260558246529156,67479.0,0.5145,0,8,2215.834817264042,,
Glassell Park,2019-09-30,2215.834817264042,0.0,0.6049167634533559,67479.0,0.5145,0,9,2215.834817264042,,
Glassell Park,2019-10-31,2215.834817264042,0.0,0.8626356887456499,67479.0,0.5145,0,10,2215.834817264042,,
Glassell Park,2019-11-30,2187.222111940407,0.0,0.902948891185118,67479.0,0.5145,0,11,2215.834817264042,,
Glassell Park,2019-12-31,2203.9659554982018,0.0,0.004726419107337,67479.0,0.5145,0,12,2187.222111940407,,
Glassell Park,2020-01-31,2152.5707262822043,65.0,-1.435188102589957,76080.0,0.5348,0,1,2203.9659554982018,2215.834817264042,-2.8550905730397313
Glassell Park,2020-02-29,2180.87694641564,127.0,0.7975705266522803,76080.0,0.5348,0,2,2152.5707262822043,2215.834817264042,-1.5776388463633717
Glassell Park,2020-03-31,2165.4441704981127,214.0,-1.2907522516808267,76080.0,0.5348,1,3,2180.87694641564,2215.834817264042,-2.274115668430021
Glassell Park,2020-04-30,2206.651877311052,239.0,-15.616064257028118,76080.0,0.5348,1,4,2165.4441704981127,2215.834817264042,-0.41442348867541945
Glassell Park,2020-05-31,2203.4827468150856,267.0,0.8776104627919779,76080.0,0.5348,1,5,2206.651877311052,2215.834817264042,-0.5574454536375617
Glassell Park,2020-06-30,2239.451464855905,307.0,3.093036421966411,76080.0,0.5348,1,6,2203.4827468150856,2215.834817264042,1.0658126412610214
Glassell Park,2020-07-31,2275.8774284678984,320.0,-0.5711252265280353,76080.0,0.5348,1,7,2239.451464855905,2215.834817264042,2.709706099753073
Glassell Park,2020-08-31,2290.606939361992,302.0,0.5744058029714338,76080.0,0.5348,1,8,2275.8774284678984,2215.834817264042,3.3744447697718227
Glassell Park,2020-09-30,2292.6753048890487,278.0,1.3985245931648072,76080.0,0.5348,1,9,2290.606939361992,2215.834817264042,3.4677895223202526
Glassell Park,2020-10-31,2257.929671892893,333.0,2.83790370624446,76080.0,0.5348,1,10,2292.6753048890487,2215.834817264042,1.899728910335785
Glassell Park,2020-11-30,2253.3069214937905,358.0,1.1357851312209233,76080.0,0.5348,1,11,2257.929671892893,2187.222111940407,3.0214036879298023
Glassell Park,2020-12-31,2232.694532501519,367.0,-0.7984447684510121,76080.0,0.5348,1,12,2253.3069214937905,2203.9659554982018,1.3034945903610096
Glassell Park,2021-01-31,2213.624106933137,335.0,-2.9640257558790517,80386.0,0.533,1,1,2232.694532501519,2152.5707262822043,2.8363007963218445
Glassell Park,2021-02-28,2203.556992356804,335.0,2.232319953838946,80386.0,0.533,1,2,2213.624106933137,2180.87694641564,1.0399507399277974
Glassell Park,2021-03-31,2204.0488888260734,329.0,0.9489205587695616,80386.0,0.533,1,3,2203.556992356804,2165.4441704981127,1.7827621166091046
Glassell Park,2021-04-30,2240.4871905141677,297.0,1.450186951811849,80386.0,0.533,1,4,2204.0488888260734,2206.651877311052,1.5333326271811387
Glassell Park,2021-05-31,2276.1195827227184,284.0,0.9334527418021654,80386.0,0.533,1,5,2240.4871905141677,2203.4827468150856,3.29645584984144
Glassell Park,2021-06-30,2329.4933574096303,283.0,0.0238883390778932,80386.0,0.533,1,6,2276.1195827227184,2239.451464855905,4.020711945169064
Glassell Park,2021-07-31,2346.0517386421475,282.0,0.4861821903787033,80386.0,0.533,0,7,2329.4933574096303,2275.8774284678984,3.0833958497268332
Glassell Park,2021-08-31,2377.7574332663435,288.0,1.0474492827434068,80386.0,0.533,0,8,2346.0517386421475,2290.606939361992,3.8046900324429256
Glassell Park,2021-09-30,2361.961943022646,288.0,-0.0151204596619658,80386.0,0.533,0,9,2377.7574332663435,2292.6753048890487,3.0220868164735792
Glassell Park,2021-10-31,2374.8977618763843,293.0,2.619595718582479,80386.0,0.533,0,10,2361.961943022646,2257.929671892893,5.180324765626243
Glassell Park,2021-11-30,2387.5160648693027,293.0,0.9758973015457252,80386.0,0.533,0,11,2374.8977618763843,2253.3069214937905,5.956096885662632
Glassell Park,2021-12-31,2424.065658729165,283.0,0.1962119737951573,80386.0,0.533,0,12,2387.5160648693027,2232.694532501519,8.571308051407867
Glassell Park,2022-01-31,2429.8887230765363,293.0,-2.264157050607707,88329.0,0.5244,0,1,2424.065658729165,2213.624106933137,9.769708211346796
Glassell Park,2022-02-28,2486.659375638248,290.0,1.5731081304851902,88329.0,0.5244,0,2,2429.8887230765363,2203.556992356804,12.847518092947219
Glassell Park,2022-03-31,2551.7649175727897,300.0,0.283664819041407,88329.0,0.5244,0,3,2486.659375638248,2204.0488888260734,15.776239379695323
Glassell Park,2022-04-30,2627.9216960735102,326.0,0.6047403843027821,88329.0,0.5244,0,4,2551.7649175727897,2240.4871905141677,17.292422255287732
Glassell Park,2022-05-31,2611.565685611248,351.0,0.252076398539236,88329.0,0.5244,0,5,2627.9216960735102,2276.1195827227184,14.737630897550025
Glassell Park,2022-06-30,2544.246743148225,379.0,-0.1128267947519412,88329.0,0.5244,0,6,2611.565685611248,2329.4933574096303,9.218888092361777
Glassell Park,2022-07-31,2551.9795341024756,380.0,-0.4437487897760328,88329.0,0.5244,0,7,2544.246743148225,2346.0517386421475,8.77763231170321
Glassell Park,2022-08-31,2589.288338634912,390.0,0.3338898163605996,88329.0,0.5244,0,8,2551.9795341024756,2377.7574332663435,8.896235688683651
Glassell Park,2022-09-30,2630.0816608799623,374.0,0.4539359966398981,88329.0,0.5244,0,9,2589.288338634912,2361.961943022646,11.351568074555773
Glassell Park,2022-10-31,2643.2582831817213,352.0,0.8603499292422434,88329.0,0.5244,0,10,2630.0816608799623,2374.8977618763843,11.299876803677966
Glassell Park,2022-11-30,2614.0083436327,345.0,0.534128414037216,88329.0,0.5244,0,11,2643.2582831817213,2387.5160648693027,9.486523759822152
Glassell Park,2022-12-31,2649.474116573548,342.0,0.0301329019570584,88329.0,0.5244,0,12,2614.0083436327,2424.065658729165,9.29877691359875
Glassell Park,2023-01-31,2629.875350788236,337.0,-2.199039208536135,92903.0,0.5307,0,1,2649.474116573548,2429.8887230765363,8.23027926392006
Glassell Park,2023-02-28,2631.7465170127043,327.0,0.5495574360470767,92903.0,0.5307,0,2,2629.875350788236,2486.659375638248,5.8346206479211515
Glassell Park,2023-03-31,2637.122836080721,360.0,0.0225715437323525,92903.0,0.5307,0,3,2631.7465170127043,2551.7649175727897,3.3450541591865113
Glassell Park,2023-04-30,2660.790990748972,367.0,0.1144441399764772,92903.0,0.5307,0,4,2637.122836080721,2627.9216960735102,1.2507714641792012
Glassell Park,2023-05-31,2698.171124794828,383.0,0.4685235871840332,92903.0,0.5307,0,5,2660.790990748972,2611.565685611248,3.3162267240967047
Glassell Park,2023-06-30,2662.303112611173,392.0,-0.3124949920674358,92903.0,0.5307,0,6,2698.171124794828,2544.246743148225,4.640130513319107
Glassell Park,2023-07-31,2682.3797882220306,410.0,-0.8938044561617953,92903.0,0.5307,0,7,2662.303112611173,2551.9795341024756,5.1097688040596445
Glassell Park,2023-08-31,2669.4538956476545,436.0,0.2789943227899494,92903.0,0.5307,0,8,2682.3797882220306,2589.288338634912,3.096045960451277
Glassell Park,2023-09-30,2693.7764689038904,440.0,0.53217301284334,92903.0,0.5307,0,9,2669.4538956476545,2630.0816608799623,2.421780622682923
Glassell Park,2023-10-31,2697.629007995211,481.0,0.859197760293462,92903.0,0.5307,0,10,2693.7764689038904,2643.2582831817213,2.0569584576518585
Glassell Park,2023-11-30,2733.395919763222,468.0,0.5695142378559392,92903.0,0.5307,0,11,2697.629007995211,2614.0083436327,4.567222458234732
Glassell Park,2023-12-31,2743.02746443446,445.0,0.420354684178803,92903.0,0.5307,0,12,2733.395919763222,2649.474116573548,3.531015731601128
Glassell Park,2024-01-31,2703.989538118381,448.0,-1.123098551502988,92903.0,0.5307,0,1,2743.02746443446,2629.875350788236,2.818163503754323
Glassell Park,2024-02-29,2704.0626051523295,437.0,0.2044859096427709,92903.0,0.5307,0,2,2703.989538118381,2631.7465170127043,2.747836376799362
Glassell Park,2024-03-31,2726.3490651029165,431.0,0.1004400229577262,92903.0,0.5307,0,3,2704.0626051523295,2637.122836080721,3.3834688244861244
Glassell Park,2024-04-30,2786.105275888815,382.0,-0.0525586506760933,92903.0,0.5307,0,4,2726.3490651029165,2660.790990748972,4.709662862492214
Glassell Park,2024-05-31,2765.141135768459,409.0,0.1099531503967909,92903.0,0.5307,0,5,2786.105275888815,2698.171124794828,2.4820520225055764
Glassell Park,2024-06-30,2756.84377828888,420.0,-0.6287506168123125,92903.0,0.5307,0,6,2765.141135768459,2662.303112611173,3.5510857208509883
Glassell Park,2024-07-31,2768.7157584641595,456.0,-0.2899340039725806,92903.0,0.5307,0,7,2756.84377828888,2682.3797882220306,3.218633342721211
Glassell Park,2024-08-31,2786.9628713784705,458.0,0.2811380468135116,92903.0,0.5307,0,8,2768.7157584641595,2669.4538956476545,4.4019855867301505
Glassell Park,2024-09-30,2820.9699946076894,441.0,0.437345807567846,92903.0,0.5307,0,9,2786.9628713784705,2693.7764689038904,4.721755022069618
Glassell Park,2024-10-31,2789.1941831361733,439.0,1.4371161974639168,92903.0,0.5307,0,10,2820.9699946076894,2697.629007995211,3.39428345667927
Glassell Park,2024-11-30,2789.4863382745634,414.0,0.5173281338448854,92903.0,0.5307,0,11,2789.1941831361733,2733.395919763222,2.052041495554735
Glassell Park,2024-12-31,2734.567205113612,432.0,-0.5756746186937889,92903.0,0.5307,0,12,2789.4863382745634,2743.02746443446,-0.3084278021471487
Glassell Park,2025-01-31,2752.0882449872843,386.0,-2.0957565649731724,92903.0,0.5307,0,1,2734.567205113612,2703.989538118381,1.7788052132174048
Glassell Park,2025-02-28,2800.02732180775,398.0,0.6219365206910465,92903.0,0.5307,0,2,2752.0882449872843,2704.0626051523295,3.548908833418607
Glassell Park,2025-03-31,2830.6317786824193,411.0,0.0734683447262574,92903.0,0.5307,0,3,2800.02732180775,2726.3490651029165,3.8249949323919896
Glassell Park,2025-04-30,2852.9518900523585,415.0,0.7261642567589099,92903.0,0.5307,0,4,2830.6317786824193,2786.105275888815,2.3992852941358667
Glassell Park,2025-05-31,2838.202217438642,425.0,0.1980574525058287,92903.0,0.5307,0,5,2852.9518900523585,2765.141135768459,2.6422188988873607
Glassell Park,2025-06-30,2886.441602635498,400.0,-0.814383756602044,92903.0,0.5307,0,6,2838.202217438642,2756.84377828888,4.700949156685863
Glassell Park,2025-07-31,2923.974886610315,396.0,-0.787589879310624,92903.0,0.5307,0,7,2886.441602635498,2768.7157584641595,5.607622511321986
Glassell Park,2025-08-31,2942.787567134645,375.0,0.4499509874817287,92903.0,0.5307,0,8,2923.974886610315,2786.9628713784705,5.591200993614298
Glassell Park,2025-09-30,2927.812017297261,363.0,0.0159976963317376,92903.0,0.5307,0,9,2942.787567134645,2820.9699946076894,3.787421450557815
Glassell Park,2025-10-31,2885.804184672634,365.0,1.0332858810921497,92903.0,0.5307,0,10,2927.812017297261,2789.1941831361733,3.463724473562202
Glassell Park,2025-11-30,2814.5625470688246,326.0,0.3467109950130442,92903.0,0.5307,0,11,2885.804184672634,2789.4863382745634,0.8989543504906328
Glassell Park,2025-12-31,2811.9039812050114,316.0,-0.0110437965417098,92903.0,0.5307,0,12,2814.5625470688246,2734.567205113612,2.8281175882889364
Hancock Park,2019-01-31,1964.9264205691072,0.0,,49675.0,0.8341,0,1,,,
Hancock Park,2019-02-28,1958.1595381733257,0.0,0.8200448182910547,49675.0,0.8341,0,2,1964.9264205691072,,
Hancock Park,2019-03-31,1955.0614582486785,0.0,0.1562323835907708,49675.0,0.8341,0,3,1958.1595381733257,,
Hancock Park,2019-04-30,1967.0228553046811,0.0,-0.0675414897722825,49675.0,0.8341,0,4,1955.0614582486785,,
Hancock Park,2019-05-31,2000.7816277428196,0.0,0.1914968942100525,49675.0,0.8341,0,5,1967.0228553046811,,
Hancock Park,2019-06-30,2018.5770336614648,0.0,0.1204606414930697,49675.0,0.8341,0,6,2000.7816277428196,,
Hancock Park,2019-07-31,2016.2191903633104,0.0,-0.9737551334702332,49675.0,0.8341,0,7,2018.5770336614648,,
Hancock Park,2019-08-31,2010.441643883207,0.0,0.4260558246529156,49675.0,0.8341,0,8,2016.2191903633104,,
Hancock Park,2019-09-30,2014.9595298319684,0.0,0.6049167634533559,49675.0,0.8341,0,9,2010.441643883207,,
Hancock Park,2019-10-31,2037.2054110410936,0.0,0.8626356887456499,49675.0,0.8341,0,10,2014.9595298319684,,
Hancock Park,2019-11-30,2063.4977077433714,0.0,0.902948891185118,49675.0,0.8341,0,11,2037.2054110410936,,
Hancock Park,2019-12-31,2047.1216617853352,0.0,0.004726419107337,49675.0,0.8341,0,12,2063.4977077433714,,
Hancock Park,2020-01-31,2029.279687563536,55.0,-1.435188102589957,52775.0,0.8322,0,1,2047.1216617853352,1964.9264205691072,3.275098055620318
Hancock Park,2020-02-29,2010.3792968202565,115.0,0.7975705266522803,52775.0,0.8322,0,2,2029.279687563536,1958.1595381733257,2.6667775341555844
Hancock Park,2020-03-31,2010.198206452756,156.0,-1.2907522516808267,52775.0,0.8322,1,3,2010.3792968202565,1955.0614582486785,2.82020536855494
Hancock Park,2020-04-30,2003.7796745581263,183.0,-15.616064257028118,52775.0,0.8322,1,4,2010.198206452756,1967.0228553046811,1.8686523725089943
Hancock Park,2020-05-31,1988.180627198097,205.0,0.8776104627919779,52775.0,0.8322,1,5,2003.7796745581263,2000.7816277428196,-0.6298038911392023
Hancock Park,2020-06-30,1980.3398060863392,233.0,3.093036421966411,52775.0,0.8322,1,6,1988.180627198097,2018.5770336614648,-1.8942664529263853
Hancock Park,2020-07-31,1974.147947239958,237.0,-0.5711252265280353,52775.0,0.8322,1,7,1980.3398060863392,2016.2191903633104,-2.0866403476583972
Hancock Park,2020-08-31,1971.3126854921993,204.0,0.5744058029714338,52775.0,0.8322,1,8,1974.147947239958,2010.441643883207,-1.9462867032255304
Hancock Park,2020-09-30,1981.6414741945791,215.0,1.3985245931648072,52775.0,0.8322,1,9,1971.3126854921993,2014.9595298319684,-1.6535347308026416
Hancock Park,2020-10-31,1979.173995237427,234.0,2.83790370624446,52775.0,0.8322,1,10,1981.6414741945791,2037.2054110410936,-2.8485795045090745
Hancock Park,2020-11-30,2009.6385704941813,253.0,1.1357851312209233,52775.0,0.8322,1,11,1979.173995237427,2063.4977077433714,-2.610089511952507
Hancock Park,2020-12-31,1993.1208855237317,273.0,-0.7984447684510121,52775.0,0.8322,1,12,2009.6385704941813,2047.1216617853352,-2.6378879804587863
Hancock Park,2021-01-31,1986.1150165180077,241.0,-2.9640257558790517,54947.0,0.8366,1,1,1993.1208855237317,2029.279687563536,-2.1270932395402897
Hancock Park,2021-02-28,1940.3054691699028,243.0,2.232319953838946,54947.0,0.8366,1,2,1986.1150165180077,2010.3792968202565,-3.4856023319175033
Hancock Park,2021-03-31,1921.0996982872416,235.0,0.9489205587695616,54947.0,0.8366,1,3,1940.3054691699028,2010.198206452756,-4.432324527974774
Hancock Park,2021-04-30,1937.988690081956,235.0,1.450186951811849,54947.0,0.8366,1,4,1921.0996982872416,2003.7796745581263,-3.283344237468544
Hancock Park,2021-05-31,1967.5191388852968,227.0,0.9334527418021654,54947.0,0.8366,1,5,1937.988690081956,1988.180627198097,-1.0392158554486053
Hancock Park,2021-06-30,2004.85555531396,230.0,0.0238883390778932,54947.0,0.8366,1,6,1967.5191388852968,1980.3398060863392,1.237956695728415
Hancock Park,2021-07-31,2034.9186191373576,239.0,0.4861821903787033,54947.0,0.8366,0,7,2004.85555531396,1974.147947239958,3.078324093306306
Hancock Park,2021-08-31,2068.058551533467,254.0,1.0474492827434068,54947.0,0.8366,0,8,2034.9186191373576,1971.3126854921993,4.907687489319423
Hancock Park,2021-09-30,2110.699663887266,254.0,-0.0151204596619658,54947.0,0.8366,0,9,2068.058551533467,1981.6414741945791,6.512691189264763
Hancock Park,2021-10-31,2119.7347951308916,264.0,2.619595718582479,54947.0,0.8366,0,10,2110.699663887266,1979.173995237427,7.101993065374845
Hancock Park,2021-11-30,2133.242799944559,270.0,0.9758973015457252,54947.0,0.8366,0,11,2119.7347951308916,2009.6385704941813,6.150570120675125
Hancock Park,2021-12-31,2139.8278885438754,261.0,0.1962119737951573,54947.0,0.8366,0,12,2133.242799944559,1993.1208855237317,7.3606675884886785
Hancock Park,2022-01-31,2149.117127346717,262.0,-2.264157050607707,58420.0,0.8354,0,1,2139.8278885438754,1986.1150165180077,8.207083148410987
Hancock Park,2022-02-28,2147.6066209241617,257.0,1.5731081304851902,58420.0,0.8354,0,2,2149.117127346717,1940.3054691699028,10.683944103035792
Hancock Park,2022-03-31,2159.407381101957,279.0,0.283664819041407,58420.0,0.8354,0,3,2147.6066209241617,1921.0996982872416,12.404753539193148
Hancock Park,2022-04-30,2186.5399470997686,263.0,0.6047403843027821,58420.0,0.8354,0,4,2159.407381101957,1937.988690081956,12.825217107293918
Hancock Park,2022-05-31,2213.387589416105,268.0,0.252076398539236,58420.0,0.8354,0,5,2186.5399470997686,1967.5191388852968,12.496368938505253
Hancock Park,2022-06-30,2229.4736527106515,280.0,-0.1128267947519412,58420.0,0.8354,0,6,2213.387589416105,2004.85555531396,11.20370476572894
Hancock Park,2022-07-31,2244.068974784181,300.0,-0.4437487897760328,58420.0,0.8354,0,7,2229.4736527106515,2034.9186191373576,10.278069780278809
Hancock Park,2022-08-31,2252.209844182576,321.0,0.3338898163605996,58420.0,0.8354,0,8,2244.068974784181,2068.058551533467,8.904549269775796
Hancock Park,2022-09-30,2254.250991898294,302.0,0.4539359966398981,58420.0,0.8354,0,9,2252.209844182576,2110.699663887266,6.801125260362739
Hancock Park,2022-10-31,2245.69954081936,307.0,0.8603499292422434,58420.0,0.8354,0,10,2254.250991898294,2119.7347951308916,5.9424766710351795
Hancock Park,2022-11-30,2237.0106354784944,309.0,0.534128414037216,58420.0,0.8354,0,11,2245.69954081936,2133.242799944559,4.864323720517527
Hancock Park,2022-12-31,2233.6495842605714,303.0,0.0301329019570584,58420.0,0.8354,0,12,2237.0106354784944,2139.8278885438754,4.38454401959123
Hancock Park,2023-01-31,2257.25964186995,277.0,-2.199039208536135,62655.0,0.831,0,1,2233.6495842605714,2149.117127346717,5.0319507088357085
Hancock Park,2023-02-28,2271.2628984447883,258.0,0.5495574360470767,62655.0,0.831,0,2,2257.25964186995,2147.6066209241617,5.757864420599268
Hancock Park,2023-03-31,2295.162584514165,277.0,0.0225715437323525,62655.0,0.831,0,3,2271.2628984447883,2159.407381101957,6.286687940416824
Hancock Park,2023-04-30,2290.667202542659,268.0,0.1144441399764772,62655.0,0.831,0,4,2295.162584514165,2186.5399470997686,4.762193143601379
Hancock Park,2023-05-31,2290.317052944481,264.0,0.4685235871840332,62655.0,0.831,0,5,2290.667202542659,2213.387589416105,3.4756435744121017
Hancock Park,2023-06-30,2269.9575026963316,261.0,-0.3124949920674358,62655.0,0.831,0,6,2290.317052944481,2229.4736527106515,1.815847876760457
Hancock Park,2023-07-31,2258.8173135228917,280.0,-0.8938044561617953,62655.0,0.831,0,7,2269.9575026963316,2244.068974784181,0.6572141455736258
Hancock Park,2023-08-31,2269.4900045281715,294.0,0.2789943227899494,62655.0,0.831,0,8,2258.8173135228917,2252.209844182576,0.7672535661021884
Hancock Park,2023-09-30,2278.1571713454787,280.0,0.53217301284334,62655.0,0.831,0,9,2269.4900045281715,2254.250991898294,1.0604932429042924
Hancock Park,2023-10-31,2258.6376577723477,284.0,0.859197760293462,62655.0,0.831,0,10,2278.1571713454787,2245.69954081936,0.5761285834465113
Hancock Park,2023-11-30,2248.8377687776547,293.0,0.5695142378559392,62655.0,0.831,0,11,2258.6376577723477,2237.0106354784944,0.5287025958475411
Hancock Park,2023-12-31,2245.2481294670415,292.0,0.420354684178803,62655.0,0.831,0,12,2248.8377687776547,2233.6495842605714,0.5192643146982201
Hancock Park,2024-01-31,2256.1767472786705,288.0,-1.123098551502988,62655.0,0.831,0,1,2245.2481294670415,2257.25964186995,-0.047973860480776676
Hancock Park,2024-02-29,2232.532425207902,274.0,0.2044859096427709,62655.0,0.831,0,2,2256.1767472786705,2271.2628984447883,-1.7052395503579176
Hancock Park,2024-03-31,2232.1385206715813,264.0,0.1004400229577262,62655.0,0.831,0,3,2232.532425207902,2295.162584514165,-2.7459520413855243
Hancock Park,2024-04-30,2219.243695989322,265.0,-0.0525586506760933,62655.0,0.831,0,4,2232.1385206715813,2290.667202542659,-3.118021966440887
Hancock Park,2024-05-31,2247.3678174357915,267.0,0.1099531503967909,62655.0,0.831,0,5,2219.243695989322,2290.317052944481,-1.875252836871344
Hancock Park,2024-06-30,2243.674182389918,258.0,-0.6287506168123125,62655.0,0.831,0,6,2247.3678174357915,2269.9575026963316,-1.1578771970485624
Hancock Park,2024-07-31,2261.497411595389,264.0,-0.2899340039725806,62655.0,0.831,0,7,2243.674182389918,2258.8173135228917,0.1186505015900341
Hancock Park,2024-08-31,2241.123520549539,258.0,0.2811380468135116,62655.0,0.831,0,8,2261.497411595389,2269.4900045281715,-1.2499056581890433
Hancock Park,2024-09-30,2255.890808390815,254.0,0.437345807567846,62655.0,0.831,0,9,2241.123520549539,2278.1571713454787,-0.9773848457309553
Hancock Park,2024-10-31,2236.9636730018983,271.0,1.4371161974639168,62655.0,0.831,0,10,2255.890808390815,2258.6376577723477,-0.9596043303300772
Hancock Park,2024-11-30,2239.5473082846106,252.0,0.5173281338448854,62655.0,0.831,0,11,2236.9636730018983,2248.8377687776547,-0.4131227526516401
Hancock Park,2024-12-31,2211.224283879958,262.0,-0.5756746186937889,62655.0,0.831,0,12,2239.5473082846106,2245.2481294670415,-1.5153712919542595
Hancock Park,2025-01-31,2279.718903246752,280.0,-2.0957565649731724,62655.0,0.831,0,1,2211.224283879958,2256.1767472786705,1.0434535324626903
Hancock Park,2025-02-28,2302.01382056712,292.0,0.6219365206910465,62655.0,0.831,0,2,2279.718903246752,2232.532425207902,3.1122233466664095
Hancock Park,2025-03-31,2332.1899342155957,289.0,0.0734683447262574,62655.0,0.831,0,3,2302.01382056712,2232.1385206715813,4.482312034734837
Hancock Park,2025-04-30,2303.924673013656,281.0,0.7261642567589099,62655.0,0.831,0,4,2332.1899342155957,2219.243695989322,3.8157583674731876
Hancock Park,2025-05-31,2321.8767890848485,286.0,0.1980574525058287,62655.0,0.831,0,5,2303.924673013656,2247.3678174357915,3.3153883877393264
Hancock Park,2025-06-30,2314.799594546382,274.0,-0.814383756602044,62655.0,0.831,0,6,2321.8767890848485,2243.674182389918,3.170041921180511
Hancock Park,2025-07-31,2308.885336510984,248.0,-0.787589879310624,62655.0,0.831,0,7,2314.799594546382,2261.497411595389,2.0954224697593116
Hancock Park,2025-08-31,2289.419590172309,235.0,0.4499509874817287,62655.0,0.831,0,8,2308.885336510984,2241.123520549539,2.154993652957038
Hancock Park,2025-09-30,2271.9841856316716,228.0,0.0159976963317376,62655.0,0.831,0,9,2289.419590172309,2255.890808390815,0.7133934488760207
Hancock Park,2025-10-31,2266.9239359575913,225.0,1.0332858810921497,62655.0,0.831,0,10,2271.9841856316716,2236.9636730018983,1.3393272012990565
Hancock Park,2025-11-30,2251.8482817169493,228.0,0.3467109950130442,62655.0,0.831,0,11,2266.9239359575913,2239.5473082846106,0.5492616024155517
Hancock Park,2025-12-31,2249.5618806706184,230.0,-0.0110437965417098,62655.0,0.831,0,12,2251.8482817169493,2211.224283879958,1.7337724205610971
Highland Park,2019-01-31,2145.528500032243,0.0,,64267.0,0.5506,0,1,,,
Highland Park,2019-02-28,2142.581787128842,0.0,0.8200448182910547,64267.0,0.5506,0,2,2145.528500032243,,
Highland Park,2019-03-31,2139.618500636479,0.0,0.1562323835907708,64267.0,0.5506,0,3,2142.581787128842,,
Highland Park,2019-04-30,2134.396426364182,0.0,-0.0675414897722825,64267.0,0.5506,0,4,2139.618500636479,,
Highland Park,2019-05-31,2144.5684978847253,0.0,0.1914968942100525,64267.0,0.5506,0,5,2134.396426364182,,
Highland Park,2019-06-30,2154.500390259003,0.0,0.1204606414930697,64267.0,0.5506,0,6,2144.5684978847253,,
Highland Park,2019-07-31,2164.7858687137978,0.0,-0.9737551334702332,64267.0,0.5506,0,7,2154.500390259003,,
Highland Park,2019-08-31,2175.682301544039,0.0,0.4260558246529156,64267.0,0.5506,0,8,2164.7858687137978,,
Highland Park,2019-09-30,2165.20731285284,0.0,0.6049167634533559,64267.0,0.5506,0,9,2175.682301544039,,
Highland Park,2019-10-31,2186.7772857444443,0.0,0.8626356887456499,64267.0,0.5506,0,10,2165.20731285284,,
Highland Park,2019-11-30,2197.6405021747323,0.0,0.902948891185118,64267.0,0.5506,0,11,2186.7772857444443,,
Highland Park,2019-12-31,2203.74931364131,0.0,0.004726419107337,64267.0,0.5506,0,12,2197.6405021747323,,
Highland Park,2020-01-31,2168.1918288663605,73.0,-1.435188102589957,73152.0,0.5389,0,1,2203.74931364131,2145.528500032243,1.0563051869866502
Highland Park,2020-02-29,2164.450520839452,172.0,0.7975705266522803,73152.0,0.5389,0,2,2168.1918288663605,2142.581787128842,1.0206720621813714
Highland Park,2020-03-31,2174.3508235781837,208.0,-1.2907522516808267,73152.0,0.5389,1,3,2164.450520839452,2139.618500636479,1.6232951309484767
Highland Park,2020-04-30,2205.7725620729634,241.0,-15.616064257028118,73152.0,0.5389,1,4,2174.3508235781837,2134.396426364182,3.3440899182147987
Highland Park,2020-05-31,2220.442453602676,276.0,0.8776104627919779,73152.0,0.5389,1,5,2205.7725620729634,2144.5684978847253,3.537959071616892
Highland Park,2020-06-30,2223.4443043425094,331.0,3.093036421966411,73152.0,0.5389,1,6,2220.442453602676,2154.500390259003,3.1999954325939273
Highland Park,2020-07-31,2232.5757761994223,315.0,-0.5711252265280353,73152.0,0.5389,1,7,2223.4443043425094,2164.7858687137978,3.131483278108327
Highland Park,2020-08-31,2221.8092125420885,265.0,0.5744058029714338,73152.0,0.5389,1,8,2232.5757761994223,2175.682301544039,2.120112433939192
Highland Park,2020-09-30,2240.434026092163,285.0,1.3985245931648072,73152.0,0.5389,1,9,2221.8092125420885,2165.20731285284,3.4743422855064043
Highland Park,2020-10-31,2224.346152561686,315.0,2.83790370624446,73152.0,0.5389,1,10,2240.434026092163,2186.7772857444443,1.7180015112719715
Highland Park,2020-11-30,2248.884478400763,324.0,1.1357851312209233,73152.0,0.5389,1,11,2224.346152561686,2197.6405021747323,2.3317724703071585
Highland Park,2020-12-31,2226.525162458357,318.0,-0.7984447684510121,73152.0,0.5389,1,12,2248.884478400763,2203.74931364131,1.0335045223185624
Highland Park,2021-01-31,2239.443078250582,304.0,-2.9640257558790517,81853.0,0.5472,1,1,2226.525162458357,2168.1918288663605,3.286205972903944
Highland Park,2021-02-28,2226.1699033107975,308.0,2.232319953838946,81853.0,0.5472,1,2,2239.443078250582,2164.450520839452,2.851503505259534
Highland Park,2021-03-31,2248.1101379520564,309.0,0.9489205587695616,81853.0,0.5472,1,3,2226.1699033107975,2174.3508235781837,3.3922453347474013
Highland Park,2021-04-30,2236.633095039936,329.0,1.450186951811849,81853.0,0.5472,1,4,2248.1101379520564,2205.7725620729634,1.3990804626733633
Highland Park,2021-05-31,2219.5744344144096,357.0,0.9334527418021654,81853.0,0.5472,1,5,2236.633095039936,2220.442453602676,-0.039092172231613986
Highland Park,2021-06-30,2265.7602131749936,373.0,0.0238883390778932,81853.0,0.5472,1,6,2219.5744344144096,2223.4443043425094,1.90316927434786
Highland Park,2021-07-31,2317.044183846372,392.0,0.4861821903787033,81853.0,0.5472,0,7,2265.7602131749936,2232.5757761994223,3.7834508708476156
Highland Park,2021-08-31,2366.7253467998967,387.0,1.0474492827434068,81853.0,0.5472,0,8,2317.044183846372,2221.8092125420885,6.522438265165076
Highland Park,2021-09-30,2356.7226062458944,384.0,-0.0151204596619658,81853.0,0.5472,0,9,2366.7253467998967,2240.434026092163,5.190448761241395
Highland Park,2021-10-31,2382.1359962353035,354.0,2.619595718582479,81853.0,0.5472,0,10,2356.7226062458944,2224.346152561686,7.093762969036899
Highland Park,2021-11-30,2412.313317120533,327.0,0.9758973015457252,81853.0,0.5472,0,11,2382.1359962353035,2248.884478400763,7.26710688296397
Highland Park,2021-12-31,2416.3695395843133,326.0,0.1962119737951573,81853.0,0.5472,0,12,2412.313317120533,2226.525162458357,8.52648693699669
Highland Park,2022-01-31,2415.628115303055,312.0,-2.264157050607707,89168.0,0.5496,0,1,2416.3695395843133,2239.443078250582,7.867359468234669
Highland Park,2022-02-28,2442.4215303357287,309.0,1.5731081304851902,89168.0,0.5496,0,2,2415.628115303055,2226.1699033107975,9.714066599468364
Highland Park,2022-03-31,2487.7599610602447,318.0,0.283664819041407,89168.0,0.5496,0,3,2442.4215303357287,2248.1101379520564,10.66005704357973
Highland Park,2022-04-30,2518.154670320333,322.0,0.6047403843027821,89168.0,0.5496,0,4,2487.7599610602447,2236.633095039936,12.586846537535035
Highland Park,2022-05-31,2525.0583057157887,350.0,0.252076398539236,89168.0,0.5496,0,5,2518.154670320333,2219.5744344144096,13.76317309142079
Highland Park,2022-06-30,2554.8509875317227,365.0,-0.1128267947519412,89168.0,0.5496,0,6,2525.0583057157887,2265.7602131749936,12.759107193943887
Highland Park,2022-07-31,2592.273848017195,381.0,-0.4437487897760328,89168.0,0.5496,0,7,2554.8509875317227,2317.044183846372,11.878481476081838
Highland Park,2022-08-31,2621.3562804386424,425.0,0.3338898163605996,89168.0,0.5496,0,8,2592.273848017195,2366.7253467998967,10.758786776126694
Highland Park,2022-09-30,2619.44563242793,434.0,0.4539359966398981,89168.0,0.5496,0,9,2621.3562804386424,2356.7226062458944,11.147812877330354
Highland Park,2022-10-31,2604.6382644266705,444.0,0.8603499292422434,89168.0,0.5496,0,10,2619.44563242793,2382.1359962353035,9.340451953331241
Highland Park,2022-11-30,2584.7728019309193,417.0,0.534128414037216,89168.0,0.5496,0,11,2604.6382644266705,2412.313317120533,7.149132891918164
Highland Park,2022-12-31,2618.169215132277,395.0,0.0301329019570584,89168.0,0.5496,0,12,2584.7728019309193,2416.3695395843133,8.35135819427184
Highland Park,2023-01-31,2635.039835904211,400.0,-2.199039208536135,94401.0,0.5354,0,1,2618.169215132277,2415.628115303055,9.08300906133599
Highland Park,2023-02-28,2670.5159630869725,368.0,0.5495574360470767,94401.0,0.5354,0,2,2635.039835904211,2442.4215303357287,9.338864316344718
Highland Park,2023-03-31,2642.58257107404,368.0,0.0225715437323525,94401.0,0.5354,0,3,2670.5159630869725,2487.7599610602447,6.223374137262527
Highland Park,2023-04-30,2675.705991196391,362.0,0.1144441399764772,94401.0,0.5354,0,4,2642.58257107404,2518.154670320333,6.256618099475841
Highland Park,2023-05-31,2693.5584638395917,381.0,0.4685235871840332,94401.0,0.5354,0,5,2675.705991196391,2525.0583057157887,6.673119497572855
Highland Park,2023-06-30,2736.236037958876,406.0,-0.3124949920674358,94401.0,0.5354,0,6,2693.5584638395917,2554.8509875317227,7.099633258939764
Highland Park,2023-07-31,2732.9666507323573,400.0,-0.8938044561617953,94401.0,0.5354,0,7,2736.236037958876,2592.273848017195,5.427389657260817
Highland Park,2023-08-31,2742.0672068500885,448.0,0.2789943227899494,94401.0,0.5354,0,8,2732.9666507323573,2621.3562804386424,4.604903473527333
Highland Park,2023-09-30,2728.5793070021955,441.0,0.53217301284334,94401.0,0.5354,0,9,2742.0672068500885,2619.44563242793,4.1662889744007
Highland Park,2023-10-31,2710.1239954831954,448.0,0.859197760293462,94401.0,0.5354,0,10,2728.5793070021955,2604.6382644266705,4.049918658464624
Highland Park,2023-11-30,2679.228899769549,445.0,0.5695142378559392,94401.0,0.5354,0,11,2710.1239954831954,2584.7728019309193,3.654328835713061
Highland Park,2023-12-31,2667.6796601136266,426.0,0.420354684178803,94401.0,0.5354,0,12,2679.228899769549,2618.169215132277,1.8910330430589983
Highland Park,2024-01-31,2686.698583995347,416.0,-1.123098551502988,94401.0,0.5354,0,1,2667.6796601136266,2635.039835904211,1.9604541603982728
Highland Park,2024-02-29,2696.9984042951437,378.0,0.2044859096427709,94401.0,0.5354,0,2,2686.698583995347,2670.5159630869725,0.9916600976823453
Highland Park,2024-03-31,2715.746870433226,381.0,0.1004400229577262,94401.0,0.5354,0,3,2696.9984042951437,2642.58257107404,2.768666537047859
Highland Park,2024-04-30,2695.189420839079,390.0,-0.0525586506760933,94401.0,0.5354,0,4,2715.746870433226,2675.705991196391,0.728160332517569
Highland Park,2024-05-31,2716.848408924238,386.0,0.1099531503967909,94401.0,0.5354,0,5,2695.189420839079,2693.5584638395917,0.8646534091354852
Highland Park,2024-06-30,2721.6955880118744,404.0,-0.6287506168123125,94401.0,0.5354,0,6,2716.848408924238,2736.236037958876,-0.5314033491733428
Highland Park,2024-07-31,2739.9523637674256,428.0,-0.2899340039725806,94401.0,0.5354,0,7,2721.6955880118744,2732.9666507323573,0.2556091576600972
Highland Park,2024-08-31,2761.769637735208,452.0,0.2811380468135116,94401.0,0.5354,0,8,2739.9523637674256,2742.0672068500885,0.718524726013281
Highland Park,2024-09-30,2756.605579701037,455.0,0.437345807567846,94401.0,0.5354,0,9,2761.769637735208,2728.5793070021955,1.0271379185101681
Highland Park,2024-10-31,2766.6996359264813,460.0,1.4371161974639168,94401.0,0.5354,0,10,2756.605579701037,2710.1239954831954,2.0875664928090787
Highland Park,2024-11-30,2769.9246854199782,478.0,0.5173281338448854,94401.0,0.5354,0,11,2766.6996359264813,2679.228899769549,3.385145093733133
Highland Park,2024-12-31,2754.7190903094324,450.0,-0.5756746186937889,94401.0,0.5354,0,12,2769.9246854199782,2667.6796601136266,3.262739207304177
Highland Park,2025-01-31,2800.4539063484667,439.0,-2.0957565649731724,94401.0,0.5354,0,1,2754.7190903094324,2686.698583995347,4.234018770499981
Highland Park,2025-02-28,2805.0167875536554,416.0,0.6219365206910465,94401.0,0.5354,0,2,2800.4539063484667,2696.9984042951437,4.005133376663683
Highland Park,2025-03-31,2840.1288674839284,436.0,0.0734683447262574,94401.0,0.5354,0,3,2805.0167875536554,2715.746870433226,4.580029103775063
Highland Park,2025-04-30,2831.475330759068,426.0,0.7261642567589099,94401.0,0.5354,0,4,2840.1288674839284,2695.189420839079,5.056635680825727
Highland Park,2025-05-31,2830.9014759788633,411.0,0.1980574525058287,94401.0,0.5354,0,5,2831.475330759068,2716.848408924238,4.197991565520787
Highland Park,2025-06-30,2862.9007453918407,429.0,-0.814383756602044,94401.0,0.5354,0,6,2830.9014759788633,2721.6955880118744,5.18813191313261
Highland Park,2025-07-31,2887.5842132246507,432.0,-0.787589879310624,94401.0,0.5354,0,7,2862.9007453918407,2739.9523637674256,5.388117377859514
Highland Park,2025-08-31,2895.2072008955956,424.0,0.4499509874817287,94401.0,0.5354,0,8,2887.5842132246507,2761.769637735208,4.831596427782192
Highland Park,2025-09-30,2929.1398839166354,390.0,0.0159976963317376,94401.0,0.5354,0,9,2895.2072008955956,2756.605579701037,6.258940542168889
Highland Park,2025-10-31,2896.1590346611483,379.0,1.0332858810921497,94401.0,0.5354,0,10,2929.1398839166354,2766.6996359264813,4.679199615801988
Highland Park,2025-11-30,2889.014801158036,385.0,0.3467109950130442,94401.0,0.5354,0,11,2896.1590346611483,2769.9246854199782,4.29939905459924
Highland Park,2025-12-31,2837.1176289709197,377.0,-0.0110437965417098,94401.0,0.5354,0,12,2889.014801158036,2754.7190903094324,2.991177537896661
Koreatown,2019-01-31,1940.2754559044083,0.0,,38583.73,0.9114,0,1,,,
Koreatown,2019-02-28,2238.2589190514223,0.0,0.8200448182910547,38583.73,0.9114,0,2,1940.2754559044083,,
Koreatown,2019-03-31,2231.5394443360983,0.0,0.1562323835907708,38583.73,0.9114,0,3,2238.2589190514223,,
Koreatown,2019-04-30,2251.031212508686,0.0,-0.0675414897722825,38583.73,0.9114,0,4,2231.5394443360983,,
Koreatown,2019-05-31,2249.561647137795,0.0,0.1914968942100525,38583.73,0.9114,0,5,2251.031212508686,,
Koreatown,2019-06-30,2246.8570765612785,0.0,0.1204606414930697,38583.73,0.9114,0,6,2249.561647137795,,
Koreatown,2019-07-31,2224.9137731567994,0.0,-0.9737551334702332,38583.73,0.9114,0,7,2246.8570765612785,,
Koreatown,2019-08-31,2243.943068406677,0.0,0.4260558246529156,38583.73,0.9114,0,8,2224.9137731567994,,
Koreatown,2019-09-30,2275.4017702777987,0.0,0.6049167634533559,38583.73,0.9114,0,9,2243.943068406677,,
Koreatown,2019-10-31,2300.927304863278,0.0,0.8626356887456499,38583.73,0.9114,0,10,2275.4017702777987,,
Koreatown,2019-11-30,2290.1114383159234,0.0,0.902948891185118,38583.73,0.9114,0,11,2300.927304863278,,
Koreatown,2019-12-31,2280.686517543563,0.0,0.004726419107337,38583.73,0.9114,0,12,2290.1114383159234,,
Koreatown,2020-01-31,2281.4076204889343,39.0,-1.435188102589957,40638.29,0.9088,0,1,2280.686517543563,1940.2754559044083,17.581635821163143
Koreatown,2020-02-29,2283.2870210313854,83.0,0.7975705266522803,40638.29,0.9088,0,2,2281.4076204889343,2238.2589190514223,2.011746791074831
Koreatown,2020-03-31,2280.0345174965955,119.0,-1.2907522516808267,40638.29,0.9088,1,3,2283.2870210313854,2231.5394443360983,2.1731667474479632
Koreatown,2020-04-30,2252.449919296962,139.0,-15.616064257028118,40638.29,0.9088,1,4,2280.0345174965955,2251.031212508686,0.06302474974102523
Koreatown,2020-05-31,2230.6651293164196,160.0,0.8776104627919779,40638.29,0.9088,1,5,2252.449919296962,2249.561647137795,-0.8400088899727653
Koreatown,2020-06-30,2229.56203320219,178.0,3.093036421966411,40638.29,0.9088,1,6,2230.6651293164196,2246.8570765612785,-0.7697438141262558
Koreatown,2020-07-31,2247.637831737122,173.0,-0.5711252265280353,40638.29,0.9088,1,7,2229.56203320219,2224.9137731567994,1.0213455844664265
Koreatown,2020-08-31,2238.039109362632,152.0,0.5744058029714338,40638.29,0.9088,1,8,2247.637831737122,2243.943068406677,-0.2631064543111128
Koreatown,2020-09-30,2213.4325529796292,156.0,1.3985245931648072,40638.29,0.9088,1,9,2238.039109362632,2275.4017702777987,-2.7234406735388905
Koreatown,2020-10-31,2183.3389054122167,172.0,2.83790370624446,40638.29,0.9088,1,10,2213.4325529796292,2300.927304863278,-5.11047868407336
Koreatown,2020-11-30,2179.134746544478,169.0,1.1357851312209233,40638.29,0.9088,1,11,2183.3389054122167,2290.1114383159234,-4.8459079289632445
Koreatown,2020-12-31,2168.6610677390127,185.0,-0.7984447684510121,40638.29,0.9088,1,12,2179.134746544478,2280.686517543563,-4.911917922205644
Koreatown,2021-01-31,2168.5438335207105,175.0,-2.9640257558790517,44066.61,0.9083,1,1,2168.6610677390127,2281.4076204889343,-4.947111860003151
Koreatown,2021-02-28,2164.344648276328,226.0,2.232319953838946,44066.61,0.9083,1,2,2168.5438335207105,2283.2870210313854,-5.2092606693542205
Koreatown,2021-03-31,2168.838291646591,224.0,0.9489205587695616,44066.61,0.9083,1,3,2164.344648276328,2280.0345174965955,-4.876953616127455
Koreatown,2021-04-30,2166.612230096464,219.0,1.450186951811849,44066.61,0.9083,1,4,2168.838291646591,2252.449919296962,-3.810858943638129
Koreatown,2021-05-31,2169.286539121182,243.0,0.9334527418021654,44066.61,0.9083,1,5,2166.612230096464,2230.6651293164196,-2.751582449044998
Koreatown,2021-06-30,2184.585860097053,244.0,0.0238883390778932,44066.61,0.9083,1,6,2169.286539121182,2229.56203320219,-2.017264935236651
Koreatown,2021-07-31,2224.882535844606,257.0,0.4861821903787033,44066.61,0.9083,0,7,2184.585860097053,2247.637831737122,-1.012409364676381
Koreatown,2021-08-31,2281.335955451435,218.0,1.0474492827434068,44066.61,0.9083,0,8,2224.882535844606,2238.039109362632,1.9345884487752762
Koreatown,2021-09-30,2330.7764454298035,214.0,-0.0151204596619658,44066.61,0.9083,0,9,2281.335955451435,2213.4325529796292,5.301444233853481
Koreatown,2021-10-31,2341.228073581555,224.0,2.619595718582479,44066.61,0.9083,0,10,2330.7764454298035,2183.3389054122167,7.231546498711272
Koreatown,2021-11-30,2362.5736526739197,209.0,0.9758973015457252,44066.61,0.9083,0,11,2341.228073581555,2179.134746544478,8.417969858005648
Koreatown,2021-12-31,2370.749756335355,202.0,0.1962119737951573,44066.61,0.9083,0,12,2362.5736526739197,2168.6610677390127,9.318592545539373
Koreatown,2022-01-31,2411.248313666638,193.0,-2.264157050607707,50126.66,0.9018,0,1,2370.749756335355,2168.5438335207105,11.192048617799344
Koreatown,2022-02-28,2458.198989711655,190.0,1.5731081304851902,50126.66,0.9018,0,2,2411.248313666638,2164.344648276328,13.57705861076013
Koreatown,2022-03-31,2500.0325082988497,187.0,0.283664819041407,50126.66,0.9018,0,3,2458.198989711655,2168.838291646591,15.270581395020223
Koreatown,2022-04-30,2528.961210593856,194.0,0.6047403843027821,50126.66,0.9018,0,4,2500.0325082988497,2166.612230096464,16.724219288712284
Koreatown,2022-05-31,2522.0164232869342,200.0,0.252076398539236,50126.66,0.9018,0,5,2528.961210593856,2169.286539121182,16.260179455529624
Koreatown,2022-06-30,2518.8124787415613,220.0,-0.1128267947519412,50126.66,0.9018,0,6,2522.0164232869342,2184.585860097053,15.299312549320444
Koreatown,2022-07-31,2522.848453603882,226.0,-0.4437487897760328,50126.66,0.9018,0,7,2518.8124787415613,2224.882535844606,13.392433665994075
Koreatown,2022-08-31,2536.6660716206065,239.0,0.3338898163605996,50126.66,0.9018,0,8,2522.848453603882,2281.335955451435,11.192131328094824
Koreatown,2022-09-30,2578.3692467144515,264.0,0.4539359966398981,50126.66,0.9018,0,9,2536.6660716206065,2330.7764454298035,10.622760572775181
Koreatown,2022-10-31,2575.215067957272,238.0,0.8603499292422434,50126.66,0.9018,0,10,2578.3692467144515,2341.228073581555,9.99419907082224
Koreatown,2022-11-30,2543.793193389198,234.0,0.534128414037216,50126.66,0.9018,0,11,2575.215067957272,2362.5736526739197,7.670429258794842
Koreatown,2022-12-31,2489.887567121656,207.0,0.0301329019570584,50126.66,0.9018,0,12,2543.793193389198,2370.749756335355,5.0253220723920355
Koreatown,2023-01-31,2478.1947515390534,204.0,-2.199039208536135,53314.86,0.8997,0,1,2489.887567121656,2411.248313666638,2.776422382256194
Koreatown,2023-02-28,2489.504023708986,177.0,0.5495574360470767,53314.86,0.8997,0,2,2478.1947515390534,2458.198989711655,1.2734947060165869
Koreatown,2023-03-31,2510.805339391621,158.0,0.0225715437323525,53314.86,0.8997,0,3,2489.504023708986,2500.0325082988497,0.4309076404811041
Koreatown,2023-04-30,2537.003385676437,167.0,0.1144441399764772,53314.86,0.8997,0,4,2510.805339391621,2528.961210593856,0.3180031013877427
Koreatown,2023-05-31,2541.8791115305303,177.0,0.4685235871840332,53314.86,0.8997,0,5,2537.003385676437,2522.0164232869342,0.7875717247593839
Koreatown,2023-06-30,2546.4563958557696,191.0,-0.3124949920674358,53314.86,0.8997,0,6,2541.8791115305303,2518.8124787415613,1.097498021290555
Koreatown,2023-07-31,2535.4140941274313,194.0,-0.8938044561617953,53314.86,0.8997,0,7,2546.4563958557696,2522.848453603882,0.49807353690227707
Koreatown,2023-08-31,2528.2153969277647,212.0,0.2789943227899494,53314.86,0.8997,0,8,2535.4140941274313,2536.6660716206065,-0.33314099902171934
Koreatown,2023-09-30,2503.79402864553,209.0,0.53217301284334,53314.86,0.8997,0,9,2528.2153969277647,2578.3692467144515,-2.8923405041365036
Koreatown,2023-10-31,2483.716753059963,209.0,0.859197760293462,53314.86,0.8997,0,10,2503.79402864553,2575.215067957272,-3.553035862355669
Koreatown,2023-11-30,2470.9900553972843,201.0,0.5695142378559392,53314.86,0.8997,0,11,2483.716753059963,2543.793193389198,-2.8619912255884006
Koreatown,2023-12-31,2461.8956762467756,183.0,0.420354684178803,53314.86,0.8997,0,12,2470.9900553972843,2489.887567121656,-1.12422308719905
Koreatown,2024-01-31,2441.112053775336,179.0,-1.123098551502988,53314.86,0.8997,0,1,2461.8956762467756,2478.1947515390534,-1.4963593051227186
Koreatown,2024-02-29,2421.406934215586,176.0,0.2044859096427709,53314.86,0.8997,0,2,2441.112053775336,2489.504023708986,-2.735367721637416
Koreatown,2024-03-31,2441.723390534434,162.0,0.1004400229577262,53314.86,0.8997,0,3,2421.406934215586,2510.805339391621,-2.751386090087171
Koreatown,2024-04-30,2468.595416064632,165.0,-0.0525586506760933,53314.86,0.8997,0,4,2441.723390534434,2537.003385676437,-2.69640829011214
Koreatown,2024-05-31,2478.0641513795053,177.0,0.1099531503967909,53314.86,0.8997,0,5,2468.595416064632,2541.8791115305303,-2.5105426871618763
Koreatown,2024-06-30,2469.7309279548267,187.0,-0.6287506168123125,53314.86,0.8997,0,6,2478.0641513795053,2546.4563958557696,-3.0130289301560365
Koreatown,2024-07-31,2459.108383088767,198.0,-0.2899340039725806,53314.86,0.8997,0,7,2469.7309279548267,2535.4140941274313,-3.0095956007898272
Koreatown,2024-08-31,2472.6456856230925,196.0,0.2811380468135116,53314.86,0.8997,0,8,2459.108383088767,2528.2153969277647,-2.1979816819484355
Koreatown,2024-09-30,2470.4226709022287,201.0,0.437345807567846,53314.86,0.8997,0,9,2472.6456856230925,2503.79402864553,-1.3328315892403575
Koreatown,2024-10-31,2464.7960075843203,199.0,1.4371161974639168,53314.86,0.8997,0,10,2470.4226709022287,2483.716753059963,-0.761791595290906
Koreatown,2024-11-30,2437.4355488681726,190.0,0.5173281338448854,53314.86,0.8997,0,11,2464.7960075843203,2470.9900553972843,-1.3579377406161552
Koreatown,2024-12-31,2398.5470187008136,187.0,-0.5756746186937889,53314.86,0.8997,0,12,2437.4355488681726,2461.8956762467756,-2.5731657989073953
Koreatown,2025-01-31,2410.989216241989,172.0,-2.0957565649731724,53314.86,0.8997,0,1,2398.5470187008136,2441.112053775336,-1.2339801233933412
Koreatown,2025-02-28,2434.998970716213,180.0,0.6219365206910465,53314.86,0.8997,0,2,2410.989216241989,2421.406934215586,0.5613280571954204
Koreatown,2025-03-31,2478.140677182568,190.0,0.0734683447262574,53314.86,0.8997,0,3,2434.998970716213,2441.723390534434,1.4914583195340114
Koreatown,2025-04-30,2471.3418870566165,182.0,0.7261642567589099,53314.86,0.8997,0,4,2478.140677182568,2468.595416064632,0.11125642436633498
Koreatown,2025-05-31,2469.9581451755944,174.0,0.1980574525058287,53314.86,0.8997,0,5,2471.3418870566165,2478.0641513795053,-0.3271104260718416
Koreatown,2025-06-30,2472.841021625159,175.0,-0.814383756602044,53314.86,0.8997,0,6,2469.9581451755944,2469.7309279548267,0.1259284416423423
Koreatown,2025-07-31,2487.778485054238,181.0,-0.787589879310624,53314.86,0.8997,0,7,2472.841021625159,2459.108383088767,1.1658738656106005
Koreatown,2025-08-31,2497.6861773681135,169.0,0.4499509874817287,53314.86,0.8997,0,8,2487.778485054238,2472.6456856230925,1.0127003594011086
Koreatown,2025-09-30,2499.9798448681463,164.0,0.0159976963317376,53314.86,0.8997,0,9,2497.6861773681135,2470.4226709022287,1.1964419819351368
Koreatown,2025-10-31,2495.6959787072533,179.0,1.0332858810921497,53314.86,0.8997,0,10,2499.9798448681463,2464.7960075843203,1.2536522709324371
Koreatown,2025-11-30,2488.142531044599,175.0,0.3467109950130442,53314.86,0.8997,0,11,2495.6959787072533,2437.4355488681726,2.0803414555913946
Koreatown,2025-12-31,2479.592133241318,168.0,-0.0110437965417098,53314.86,0.8997,0,12,2488.142531044599,2398.5470187008136,3.378925403947397
Leimert Park,2019-01-31,1575.4742154487226,0.0,,43364.0,0.6698,0,1,,,
Leimert Park,2019-02-28,1574.322740210893,0.0,0.8200448182910547,43364.0,0.6698,0,2,1575.4742154487226,,
Leimert Park,2019-03-31,1632.5340347240583,0.0,0.1562323835907708,43364.0,0.6698,0,3,1574.322740210893,,
Leimert Park,2019-04-30,1640.785183078736,0.0,-0.0675414897722825,43364.0,0.6698,0,4,1632.5340347240583,,
Leimert Park,2019-05-31,1658.580792028642,0.0,0.1914968942100525,43364.0,0.6698,0,5,1640.785183078736,,
Leimert Park,2019-06-30,1643.1635367686554,0.0,0.1204606414930697,43364.0,0.6698,0,6,1658.580792028642,,
Leimert Park,2019-07-31,1653.534854936378,0.0,-0.9737551334702332,43364.0,0.6698,0,7,1643.1635367686554,,
Leimert Park,2019-08-31,1668.6605367651002,0.0,0.4260558246529156,43364.0,0.6698,0,8,1653.534854936378,,
Leimert Park,2019-09-30,1694.0665819925366,0.0,0.6049167634533559,43364.0,0.6698,0,9,1668.6605367651002,,
Leimert Park,2019-10-31,1665.994320606095,0.0,0.8626356887456499,43364.0,0.6698,0,10,1694.0665819925366,,
Leimert Park,2019-11-30,1668.095868660454,0.0,0.902948891185118,43364.0,0.6698,0,11,1665.994320606095,,
Leimert Park,2019-12-31,1670.249676587031,0.0,0.004726419107337,43364.0,0.6698,0,12,1668.095868660454,,
Leimert Park,2020-01-31,1685.8234399962616,36.0,-1.435188102589957,47230.0,0.653,0,1,1670.249676587031,1575.4742154487226,7.004191085165412
Leimert Park,2020-02-29,1708.8269261128414,81.0,0.7975705266522803,47230.0,0.653,0,2,1685.8234399962616,1574.322740210893,8.543622121848449
Leimert Park,2020-03-31,1706.9482145903928,116.0,-1.2907522516808267,47230.0,0.653,1,3,1708.8269261128414,1632.5340347240583,4.558200826662251
Leimert Park,2020-04-30,1729.9371587280484,129.0,-15.616064257028118,47230.0,0.653,1,4,1706.9482145903928,1640.785183078736,5.433494681005668
Leimert Park,2020-05-31,1696.0301898322386,150.0,0.8776104627919779,47230.0,0.653,1,5,1729.9371587280484,1658.580792028642,2.2579182143904752
Leimert Park,2020-06-30,1714.4171999942812,174.0,3.093036421966411,47230.0,0.653,1,6,1696.0301898322386,1643.1635367686554,4.3363707647595895
Leimert Park,2020-07-31,1719.7638602989148,170.0,-0.5711252265280353,47230.0,0.653,1,7,1714.4171999942812,1653.534854936378,4.005298416590386
Leimert Park,2020-08-31,1745.2865911781948,151.0,0.5744058029714338,47230.0,0.653,1,8,1719.7638602989148,1668.6605367651002,4.592069670542065
Leimert Park,2020-09-30,1749.9390771189724,152.0,1.3985245931648072,47230.0,0.653,1,9,1745.2865911781948,1694.0665819925366,3.298128640299325
Leimert Park,2020-10-31,1747.133597529583,185.0,2.83790370624446,47230.0,0.653,1,10,1749.9390771189724,1665.994320606095,4.870321340229378
Leimert Park,2020-11-30,1760.1810242720082,210.0,1.1357851312209233,47230.0,0.653,1,11,1747.133597529583,1668.095868660454,5.520375497692598
Leimert Park,2020-12-31,1777.0982391043565,223.0,-0.7984447684510121,47230.0,0.653,1,12,1760.1810242720082,1670.249676587031,6.397161096037962
Leimert Park,2021-01-31,1797.3574733269877,221.0,-2.9640257558790517,49379.0,0.6672,1,1,1777.0982391043565,1685.8234399962616,6.6159973034289665
Leimert Park,2021-02-28,1775.9762443168593,232.0,2.232319953838946,49379.0,0.6672,1,2,1797.3574733269877,1708.8269261128414,3.929556421302771
Leimert Park,2021-03-31,1733.2191739914854,241.0,0.9489205587695616,49379.0,0.6672,1,3,1775.9762443168593,1706.9482145903928,1.5390601294484219
Leimert Park,2021-04-30,1737.2686597531158,240.0,1.450186951811849,49379.0,0.6672,1,4,1733.2191739914854,1729.9371587280484,0.42380158077290897
Leimert Park,2021-05-31,1744.4179367102074,221.0,0.9334527418021654,49379.0,0.6672,1,5,1737.2686597531158,1696.0301898322386,2.8530003279455096
Leimert Park,2021-06-30,1783.0619961346297,221.0,0.0238883390778932,49379.0,0.6672,1,6,1744.4179367102074,1714.4171999942812,4.003972670163214
Leimert Park,2021-07-31,1780.2063164625165,210.0,0.4861821903787033,49379.0,0.6672,0,7,1783.0619961346297,1719.7638602989148,3.514578806947144
Leimert Park,2021-08-31,1805.3709972894792,202.0,1.0474492827434068,49379.0,0.6672,0,8,1780.2063164625165,1745.2865911781948,3.442667033310731
Leimert Park,2021-09-30,1827.082186919639,201.0,-0.0151204596619658,49379.0,0.6672,0,9,1805.3709972894792,1749.9390771189724,4.408331170458335
Leimert Park,2021-10-31,1868.2769312810815,194.0,2.619595718582479,49379.0,0.6672,0,10,1827.082186919639,1747.133597529583,6.933833447126947
Leimert Park,2021-11-30,1885.9939043740717,196.0,0.9758973015457252,49379.0,0.6672,0,11,1868.2769312810815,1760.1810242720082,7.147723919708682
Leimert Park,2021-12-31,1873.2042368867956,200.0,0.1962119737951573,49379.0,0.6672,0,12,1885.9939043740717,1777.0982391043565,5.408029543199344
Leimert Park,2022-01-31,1865.7875551969555,210.0,-2.264157050607707,57880.0,0.6848,0,1,1873.2042368867956,1797.3574733269877,3.8072605414047445
Leimert Park,2022-02-28,1862.5112852142336,212.0,1.5731081304851902,57880.0,0.6848,0,2,1865.7875551969555,1775.9762443168593,4.8725336937522234
Leimert Park,2022-03-31,1882.3739490780183,214.0,0.283664819041407,57880.0,0.6848,0,3,1862.5112852142336,1733.2191739914854,8.605649956147188
Leimert Park,2022-04-30,1894.2060346579033,221.0,0.6047403843027821,57880.0,0.6848,0,4,1882.3739490780183,1737.2686597531158,9.033569679838127
Leimert Park,2022-05-31,1944.1162941447749,231.0,0.252076398539236,57880.0,0.6848,0,5,1894.2060346579033,1744.4179367102074,11.447850496835521
Leimert Park,2022-06-30,1971.0752056354863,254.0,-0.1128267947519412,57880.0,0.6848,0,6,1944.1162941447749,1783.0619961346297,10.544401143002148
Leimert Park,2022-07-31,2007.8292951856852,270.0,-0.4437487897760328,57880.0,0.6848,0,7,1971.0752056354863,1780.2063164625165,12.786325754392491
Leimert Park,2022-08-31,2004.293408519213,292.0,0.3338898163605996,57880.0,0.6848,0,8,2007.8292951856852,1805.3709972894792,11.018367500551918
Leimert Park,2022-09-30,2047.8618124192344,291.0,0.4539359966398981,57880.0,0.6848,0,9,2004.293408519213,1827.082186919639,12.0837271076359
Leimert Park,2022-10-31,2048.9268294992553,286.0,0.8603499292422434,57880.0,0.6848,0,10,2047.8618124192344,1868.2769312810815,9.669331949321979
Leimert Park,2022-11-30,2097.565286599867,282.0,0.534128414037216,57880.0,0.6848,0,11,2048.9268294992553,1885.9939043740717,11.218031072905932
Leimert Park,2022-12-31,2094.1172913334535,258.0,0.0301329019570584,57880.0,0.6848,0,12,2097.565286599867,1873.2042368867956,11.793324512964398
Leimert Park,2023-01-31,2103.819445730027,252.0,-2.199039208536135,61822.0,0.6964,0,1,2094.1172913334535,1865.7875551969555,12.757716700921208
Leimert Park,2023-02-28,2075.906442165006,241.0,0.5495574360470767,61822.0,0.6964,0,2,2103.819445730027,1862.5112852142336,11.457388668988756
Leimert Park,2023-03-31,2065.347929599052,229.0,0.0225715437323525,61822.0,0.6964,0,3,2075.906442165006,1882.3739490780183,9.720384231340095
Leimert Park,2023-04-30,2065.12395011052,232.0,0.1144441399764772,61822.0,0.6964,0,4,2065.347929599052,1894.2060346579033,9.023195593582024
Leimert Park,2023-05-31,2051.285725448517,244.0,0.4685235871840332,61822.0,0.6964,0,5,2065.12395011052,1944.1162941447749,5.512501059042174
Leimert Park,2023-06-30,2075.496760443095,246.0,-0.3124949920674358,61822.0,0.6964,0,6,2051.285725448517,1971.0752056354863,5.297695111229528
Leimert Park,2023-07-31,2081.548888966023,259.0,-0.8938044561617953,61822.0,0.6964,0,7,2075.496760443095,2007.8292951856852,3.671606642910352
Leimert Park,2023-08-31,2102.9295995881484,259.0,0.2789943227899494,61822.0,0.6964,0,8,2081.548888966023,2004.293408519213,4.921245095637405
Leimert Park,2023-09-30,2094.2575851380952,268.0,0.53217301284334,61822.0,0.6964,0,9,2102.9295995881484,2047.8618124192344,2.2655714578734942
Leimert Park,2023-10-31,2094.9439031262964,280.0,0.859197760293462,61822.0,0.6964,0,10,2094.2575851380952,2048.9268294992553,2.24591102837417
Leimert Park,2023-11-30,2123.325714392182,280.0,0.5695142378559392,61822.0,0.6964,0,11,2094.9439031262964,2097.565286599867,1.2281108939437457
Leimert Park,2023-12-31,2140.438097179246,290.0,0.420354684178803,61822.0,0.6964,0,12,2123.325714392182,2094.1172913334535,2.2119489695010097
Leimert Park,2024-01-31,2219.4051997706124,285.0,-1.123098551502988,61822.0,0.6964,0,1,2140.438097179246,2103.819445730027,5.49409096275737
Leimert Park,2024-02-29,2225.354070100533,292.0,0.2044859096427709,61822.0,0.6964,0,2,2219.4051997706124,2075.906442165006,7.199150448209268
Leimert Park,2024-03-31,2230.4049117866875,298.0,0.1004400229577262,61822.0,0.6964,0,3,2225.354070100533,2065.347929599052,7.991727680462946
Leimert Park,2024-04-30,2172.1693180293505,282.0,-0.0525586506760933,61822.0,0.6964,0,4,2230.4049117866875,2065.12395011052,5.18348392178114
Leimert Park,2024-05-31,2163.305515801167,292.0,0.1099531503967909,61822.0,0.6964,0,5,2172.1693180293505,2051.285725448517,5.460954998268552
Leimert Park,2024-06-30,2193.1190206830324,278.0,-0.6287506168123125,61822.0,0.6964,0,6,2163.305515801167,2075.496760443095,5.66718592298967
Leimert Park,2024-07-31,2217.3226499336915,270.0,-0.2899340039725806,61822.0,0.6964,0,7,2193.1190206830324,2081.548888966023,6.522727459700084
Leimert Park,2024-08-31,2224.115799105799,265.0,0.2811380468135116,61822.0,0.6964,0,8,2217.3226499336915,2102.9295995881484,5.762732121007974
Leimert Park,2024-09-30,2213.7347685216537,265.0,0.437345807567846,61822.0,0.6964,0,9,2224.115799105799,2094.2575851380952,5.704989884311673
Leimert Park,2024-10-31,2203.594522359607,287.0,1.4371161974639168,61822.0,0.6964,0,10,2213.7347685216537,2094.9439031262964,5.186325947495329
Leimert Park,2024-11-30,2228.8350594136173,263.0,0.5173281338448854,61822.0,0.6964,0,11,2203.594522359607,2123.325714392182,4.969060766620914
Leimert Park,2024-12-31,2206.8297665465634,270.0,-0.5756746186937889,61822.0,0.6964,0,12,2228.8350594136173,2140.438097179246,3.1017794653725783
Leimert Park,2025-01-31,2219.75669946754,267.0,-2.0957565649731724,61822.0,0.6964,0,1,2206.8297665465634,2219.4051997706124,0.015837563008491706
Leimert Park,2025-02-28,2186.9369412185415,255.0,0.6219365206910465,61822.0,0.6964,0,2,2219.75669946754,2225.354070100533,-1.726337817345902
Leimert Park,2025-03-31,2198.2329205625706,252.0,0.0734683447262574,61822.0,0.6964,0,3,2186.9369412185415,2230.4049117866875,-1.4424282808068845
Leimert Park,2025-04-30,2214.3919526316886,234.0,0.7261642567589099,61822.0,0.6964,0,4,2198.2329205625706,2172.1693180293505,1.943800340603441
Leimert Park,2025-05-31,2245.1974256760836,242.0,0.1980574525058287,61822.0,0.6964,0,5,2214.3919526316886,2163.305515801167,3.7854990558089607
Leimert Park,2025-06-30,2288.47236444778,237.0,-0.814383756602044,61822.0,0.6964,0,6,2245.1974256760836,2193.1190206830324,4.347841720649082
Leimert Park,2025-07-31,2279.88341430272,234.0,-0.787589879310624,61822.0,0.6964,0,7,2288.47236444778,2217.3226499336915,2.8214551621929873
Leimert Park,2025-08-31,2264.5067546703895,232.0,0.4499509874817287,61822.0,0.6964,0,8,2279.88341430272,2224.115799105799,1.8160455305802792
Leimert Park,2025-09-30,2253.937441888598,233.0,0.0159976963317376,61822.0,0.6964,0,9,2264.5067546703895,2213.7347685216537,1.8160564643338928
Leimert Park,2025-10-31,2266.5637478732106,244.0,1.0332858810921497,61822.0,0.6964,0,10,2253.937441888598,2203.594522359607,2.857568616851358
Leimert Park,2025-11-30,2263.00370278958,238.0,0.3467109950130442,61822.0,0.6964,0,11,2266.5637478732106,2228.8350594136173,1.5330270058185658
Leimert Park,2025-12-31,2216.762412446216,230.0,-0.0110437965417098,61822.0,0.6964,0,12,2263.00370278958,2206.8297665465634,0.45008663786496594
Los Feliz,2019-01-31,2196.0982031729272,0.0,,66947.0,0.8082,0,1,,,
Los Feliz,2019-02-28,2209.5756932434556,0.0,0.8200448182910547,66947.0,0.8082,0,2,2196.0982031729272,,
Los Feliz,2019-03-31,2203.177248336825,0.0,0.1562323835907708,66947.0,0.8082,0,3,2209.5756932434556,,
Los Feliz,2019-04-30,2190.0842414545764,0.0,-0.0675414897722825,66947.0,0.8082,0,4,2203.177248336825,,
Los Feliz,2019-05-31,2197.465036064028,0.0,0.1914968942100525,66947.0,0.8082,0,5,2190.0842414545764,,
Los Feliz,2019-06-30,2232.4407378585393,0.0,0.1204606414930697,66947.0,0.8082,0,6,2197.465036064028,,
Los Feliz,2019-07-31,2247.2535048153804,0.0,-0.9737551334702332,66947.0,0.8082,0,7,2232.4407378585393,,
Los Feliz,2019-08-31,2241.3320910451525,0.0,0.4260558246529156,66947.0,0.8082,0,8,2247.2535048153804,,
Los Feliz,2019-09-30,2237.021977762185,0.0,0.6049167634533559,66947.0,0.8082,0,9,2241.3320910451525,,
Los Feliz,2019-10-31,2221.380501521458,0.0,0.8626356887456499,66947.0,0.8082,0,10,2237.021977762185,,
Los Feliz,2019-11-30,2219.0799267267976,0.0,0.902948891185118,66947.0,0.8082,0,11,2221.380501521458,,
Los Feliz,2019-12-31,2223.636711086735,0.0,0.004726419107337,66947.0,0.8082,0,12,2219.0799267267976,,
Los Feliz,2020-01-31,2260.64127385863,59.0,-1.435188102589957,71651.0,0.8043,0,1,2223.636711086735,2196.0982031729272,2.9389883654770355
Los Feliz,2020-02-29,2286.490661045879,108.0,0.7975705266522803,71651.0,0.8043,0,2,2260.64127385863,2209.5756932434556,3.480983613171418
Los Feliz,2020-03-31,2261.5048091946032,150.0,-1.2907522516808267,71651.0,0.8043,1,3,2286.490661045879,2203.177248336825,2.647429338779239
Los Feliz,2020-04-30,2247.432225478008,171.0,-15.616064257028118,71651.0,0.8043,1,4,2261.5048091946032,2190.0842414545764,2.6185286820448184
Los Feliz,2020-05-31,2237.8115352643795,199.0,0.8776104627919779,71651.0,0.8043,1,5,2247.432225478008,2197.465036064028,1.8360473790571818
Los Feliz,2020-06-30,2241.7397150073,229.0,3.093036421966411,71651.0,0.8043,1,6,2237.8115352643795,2232.4407378585393,0.41653858895627227
Los Feliz,2020-07-31,2228.1280596800516,215.0,-0.5711252265280353,71651.0,0.8043,1,7,2241.7397150073,2247.2535048153804,-0.8510586408852938
Los Feliz,2020-08-31,2218.9691086147877,196.0,0.5744058029714338,71651.0,0.8043,1,8,2228.1280596800516,2241.3320910451525,-0.9977540820350628
Los Feliz,2020-09-30,2216.9455275110677,196.0,1.3985245931648072,71651.0,0.8043,1,9,2218.9691086147877,2237.021977762185,-0.8974632547508965
Los Feliz,2020-10-31,2219.1739905836253,244.0,2.83790370624446,71651.0,0.8043,1,10,2216.9455275110677,2221.380501521458,-0.09933061608857763
Los Feliz,2020-11-30,2214.8423136900583,258.0,1.1357851312209233,71651.0,0.8043,1,11,2219.1739905836253,2219.0799267267976,-0.19096261408618753
Los Feliz,2020-12-31,2198.6629865476207,273.0,-0.7984447684510121,71651.0,0.8043,1,12,2214.8423136900583,2223.636711086735,-1.1231027269247185
Los Feliz,2021-01-31,2193.0016138064184,267.0,-2.9640257558790517,78356.0,0.7974,1,1,2198.6629865476207,2260.64127385863,-2.992056317575731
Los Feliz,2021-02-28,2194.3168507663277,269.0,2.232319953838946,78356.0,0.7974,1,2,2193.0016138064184,2286.490661045879,-4.031234933511141
Los Feliz,2021-03-31,2185.875863546033,282.0,0.9489205587695616,78356.0,0.7974,1,3,2194.3168507663277,2261.5048091946032,-3.3441868149510667
Los Feliz,2021-04-30,2187.461904522432,253.0,1.450186951811849,78356.0,0.7974,1,4,2185.875863546033,2247.432225478008,-2.6683928563327797
Los Feliz,2021-05-31,2197.919379547258,262.0,0.9334527418021654,78356.0,0.7974,1,5,2187.461904522432,2237.8115352643795,-1.7826414373366184
Los Feliz,2021-06-30,2216.493190480171,264.0,0.0238883390778932,78356.0,0.7974,1,6,2197.919379547258,2241.7397150073,-1.1262023132354138
Los Feliz,2021-07-31,2246.0943773228028,285.0,0.4861821903787033,78356.0,0.7974,0,7,2216.493190480171,2228.1280596800516,0.8063413395247521
Los Feliz,2021-08-31,2274.229296357186,312.0,1.0474492827434068,78356.0,0.7974,0,8,2246.0943773228028,2218.9691086147877,2.490354080543944
Los Feliz,2021-09-30,2329.932369745539,323.0,-0.0151204596619658,78356.0,0.7974,0,9,2274.229296357186,2216.9455275110677,5.096509626978518
Los Feliz,2021-10-31,2346.512233322047,346.0,2.619595718582479,78356.0,0.7974,0,10,2329.932369745539,2219.1739905836253,5.738091888186414
Los Feliz,2021-11-30,2384.84228097769,336.0,0.9758973015457252,78356.0,0.7974,0,11,2346.512233322047,2214.8423136900583,7.675488509355843
Los Feliz,2021-12-31,2411.6984631507544,324.0,0.1962119737951573,78356.0,0.7974,0,12,2384.84228097769,2198.6629865476207,9.689319277514464
Los Feliz,2022-01-31,2445.2074743380053,296.0,-2.264157050607707,86826.0,0.7908,0,1,2411.6984631507544,2193.0016138064184,11.500486773187113
Los Feliz,2022-02-28,2442.5090709039737,296.0,1.5731081304851902,86826.0,0.7908,0,2,2445.2074743380053,2194.3168507663277,11.31068286929342
Los Feliz,2022-03-31,2429.031241595342,284.0,0.283664819041407,86826.0,0.7908,0,3,2442.5090709039737,2185.875863546033,11.123933527261265
Los Feliz,2022-04-30,2440.963636036193,271.0,0.6047403843027821,86826.0,0.7908,0,4,2429.031241595342,2187.461904522432,11.588852404225314
Los Feliz,2022-05-31,2483.458872143071,279.0,0.252076398539236,86826.0,0.7908,0,5,2440.963636036193,2197.919379547258,12.991354244059238
Los Feliz,2022-06-30,2513.4673898701467,306.0,-0.1128267947519412,86826.0,0.7908,0,6,2483.458872143071,2216.493190480171,13.398380859705705
Los Feliz,2022-07-31,2550.704848959063,316.0,-0.4437487897760328,86826.0,0.7908,0,7,2513.4673898701467,2246.0943773228028,13.561784166849478
Los Feliz,2022-08-31,2558.682352194248,329.0,0.3338898163605996,86826.0,0.7908,0,8,2550.704848959063,2274.229296357186,12.507668258987481
Los Feliz,2022-09-30,2565.5568318730934,326.0,0.4539359966398981,86826.0,0.7908,0,9,2558.682352194248,2329.932369745539,10.112931396085468
Los Feliz,2022-10-31,2540.7696176875575,324.0,0.8603499292422434,86826.0,0.7908,0,10,2565.5568318730934,2346.512233322047,8.278558347445419
Los Feliz,2022-11-30,2517.5514637044394,313.0,0.534128414037216,86826.0,0.7908,0,11,2540.7696176875575,2384.84228097769,5.564694310616813
Los Feliz,2022-12-31,2501.594254903753,306.0,0.0301329019570584,86826.0,0.7908,0,12,2517.5514637044394,2411.6984631507544,3.7274888683867635
Los Feliz,2023-01-31,2507.984263166673,302.0,-2.199039208536135,90532.0,0.797,0,1,2501.594254903753,2445.2074743380053,2.5673399696139576
Los Feliz,2023-02-28,2511.0169770335815,289.0,0.5495574360470767,90532.0,0.797,0,2,2507.984263166673,2442.5090709039737,2.8048168559821507
Los Feliz,2023-03-31,2555.429010714475,295.0,0.0225715437323525,90532.0,0.797,0,3,2511.0169770335815,2429.031241595342,5.203628794667847
Los Feliz,2023-04-30,2565.768516837494,286.0,0.1144441399764772,90532.0,0.797,0,4,2555.429010714475,2440.963636036193,5.112934865509433
Los Feliz,2023-05-31,2586.847848155164,313.0,0.4685235871840332,90532.0,0.797,0,5,2565.768516837494,2483.458872143071,4.163104014799912
Los Feliz,2023-06-30,2576.2533385893953,311.0,-0.3124949920674358,90532.0,0.797,0,6,2586.847848155164,2513.4673898701467,2.497981432832219
Los Feliz,2023-07-31,2597.9027208048183,312.0,-0.8938044561617953,90532.0,0.797,0,7,2576.2533385893953,2550.704848959063,1.8503854675705256
Los Feliz,2023-08-31,2591.6337179518414,320.0,0.2789943227899494,90532.0,0.797,0,8,2597.9027208048183,2558.682352194248,1.2878255766815006
Los Feliz,2023-09-30,2608.529608050985,319.0,0.53217301284334,90532.0,0.797,0,9,2591.6337179518414,2565.5568318730934,1.6749882771654567
Los Feliz,2023-10-31,2595.3139949640517,340.0,0.859197760293462,90532.0,0.797,0,10,2608.529608050985,2540.7696176875575,2.1467659600769684
Los Feliz,2023-11-30,2610.6073048993353,326.0,0.5695142378559392,90532.0,0.797,0,11,2595.3139949640517,2517.5514637044394,3.6962835730066645
Los Feliz,2023-12-31,2596.0865850751757,312.0,0.420354684178803,90532.0,0.797,0,12,2610.6073048993353,2501.594254903753,3.7772844251698245
Los Feliz,2024-01-31,2599.62281838632,323.0,-1.123098551502988,90532.0,0.797,0,1,2596.0865850751757,2507.984263166673,3.653872815929904
Los Feliz,2024-02-29,2586.366457177294,310.0,0.2044859096427709,90532.0,0.797,0,2,2599.62281838632,2511.0169770335815,3.000755503960284
Los Feliz,2024-03-31,2586.897425190865,309.0,0.1004400229577262,90532.0,0.797,0,3,2586.366457177294,2555.429010714475,1.2314337179568646
Los Feliz,2024-04-30,2586.2588313910933,300.0,-0.0525586506760933,90532.0,0.797,0,4,2586.897425190865,2565.768516837494,0.7986033977396723
Los Feliz,2024-05-31,2614.9950263181336,296.0,0.1099531503967909,90532.0,0.797,0,5,2586.2588313910933,2586.847848155164,1.088087889786138
Los Feliz,2024-06-30,2636.9070097739395,303.0,-0.6287506168123125,90532.0,0.797,0,6,2614.9950263181336,2576.2533385893953,2.3543364418405544
Los Feliz,2024-07-31,2647.966126561565,298.0,-0.2899340039725806,90532.0,0.797,0,7,2636.9070097739395,2597.9027208048183,1.9270700690916298
Los Feliz,2024-08-31,2641.7265019528045,305.0,0.2811380468135116,90532.0,0.797,0,8,2647.966126561565,2591.6337179518414,1.9328651133830421
Los Feliz,2024-09-30,2646.9036834055723,294.0,0.437345807567846,90532.0,0.797,0,9,2641.7265019528045,2608.529608050985,1.4710998577953216
Los Feliz,2024-10-31,2644.987952064643,307.0,1.4371161974639168,90532.0,0.797,0,10,2646.9036834055723,2595.3139949640517,1.9139864076939794
Los Feliz,2024-11-30,2625.3015136495055,300.0,0.5173281338448854,90532.0,0.797,0,11,2644.987952064643,2610.6073048993353,0.5628655341074706
Los Feliz,2024-12-31,2618.3260632485167,289.0,-0.5756746186937889,90532.0,0.797,0,12,2625.3015136495055,2596.0865850751757,0.8566539460276523
Los Feliz,2025-01-31,2640.738958853258,285.0,-2.0957565649731724,90532.0,0.797,0,1,2618.3260632485167,2599.62281838632,1.5816194632596758
Los Feliz,2025-02-28,2663.7337536056752,269.0,0.6219365206910465,90532.0,0.797,0,2,2640.738958853258,2586.366457177294,2.9913509051930243
Los Feliz,2025-03-31,2646.345207023765,288.0,0.0734683447262574,90532.0,0.797,0,3,2663.7337536056752,2586.897425190865,2.2980339790053206
Los Feliz,2025-04-30,2632.186077454411,271.0,0.7261642567589099,90532.0,0.797,0,4,2646.345207023765,2586.2588313910933,1.7758178534131641
Los Feliz,2025-05-31,2659.8119943751085,275.0,0.1980574525058287,90532.0,0.797,0,5,2632.186077454411,2614.9950263181336,1.7138452504086077
Los Feliz,2025-06-30,2688.510503688723,281.0,-0.814383756602044,90532.0,0.797,0,6,2659.8119943751085,2636.9070097739395,1.95697056147639
Los Feliz,2025-07-31,2698.444301408787,288.0,-0.787589879310624,90532.0,0.797,0,7,2688.510503688723,2647.966126561565,1.906299870715067
Los Feliz,2025-08-31,2682.9277944994715,280.0,0.4499509874817287,90532.0,0.797,0,8,2698.444301408787,2641.7265019528045,1.5596350536745796
Los Feliz,2025-09-30,2687.186537518142,254.0,0.0159976963317376,90532.0,0.797,0,9,2682.9277944994715,2646.9036834055723,1.5218859063560908
Los Feliz,2025-10-31,2678.5400926621446,273.0,1.0332858810921497,90532.0,0.797,0,10,2687.186537518142,2644.987952064643,1.2685177099317713
Los Feliz,2025-11-30,2673.3064631526345,273.0,0.3467109950130442,90532.0,0.797,0,11,2678.5400926621446,2625.3015136495055,1.828549949540692
Los Feliz,2025-12-31,2668.794811201853,278.0,-0.0110437965417098,90532.0,0.797,0,12,2673.3064631526345,2618.3260632485167,1.9275195958871727
Mar Vista,2019-01-31,2581.8213037920987,0.0,,83899.0,0.6363,0,1,,,
Mar Vista,2019-02-28,2622.069588127874,0.0,0.8200448182910547,83899.0,0.6363,0,2,2581.8213037920987,,
Mar Vista,2019-03-31,2661.303230507323,0.0,0.1562323835907708,83899.0,0.6363,0,3,2622.069588127874,,
Mar Vista,2019-04-30,2680.003615633862,0.0,-0.0675414897722825,83899.0,0.6363,0,4,2661.303230507323,,
Mar Vista,2019-05-31,2682.797655469407,0.0,0.1914968942100525,83899.0,0.6363,0,5,2680.003615633862,,
Mar Vista,2019-06-30,2671.317703532959,0.0,0.1204606414930697,83899.0,0.6363,0,6,2682.797655469407,,
Mar Vista,2019-07-31,2697.1964878590857,0.0,-0.9737551334702332,83899.0,0.6363,0,7,2671.317703532959,,
Mar Vista,2019-08-31,2724.01788690729,0.0,0.4260558246529156,83899.0,0.6363,0,8,2697.1964878590857,,
Mar Vista,2019-09-30,2720.755962537318,0.0,0.6049167634533559,83899.0,0.6363,0,9,2724.01788690729,,
Mar Vista,2019-10-31,2684.372342467062,0.0,0.8626356887456499,83899.0,0.6363,0,10,2720.755962537318,,
Mar Vista,2019-11-30,2680.639056393505,0.0,0.902948891185118,83899.0,0.6363,0,11,2684.372342467062,,
Mar Vista,2019-12-31,2673.7161663678744,0.0,0.004726419107337,83899.0,0.6363,0,12,2680.639056393505,,
Mar Vista,2020-01-31,2694.1902673545624,82.0,-1.435188102589957,87589.0,0.6358,0,1,2673.7161663678744,2581.8213037920987,4.352313748338021
Mar Vista,2020-02-29,2701.689660696775,176.0,0.7975705266522803,87589.0,0.6358,0,2,2694.1902673545624,2622.069588127874,3.036535450065947
Mar Vista,2020-03-31,2733.1092376852316,236.0,-1.2907522516808267,87589.0,0.6358,1,3,2701.689660696775,2661.303230507323,2.6981520314849794
Mar Vista,2020-04-30,2690.6968075343457,270.0,-15.616064257028118,87589.0,0.6358,1,4,2733.1092376852316,2680.003615633862,0.3989991594826492
Mar Vista,2020-05-31,2664.39592045921,317.0,0.8776104627919779,87589.0,0.6358,1,5,2690.6968075343457,2682.797655469407,-0.6859158748957928
Mar Vista,2020-06-30,2660.234071880114,372.0,3.093036421966411,87589.0,0.6358,1,6,2664.39592045921,2671.317703532959,-0.4149125219432559
Mar Vista,2020-07-31,2656.7686757792717,342.0,-0.5711252265280353,87589.0,0.6358,1,7,2660.234071880114,2697.1964878590857,-1.4988827199572619
Mar Vista,2020-08-31,2634.7450400560188,305.0,0.5744058029714338,87589.0,0.6358,1,8,2656.7686757792717,2724.01788690729,-3.2772489226429835
Mar Vista,2020-09-30,2587.753094009918,315.0,1.3985245931648072,87589.0,0.6358,1,9,2634.7450400560188,2720.755962537318,-4.888452707951219
Mar Vista,2020-10-31,2578.0989831903353,344.0,2.83790370624446,87589.0,0.6358,1,10,2587.753094009918,2684.372342467062,-3.9589649168809693
Mar Vista,2020-11-30,2554.030671309855,357.0,1.1357851312209233,87589.0,0.6358,1,11,2578.0989831903353,2680.639056393505,-4.723067239570389
Mar Vista,2020-12-31,2541.946086169188,358.0,-0.7984447684510121,87589.0,0.6358,1,12,2554.030671309855,2673.7161663678744,-4.928349607792892
Mar Vista,2021-01-31,2534.8103110428992,372.0,-2.9640257558790517,90983.0,0.6322,1,1,2541.946086169188,2694.1902673545624,-5.915690448550204
Mar Vista,2021-02-28,2542.180562041687,388.0,2.232319953838946,90983.0,0.6322,1,2,2534.8103110428992,2701.689660696775,-5.904049638845255
Mar Vista,2021-03-31,2550.349029333856,375.0,0.9489205587695616,90983.0,0.6322,1,3,2542.180562041687,2733.1092376852316,-6.686897319412011
Mar Vista,2021-04-30,2551.13920112829,384.0,1.450186951811849,90983.0,0.6322,1,4,2550.349029333856,2690.6968075343457,-5.186671572035683
Mar Vista,2021-05-31,2579.2440351083733,383.0,0.9334527418021654,90983.0,0.6322,1,5,2551.13920112829,2664.39592045921,-3.1959171194107294
Mar Vista,2021-06-30,2592.23957595559,394.0,0.0238883390778932,90983.0,0.6322,1,6,2579.2440351083733,2660.234071880114,-2.5559591407108284
Mar Vista,2021-07-31,2642.257507463933,392.0,0.4861821903787033,90983.0,0.6322,0,7,2592.23957595559,2656.7686757792717,-0.5461961535315973
Mar Vista,2021-08-31,2668.546117972655,382.0,1.0474492827434068,90983.0,0.6322,0,8,2642.257507463933,2634.7450400560188,1.2828974873378085
Mar Vista,2021-09-30,2715.032639148558,399.0,-0.0151204596619658,90983.0,0.6322,0,9,2668.546117972655,2587.753094009918,4.918535135104807
Mar Vista,2021-10-31,2738.6312757255946,387.0,2.619595718582479,90983.0,0.6322,0,10,2715.032639148558,2578.0989831903353,6.226769941028576
Mar Vista,2021-11-30,2749.1176011341045,389.0,0.9758973015457252,90983.0,0.6322,0,11,2738.6312757255946,2554.030671309855,7.638394167138096
Mar Vista,2021-12-31,2792.2894707872147,373.0,0.1962119737951573,90983.0,0.6322,0,12,2749.1176011341045,2541.946086169188,9.84849308882485
Mar Vista,2022-01-31,2810.264665185173,379.0,-2.264157050607707,100344.0,0.6328,0,1,2792.2894707872147,2534.8103110428992,10.866862618565843
Mar Vista,2022-02-28,2851.5731276392826,387.0,1.5731081304851902,100344.0,0.6328,0,2,2810.264665185173,2542.180562041687,12.170361547769627
Mar Vista,2022-03-31,2860.791509356669,429.0,0.283664819041407,100344.0,0.6328,0,3,2851.5731276392826,2550.349029333856,12.172548794385985
Mar Vista,2022-04-30,2898.2476321220697,436.0,0.6047403843027821,100344.0,0.6328,0,4,2860.791509356669,2551.13920112829,13.606016905712725
Mar Vista,2022-05-31,2943.746333017937,488.0,0.252076398539236,100344.0,0.6328,0,5,2898.2476321220697,2579.2440351083733,14.132136895462398
Mar Vista,2022-06-30,2955.5890244779644,538.0,-0.1128267947519412,100344.0,0.6328,0,6,2943.746333017937,2592.23957595559,14.016815879698562
Mar Vista,2022-07-31,2986.839400563588,546.0,-0.4437487897760328,100344.0,0.6328,0,7,2955.5890244779644,2642.257507463933,13.041192697012649
Mar Vista,2022-08-31,3011.1169751211633,562.0,0.3338898163605996,100344.0,0.6328,0,8,2986.839400563588,2668.546117972655,12.837359446077933
Mar Vista,2022-09-30,3038.3039399081763,529.0,0.4539359966398981,100344.0,0.6328,0,9,3011.1169751211633,2715.032639148558,11.906718766408542
Mar Vista,2022-10-31,3026.311018371349,548.0,0.8603499292422434,100344.0,0.6328,0,10,3038.3039399081763,2738.6312757255946,10.504508043695449
Mar Vista,2022-11-30,2999.6136440599253,511.0,0.534128414037216,100344.0,0.6328,0,11,3026.311018371349,2749.1176011341045,9.11187076254878
Mar Vista,2022-12-31,2982.3438177651196,454.0,0.0301329019570584,100344.0,0.6328,0,12,2999.6136440599253,2792.2894707872147,6.806398439926942
Mar Vista,2023-01-31,2999.601077514034,441.0,-2.199039208536135,107786.0,0.6141,0,1,2982.3438177651196,2810.264665185173,6.737316049781583
Mar Vista,2023-02-28,3035.0483691277955,418.0,0.5495574360470767,107786.0,0.6141,0,2,2999.601077514034,2851.5731276392826,6.434176269587932
Mar Vista,2023-03-31,3052.5016673500977,406.0,0.0225715437323525,107786.0,0.6141,0,3,3035.0483691277955,2860.791509356669,6.701297783022997
Mar Vista,2023-04-30,3043.3338992979607,390.0,0.1144441399764772,107786.0,0.6141,0,4,3052.5016673500977,2898.2476321220697,5.005999679525663
Mar Vista,2023-05-31,3020.869549296969,398.0,0.4685235871840332,107786.0,0.6141,0,5,3043.3338992979607,2943.746333017937,2.6199002072289757
Mar Vista,2023-06-30,3029.230329532478,431.0,-0.3124949920674358,107786.0,0.6141,0,6,3020.869549296969,2955.5890244779644,2.4915948883495798
Mar Vista,2023-07-31,3044.883950112654,467.0,-0.8938044561617953,107786.0,0.6141,0,7,3029.230329532478,2986.839400563588,1.9433435067889526
Mar Vista,2023-08-31,3055.5356806030477,500.0,0.2789943227899494,107786.0,0.6141,0,8,3044.883950112654,3011.1169751211633,1.4751570878476672
Mar Vista,2023-09-30,3065.793876545469,504.0,0.53217301284334,107786.0,0.6141,0,9,3055.5356806030477,3038.3039399081763,0.904779020828439
Mar Vista,2023-10-31,3073.7409066311134,533.0,0.859197760293462,107786.0,0.6141,0,10,3065.793876545469,3026.311018371349,1.5672509524579326
Mar Vista,2023-11-30,3060.562410395754,542.0,0.5695142378559392,107786.0,0.6141,0,11,3073.7409066311134,2999.6136440599253,2.0318872217601758
Mar Vista,2023-12-31,3044.195883748184,525.0,0.420354684178803,107786.0,0.6141,0,12,3060.562410395754,2982.3438177651196,2.073941495766718
Mar Vista,2024-01-31,3028.84963064393,499.0,-1.123098551502988,107786.0,0.6141,0,1,3044.195883748184,2999.601077514034,0.9750814316327849
Mar Vista,2024-02-29,3043.11336266875,475.0,0.2044859096427709,107786.0,0.6141,0,2,3028.84963064393,3035.0483691277955,0.2657286659082825
Mar Vista,2024-03-31,3072.941720462444,464.0,0.1004400229577262,107786.0,0.6141,0,3,3043.11336266875,3052.5016673500977,0.6696164438164232
Mar Vista,2024-04-30,3090.6562238018896,425.0,-0.0525586506760933,107786.0,0.6141,0,4,3072.941720462444,3043.3338992979607,1.554950132643862
Mar Vista,2024-05-31,3096.144923780874,403.0,0.1099531503967909,107786.0,0.6141,0,5,3090.6562238018896,3020.869549296969,2.4918445916151333
Mar Vista,2024-06-30,3075.258898073624,428.0,-0.6287506168123125,107786.0,0.6141,0,6,3096.144923780874,3029.230329532478,1.5194806447170972
Mar Vista,2024-07-31,3061.835781976234,433.0,-0.2899340039725806,107786.0,0.6141,0,7,3075.258898073624,3044.883950112654,0.5567316239738052
Mar Vista,2024-08-31,3058.02000213755,438.0,0.2811380468135116,107786.0,0.6141,0,8,3061.835781976234,3055.5356806030477,0.08130559725658681
Mar Vista,2024-09-30,3072.244609467607,448.0,0.437345807567846,107786.0,0.6141,0,9,3058.02000213755,3065.793876545469,0.2104098703924029
Mar Vista,2024-10-31,3077.595811723638,466.0,1.4371161974639168,107786.0,0.6141,0,10,3072.244609467607,3073.7409066311134,0.12541411945972136
Mar Vista,2024-11-30,3079.1257836344193,457.0,0.5173281338448854,107786.0,0.6141,0,11,3077.595811723638,3060.562410395754,0.6065347066804394
Mar Vista,2024-12-31,3055.5557363869034,445.0,-0.5756746186937889,107786.0,0.6141,0,12,3079.1257836344193,3044.195883748184,0.3731643124335493
Mar Vista,2025-01-31,3068.8955474498516,444.0,-2.0957565649731724,107786.0,0.6141,0,1,3055.5557363869034,3028.84963064393,1.3221493863796674
Mar Vista,2025-02-28,3094.51002537014,429.0,0.6219365206910465,107786.0,0.6141,0,2,3068.8955474498516,3043.11336266875,1.6889499856264312
Mar Vista,2025-03-31,3164.284718363292,435.0,0.0734683447262574,107786.0,0.6141,0,3,3094.51002537014,3072.941720462444,2.9724936627532728
Mar Vista,2025-04-30,3168.3196594630526,449.0,0.7261642567589099,107786.0,0.6141,0,4,3164.284718363292,3090.6562238018896,2.5128461413164604
Mar Vista,2025-05-31,3182.365004293344,453.0,0.1980574525058287,107786.0,0.6141,0,5,3168.3196594630526,3096.144923780874,2.7847559670166167
Mar Vista,2025-06-30,3149.6986505372124,467.0,-0.814383756602044,107786.0,0.6141,0,6,3182.365004293344,3075.258898073624,2.420601156872304
Mar Vista,2025-07-31,3167.675447670227,476.0,-0.787589879310624,107786.0,0.6141,0,7,3149.6986505372124,3061.835781976234,3.456738807385684
Mar Vista,2025-08-31,3153.2868491871836,509.0,0.4499509874817287,107786.0,0.6141,0,8,3167.675447670227,3058.02000213755,3.115311442797708
Mar Vista,2025-09-30,3187.681908201884,517.0,0.0159976963317376,107786.0,0.6141,0,9,3153.2868491871836,3072.244609467607,3.75742538138204
Mar Vista,2025-10-31,3179.274286039494,532.0,1.0332858810921497,107786.0,0.6141,0,10,3187.681908201884,3077.595811723638,3.3038280702270217
Mar Vista,2025-11-30,3177.675953565589,539.0,0.3467109950130442,107786.0,0.6141,0,11,3179.274286039494,3079.1257836344193,3.200589285925415
Mar Vista,2025-12-31,3130.157423982606,520.0,-0.0110437965417098,107786.0,0.6141,0,12,3177.675953565589,3055.5557363869034,2.441509631367955
Mid-Wilshire,2019-01-31,2519.954578977475,0.0,,80539.0,0.8272,0,1,,,
Mid-Wilshire,2019-02-28,2520.916140339109,0.0,0.8200448182910547,80539.0,0.8272,0,2,2519.954578977475,,
Mid-Wilshire,2019-03-31,2507.886710776786,0.0,0.1562323835907708,80539.0,0.8272,0,3,2520.916140339109,,
Mid-Wilshire,2019-04-30,2503.890490008889,0.0,-0.0675414897722825,80539.0,0.8272,0,4,2507.886710776786,,
Mid-Wilshire,2019-05-31,2538.4797933443574,0.0,0.1914968942100525,80539.0,0.8272,0,5,2503.890490008889,,
Mid-Wilshire,2019-06-30,2538.284821302027,0.0,0.1204606414930697,80539.0,0.8272,0,6,2538.4797933443574,,
Mid-Wilshire,2019-07-31,2533.3175851970295,0.0,-0.9737551334702332,80539.0,0.8272,0,7,2538.284821302027,,
Mid-Wilshire,2019-08-31,2525.0627795132596,0.0,0.4260558246529156,80539.0,0.8272,0,8,2533.3175851970295,,
Mid-Wilshire,2019-09-30,2540.3083893581233,0.0,0.6049167634533559,80539.0,0.8272,0,9,2525.0627795132596,,
Mid-Wilshire,2019-10-31,2553.34044784121,0.0,0.8626356887456499,80539.0,0.8272,0,10,2540.3083893581233,,
Mid-Wilshire,2019-11-30,2568.3501716943065,0.0,0.902948891185118,80539.0,0.8272,0,11,2553.34044784121,,
Mid-Wilshire,2019-12-31,2582.910814481249,0.0,0.004726419107337,80539.0,0.8272,0,12,2568.3501716943065,,
Mid-Wilshire,2020-01-31,2570.862408502859,42.0,-1.435188102589957,84315.0,0.8244,0,1,2582.910814481249,2519.954578977475,2.020188377603249
Mid-Wilshire,2020-02-29,2572.927273623297,80.0,0.7975705266522803,84315.0,0.8244,0,2,2570.862408502859,2520.916140339109,2.0631837946498033
Mid-Wilshire,2020-03-31,2543.718989102077,101.0,-1.2907522516808267,84315.0,0.8244,1,3,2572.927273623297,2507.886710776786,1.4287837712650298
Mid-Wilshire,2020-04-30,2478.479830667404,107.0,-15.616064257028118,84315.0,0.8244,1,4,2543.718989102077,2503.890490008889,-1.014847072700653
Mid-Wilshire,2020-05-31,2444.13732138127,121.0,0.8776104627919779,84315.0,0.8244,1,5,2478.479830667404,2538.4797933443574,-3.7164948962936095
Mid-Wilshire,2020-06-30,2413.3066980180406,143.0,3.093036421966411,84315.0,0.8244,1,6,2444.13732138127,2538.284821302027,-4.923723383409673
Mid-Wilshire,2020-07-31,2433.2464914495245,115.0,-0.5711252265280353,84315.0,0.8244,1,7,2413.3066980180406,2533.3175851970295,-3.9501993090898635
Mid-Wilshire,2020-08-31,2409.106541785687,95.0,0.5744058029714338,84315.0,0.8244,1,8,2433.2464914495245,2525.0627795132596,-4.592212069670786
Mid-Wilshire,2020-09-30,2365.085433982428,100.0,1.3985245931648072,84315.0,0.8244,1,9,2409.106541785687,2540.3083893581233,-6.897704078360734
Mid-Wilshire,2020-10-31,2322.563664917492,116.0,2.83790370624446,84315.0,0.8244,1,10,2365.085433982428,2553.34044784121,-9.038230022120008
Mid-Wilshire,2020-11-30,2300.4043719778388,125.0,1.1357851312209233,84315.0,0.8244,1,11,2322.563664917492,2568.3501716943065,-10.432603882036362
Mid-Wilshire,2020-12-31,2308.6548606042847,128.0,-0.7984447684510121,84315.0,0.8244,1,12,2300.4043719778388,2582.910814481249,-10.618096154901336
Mid-Wilshire,2021-01-31,2329.868556700645,127.0,-2.9640257558790517,87868.0,0.8409,1,1,2308.6548606042847,2570.862408502859,-9.374047051493385
Mid-Wilshire,2021-02-28,2342.626348546032,124.0,2.232319953838946,87868.0,0.8409,1,2,2329.868556700645,2572.927273623297,-8.950930227924637
Mid-Wilshire,2021-03-31,2375.935604135789,128.0,0.9489205587695616,87868.0,0.8409,1,3,2342.626348546032,2543.718989102077,-6.595987437492646
Mid-Wilshire,2021-04-30,2396.958578174937,142.0,1.450186951811849,87868.0,0.8409,1,4,2375.935604135789,2478.479830667404,-3.289163441387166
Mid-Wilshire,2021-05-31,2442.09680084637,142.0,0.9334527418021654,87868.0,0.8409,1,5,2396.958578174937,2444.13732138127,-0.08348632939112477
Mid-Wilshire,2021-06-30,2479.8856988237253,138.0,0.0238883390778932,87868.0,0.8409,1,6,2442.09680084637,2413.3066980180406,2.7588288243828973
Mid-Wilshire,2021-07-31,2541.796272724687,155.0,0.4861821903787033,87868.0,0.8409,0,7,2479.8856988237253,2433.2464914495245,4.461109125467089
Mid-Wilshire,2021-08-31,2587.5056396836535,161.0,1.0474492827434068,87868.0,0.8409,0,8,2541.796272724687,2409.106541785687,7.405197520477147
Mid-Wilshire,2021-09-30,2646.798290724244,150.0,-0.0151204596619658,87868.0,0.8409,0,9,2587.5056396836535,2365.085433982428,11.911318411337724
Mid-Wilshire,2021-10-31,2678.222556519472,145.0,2.619595718582479,87868.0,0.8409,0,10,2646.798290724244,2322.563664917492,15.313203120079578
Mid-Wilshire,2021-11-30,2693.6094128376003,143.0,0.9758973015457252,87868.0,0.8409,0,11,2678.222556519472,2300.4043719778388,17.092866178205533
Mid-Wilshire,2021-12-31,2709.652929050393,146.0,0.1962119737951573,87868.0,0.8409,0,12,2693.6094128376003,2308.6548606042847,17.369338106309584
Mid-Wilshire,2022-01-31,2715.14796657889,134.0,-2.264157050607707,97583.0,0.8524,0,1,2709.652929050393,2329.868556700645,16.53652987290597
Mid-Wilshire,2022-02-28,2747.6569782700676,152.0,1.5731081304851902,97583.0,0.8524,0,2,2715.14796657889,2342.626348546032,17.289595926188596
Mid-Wilshire,2022-03-31,2772.5945178377165,176.0,0.283664819041407,97583.0,0.8524,0,3,2747.6569782700676,2375.935604135789,16.694851199311266
Mid-Wilshire,2022-04-30,2814.0379061049925,168.0,0.6047403843027821,97583.0,0.8524,0,4,2772.5945178377165,2396.958578174937,17.400356089908865
Mid-Wilshire,2022-05-31,2827.6478065754613,176.0,0.252076398539236,97583.0,0.8524,0,5,2814.0379061049925,2442.09680084637,15.787703648580553
Mid-Wilshire,2022-06-30,2839.391424109584,178.0,-0.1128267947519412,97583.0,0.8524,0,6,2827.6478065754613,2479.8856988237253,14.496866748994996
Mid-Wilshire,2022-07-31,2854.120706035129,196.0,-0.4437487897760328,97583.0,0.8524,0,7,2839.391424109584,2541.796272724687,12.287547851962376
Mid-Wilshire,2022-08-31,2875.0062926265005,209.0,0.3338898163605996,97583.0,0.8524,0,8,2854.120706035129,2587.5056396836535,11.11111212797189
Mid-Wilshire,2022-09-30,2873.829744997573,204.0,0.4539359966398981,97583.0,0.8524,0,9,2875.0062926265005,2646.798290724244,8.577588064378205
Mid-Wilshire,2022-10-31,2859.3778884273615,215.0,0.8603499292422434,97583.0,0.8524,0,10,2873.829744997573,2678.222556519472,6.764013373978628
Mid-Wilshire,2022-11-30,2869.6676276014127,216.0,0.534128414037216,97583.0,0.8524,0,11,2859.3778884273615,2693.6094128376003,6.5361449185887155
Mid-Wilshire,2022-12-31,2894.2793145473634,225.0,0.0301329019570584,97583.0,0.8524,0,12,2869.6676276014127,2709.652929050393,6.813654380514089
Mid-Wilshire,2023-01-31,2893.07647300204,218.0,-2.199039208536135,102877.0,0.8661,0,1,2894.2793145473634,2715.14796657889,6.553179002149978
Mid-Wilshire,2023-02-28,2881.975091240094,190.0,0.5495574360470767,102877.0,0.8661,0,2,2893.07647300204,2747.6569782700676,4.888460023659635
Mid-Wilshire,2023-03-31,2861.1299663571517,196.0,0.0225715437323525,102877.0,0.8661,0,3,2881.975091240094,2772.5945178377165,3.1932346381641885
Mid-Wilshire,2023-04-30,2866.8750978383523,198.0,0.1144441399764772,102877.0,0.8661,0,4,2861.1299663571517,2814.0379061049925,1.877628997773284
Mid-Wilshire,2023-05-31,2850.2922341068515,205.0,0.4685235871840332,102877.0,0.8661,0,5,2866.8750978383523,2827.6478065754613,0.8008220641457786
Mid-Wilshire,2023-06-30,2846.6095615748677,212.0,-0.3124949920674358,102877.0,0.8661,0,6,2850.2922341068515,2839.391424109584,0.2542142447847784
Mid-Wilshire,2023-07-31,2833.9488197921487,214.0,-0.8938044561617953,102877.0,0.8661,0,7,2846.6095615748677,2854.120706035129,-0.7067635997428656
Mid-Wilshire,2023-08-31,2840.9211732273193,229.0,0.2789943227899494,102877.0,0.8661,0,8,2833.9488197921487,2875.0062926265005,-1.1855667755092947
Mid-Wilshire,2023-09-30,2841.0683031431067,227.0,0.53217301284334,102877.0,0.8661,0,9,2840.9211732273193,2873.829744997573,-1.1399924408011186
Mid-Wilshire,2023-10-31,2829.446067438184,224.0,0.859197760293462,102877.0,0.8661,0,10,2841.0683031431067,2859.3778884273615,-1.046794867873857
Mid-Wilshire,2023-11-30,2795.3758405046856,229.0,0.5695142378559392,102877.0,0.8661,0,11,2829.446067438184,2869.6676276014127,-2.588863824582477
Mid-Wilshire,2023-12-31,2751.970723808199,224.0,0.420354684178803,102877.0,0.8661,0,12,2795.3758405046856,2894.2793145473634,-4.916892092061953
Mid-Wilshire,2024-01-31,2749.2909890534797,229.0,-1.123098551502988,102877.0,0.8661,0,1,2751.970723808199,2893.07647300204,-4.969985594586079
Mid-Wilshire,2024-02-29,2758.5472707247563,216.0,0.2044859096427709,102877.0,0.8661,0,2,2749.2909890534797,2881.975091240094,-4.282751120594441
Mid-Wilshire,2024-03-31,2784.7550325929424,206.0,0.1004400229577262,102877.0,0.8661,0,3,2758.5472707247563,2861.1299663571517,-2.6693975688721117
Mid-Wilshire,2024-04-30,2792.464097853209,206.0,-0.0525586506760933,102877.0,0.8661,0,4,2784.7550325929424,2866.8750978383523,-2.5955438393967745
Mid-Wilshire,2024-05-31,2799.970081530058,214.0,0.1099531503967909,102877.0,0.8661,0,5,2792.464097853209,2850.2922341068515,-1.7655085318843522
Mid-Wilshire,2024-06-30,2822.6689712229986,201.0,-0.6287506168123125,102877.0,0.8661,0,6,2799.970081530058,2846.6095615748677,-0.8410212160821939
Mid-Wilshire,2024-07-31,2841.549440738074,214.0,-0.2899340039725806,102877.0,0.8661,0,7,2822.6689712229986,2833.9488197921487,0.26819894886043194
Mid-Wilshire,2024-08-31,2852.88730200072,252.0,0.2811380468135116,102877.0,0.8661,0,8,2841.549440738074,2840.9211732273193,0.4212059414449465
Mid-Wilshire,2024-09-30,2823.084700872034,275.0,0.437345807567846,102877.0,0.8661,0,9,2852.88730200072,2841.0683031431067,-0.6329873256189389
Mid-Wilshire,2024-10-31,2830.914875910445,296.0,1.4371161974639168,102877.0,0.8661,0,10,2823.084700872034,2829.446067438184,0.051911520391367816
Mid-Wilshire,2024-11-30,2817.702203953145,295.0,0.5173281338448854,102877.0,0.8661,0,11,2830.914875910445,2795.3758405046856,0.7986891467312907
Mid-Wilshire,2024-12-31,2850.7311139703916,305.0,-0.5756746186937889,102877.0,0.8661,0,12,2817.702203953145,2751.970723808199,3.588715145396848
Mid-Wilshire,2025-01-31,2861.63916809483,299.0,-2.0957565649731724,102877.0,0.8661,0,1,2850.7311139703916,2749.2909890534797,4.086441904064486
Mid-Wilshire,2025-02-28,2901.6589824887164,279.0,0.6219365206910465,102877.0,0.8661,0,2,2861.63916809483,2758.5472707247563,5.187937625094974
Mid-Wilshire,2025-03-31,2909.1650213377548,265.0,0.0734683447262574,102877.0,0.8661,0,3,2901.6589824887164,2784.7550325929424,4.467537980494174
Mid-Wilshire,2025-04-30,2881.339358487048,254.0,0.7261642567589099,102877.0,0.8661,0,4,2909.1650213377548,2792.464097853209,3.182682302063067
Mid-Wilshire,2025-05-31,2839.7338430122145,246.0,0.1980574525058287,102877.0,0.8661,0,5,2881.339358487048,2799.970081530058,1.4201495131843433
Mid-Wilshire,2025-06-30,2831.06521447498,250.0,-0.814383756602044,102877.0,0.8661,0,6,2839.7338430122145,2822.6689712229986,0.2974575955445369
Mid-Wilshire,2025-07-31,2850.9306839450674,246.0,-0.787589879310624,102877.0,0.8661,0,7,2831.06521447498,2841.549440738074,0.3301453450887948
Mid-Wilshire,2025-08-31,2869.4986132962135,243.0,0.4499509874817287,102877.0,0.8661,0,8,2850.9306839450674,2852.88730200072,0.5822631438628489
Mid-Wilshire,2025-09-30,2855.3977248287315,233.0,0.0159976963317376,102877.0,0.8661,0,9,2869.4986132962135,2823.084700872034,1.1445998749777697
Mid-Wilshire,2025-10-31,2840.689177968033,216.0,1.0332858810921497,102877.0,0.8661,0,10,2855.3977248287315,2830.914875910445,0.3452700800282704
Mid-Wilshire,2025-11-30,2819.0813081645774,212.0,0.3467109950130442,102877.0,0.8661,0,11,2840.689177968033,2817.702203953145,0.04894428550674679
Mid-Wilshire,2025-12-31,2822.822514780627,203.0,-0.0110437965417098,102877.0,0.8661,0,12,2819.0813081645774,2850.7311139703916,-0.978997950841265
Palms,2019-01-31,2252.6717235952383,0.0,,75714.0,0.8146,0,1,,,
Palms,2019-02-28,2264.6791870234274,0.0,0.8200448182910547,75714.0,0.8146,0,2,2252.6717235952383,,
Palms,2019-03-31,2274.83818647827,0.0,0.1562323835907708,75714.0,0.8146,0,3,2264.6791870234274,,
Palms,2019-04-30,2287.9328710585123,0.0,-0.0675414897722825,75714.0,0.8146,0,4,2274.83818647827,,
Palms,2019-05-31,2292.452846434985,0.0,0.1914968942100525,75714.0,0.8146,0,5,2287.9328710585123,,
Palms,2019-06-30,2287.7869645326755,0.0,0.1204606414930697,75714.0,0.8146,0,6,2292.452846434985,,
Palms,2019-07-31,2297.799014492384,0.0,-0.9737551334702332,75714.0,0.8146,0,7,2287.7869645326755,,
Palms,2019-08-31,2301.7362784624015,0.0,0.4260558246529156,75714.0,0.8146,0,8,2297.799014492384,,
Palms,2019-09-30,2315.482554941449,0.0,0.6049167634533559,75714.0,0.8146,0,9,2301.7362784624015,,
Palms,2019-10-31,2312.9592211453787,0.0,0.8626356887456499,75714.0,0.8146,0,10,2315.482554941449,,
Palms,2019-11-30,2308.1391656340143,0.0,0.902948891185118,75714.0,0.8146,0,11,2312.9592211453787,,
Palms,2019-12-31,2307.1348219483484,0.0,0.004726419107337,75714.0,0.8146,0,12,2308.1391656340143,,
Palms,2020-01-31,2303.980490243249,93.0,-1.435188102589957,80773.0,0.7987,0,1,2307.1348219483484,2252.6717235952383,2.277685031093757
Palms,2020-02-29,2313.7502293277735,185.0,0.7975705266522803,80773.0,0.7987,0,2,2303.980490243249,2264.6791870234274,2.166798837801065
Palms,2020-03-31,2308.2343006028427,250.0,-1.2907522516808267,80773.0,0.7987,1,3,2313.7502293277735,2274.83818647827,1.4680654792538883
Palms,2020-04-30,2292.047493142089,287.0,-15.616064257028118,80773.0,0.7987,1,4,2308.2343006028427,2287.9328710585123,0.1798401577085107
Palms,2020-05-31,2283.5941159997,345.0,0.8776104627919779,80773.0,0.7987,1,5,2292.047493142089,2292.452846434985,-0.3864302137800202
Palms,2020-06-30,2272.653869530725,383.0,3.093036421966411,80773.0,0.7987,1,6,2283.5941159997,2287.7869645326755,-0.6614730845379113
Palms,2020-07-31,2281.4481409641608,334.0,-0.5711252265280353,80773.0,0.7987,1,7,2272.653869530725,2297.799014492384,-0.7115884994769672
Palms,2020-08-31,2257.5339324642905,312.0,0.5744058029714338,80773.0,0.7987,1,8,2281.4481409641608,2301.7362784624015,-1.920391419804135
Palms,2020-09-30,2235.6304881261976,331.0,1.3985245931648072,80773.0,0.7987,1,9,2257.5339324642905,2315.482554941449,-3.448614486204604
Palms,2020-10-31,2199.4836699986968,370.0,2.83790370624446,80773.0,0.7987,1,10,2235.6304881261976,2312.9592211453787,-4.906076601319798
Palms,2020-11-30,2160.8797098924215,367.0,1.1357851312209233,80773.0,0.7987,1,11,2199.4836699986968,2308.1391656340143,-6.380007667394816
Palms,2020-12-31,2127.7284161346724,383.0,-0.7984447684510121,80773.0,0.7987,1,12,2160.8797098924215,2307.1348219483484,-7.776156126938838
Palms,2021-01-31,2116.099066089444,387.0,-2.9640257558790517,88490.0,0.796,1,1,2127.7284161346724,2303.980490243249,-8.154644752828123
Palms,2021-02-28,2124.441951614716,357.0,2.232319953838946,88490.0,0.796,1,2,2116.099066089444,2313.7502293277735,-8.181880451636236
Palms,2021-03-31,2130.7472252188377,324.0,0.9489205587695616,88490.0,0.796,1,3,2124.441951614716,2308.2343006028427,-7.689300663180109
Palms,2021-04-30,2137.469446048131,311.0,1.450186951811849,88490.0,0.796,1,4,2130.7472252188377,2292.047493142089,-6.7441031460500955
Palms,2021-05-31,2160.7016652060156,305.0,0.9334527418021654,88490.0,0.796,1,5,2137.469446048131,2283.5941159997,-5.381536496904371
Palms,2021-06-30,2197.279035882266,300.0,0.0238883390778932,88490.0,0.796,1,6,2160.7016652060156,2272.653869530725,-3.316599798104014
Palms,2021-07-31,2228.692690288585,308.0,0.4861821903787033,88490.0,0.796,0,7,2197.279035882266,2281.4481409641608,-2.31236685718752
Palms,2021-08-31,2274.820353850855,329.0,1.0474492827434068,88490.0,0.796,0,8,2228.692690288585,2257.5339324642905,0.7657214422329917
Palms,2021-09-30,2300.500871257461,329.0,-0.0151204596619658,88490.0,0.796,0,9,2274.820353850855,2235.6304881261976,2.9016594412985652
Palms,2021-10-31,2340.526198183922,320.0,2.619595718582479,88490.0,0.796,0,10,2300.500871257461,2199.4836699986968,6.412528999831535
Palms,2021-11-30,2352.639792025845,304.0,0.9758973015457252,88490.0,0.796,0,11,2340.526198183922,2160.8797098924215,8.874167370610841
Palms,2021-12-31,2377.029715020453,300.0,0.1962119737951573,88490.0,0.796,0,12,2352.639792025845,2127.7284161346724,11.71678194431751
Palms,2022-01-31,2396.366444537334,306.0,-2.264157050607707,97511.0,0.7966,0,1,2377.029715020453,2116.099066089444,13.244530132789322
Palms,2022-02-28,2409.480910767149,296.0,1.5731081304851902,97511.0,0.7966,0,2,2396.366444537334,2124.441951614716,13.417121561536893
Palms,2022-03-31,2421.6933441234783,325.0,0.283664819041407,97511.0,0.7966,0,3,2409.480910767149,2130.7472252188377,13.654652014143021
Palms,2022-04-30,2433.858890069356,321.0,0.6047403843027821,97511.0,0.7966,0,4,2421.6933441234783,2137.469446048131,13.866371029031832
Palms,2022-05-31,2468.036971783568,364.0,0.252076398539236,97511.0,0.7966,0,5,2433.858890069356,2160.7016652060156,14.223865863881247
Palms,2022-06-30,2508.8123755433603,385.0,-0.1128267947519412,97511.0,0.7966,0,6,2468.036971783568,2197.279035882266,14.178141900671504
Palms,2022-07-31,2546.2517657957737,378.0,-0.4437487897760328,97511.0,0.7966,0,7,2508.8123755433603,2228.692690288585,14.248670392779438
Palms,2022-08-31,2572.246813081917,398.0,0.3338898163605996,97511.0,0.7966,0,8,2546.2517657957737,2274.820353850855,13.074722965599172
Palms,2022-09-30,2584.487796596936,366.0,0.4539359966398981,97511.0,0.7966,0,9,2572.246813081917,2300.500871257461,12.34456934520729
Palms,2022-10-31,2591.575022133839,370.0,0.8603499292422434,97511.0,0.7966,0,10,2584.487796596936,2340.526198183922,10.7261702152581
Palms,2022-11-30,2587.9828174412,339.0,0.534128414037216,97511.0,0.7966,0,11,2591.575022133839,2352.639792025845,10.003359894406216
Palms,2022-12-31,2567.8905269382044,327.0,0.0301329019570584,97511.0,0.7966,0,12,2587.9828174412,2377.029715020453,8.02938266659865
Palms,2023-01-31,2563.0930671789192,314.0,-2.199039208536135,103082.0,0.7935,0,1,2567.8905269382044,2396.366444537334,6.957476099769688
Palms,2023-02-28,2561.92035439218,294.0,0.5495574360470767,103082.0,0.7935,0,2,2563.0930671789192,2409.480910767149,6.326650812788381
Palms,2023-03-31,2596.060453667148,302.0,0.0225715437323525,103082.0,0.7935,0,3,2561.92035439218,2421.6933441234783,7.20021426192512
Palms,2023-04-30,2595.6141657427797,311.0,0.1144441399764772,103082.0,0.7935,0,4,2596.060453667148,2433.858890069356,6.646041655636581
Palms,2023-05-31,2605.757484951191,322.0,0.4685235871840332,103082.0,0.7935,0,5,2595.6141657427797,2468.036971783568,5.58016410378559
Palms,2023-06-30,2598.216656168955,317.0,-0.3124949920674358,103082.0,0.7935,0,6,2605.757484951191,2508.8123755433603,3.563609678313684
Palms,2023-07-31,2610.4143761262926,323.0,-0.8938044561617953,103082.0,0.7935,0,7,2598.216656168955,2546.2517657957737,2.519884765223379
Palms,2023-08-31,2612.0822177618443,338.0,0.2789943227899494,103082.0,0.7935,0,8,2610.4143761262926,2572.246813081917,1.5486618343672376
Palms,2023-09-30,2624.335811225057,352.0,0.53217301284334,103082.0,0.7935,0,9,2612.0822177618443,2584.487796596936,1.5418147719865605
Palms,2023-10-31,2612.880292428429,346.0,0.859197760293462,103082.0,0.7935,0,10,2624.335811225057,2591.575022133839,0.8220973775649343
Palms,2023-11-30,2597.24039326374,347.0,0.5695142378559392,103082.0,0.7935,0,11,2612.880292428429,2587.9828174412,0.35771396008312806
Palms,2023-12-31,2577.056037231609,328.0,0.420354684178803,103082.0,0.7935,0,12,2597.24039326374,2567.8905269382044,0.3569276103188468
Palms,2024-01-31,2572.618985881258,317.0,-1.123098551502988,103082.0,0.7935,0,1,2577.056037231609,2563.0930671789192,0.37165715222442497
Palms,2024-02-29,2586.7843194346046,296.0,0.2044859096427709,103082.0,0.7935,0,2,2572.618985881258,2561.92035439218,0.9705206096589869
Palms,2024-03-31,2602.1240086256807,267.0,0.1004400229577262,103082.0,0.7935,0,3,2586.7843194346046,2596.060453667148,0.23356755617796043
Palms,2024-04-30,2621.0789432948013,257.0,-0.0525586506760933,103082.0,0.7935,0,4,2602.1240086256807,2595.6141657427797,0.9810694473820103
Palms,2024-05-31,2620.439461870065,249.0,0.1099531503967909,103082.0,0.7935,0,5,2621.0789432948013,2605.757484951191,0.5634437204408149
Palms,2024-06-30,2607.418197428363,281.0,-0.6287506168123125,103082.0,0.7935,0,6,2620.439461870065,2598.216656168955,0.3541483439250648
Palms,2024-07-31,2614.2635580774536,293.0,-0.2899340039725806,103082.0,0.7935,0,7,2607.418197428363,2610.4143761262926,0.1474548250409491
Palms,2024-08-31,2624.8417479169707,304.0,0.2811380468135116,103082.0,0.7935,0,8,2614.2635580774536,2612.0822177618443,0.48848118441153776
Palms,2024-09-30,2650.1538860286587,323.0,0.437345807567846,103082.0,0.7935,0,9,2624.8417479169707,2624.335811225057,0.9837946307469592
Palms,2024-10-31,2640.782730710924,342.0,1.4371161974639168,103082.0,0.7935,0,10,2650.1538860286587,2612.880292428429,1.0678804675189335
Palms,2024-11-30,2626.2773836899764,336.0,0.5173281338448854,103082.0,0.7935,0,11,2640.782730710924,2597.24039326374,1.1179939485596924
Palms,2024-12-31,2621.119170497035,321.0,-0.5756746186937889,103082.0,0.7935,0,12,2626.2773836899764,2577.056037231609,1.7098244131610318
Palms,2025-01-31,2645.1712977098623,319.0,-2.0957565649731724,103082.0,0.7935,0,1,2621.119170497035,2572.618985881258,2.8201732252920886
Palms,2025-02-28,2663.1765015767605,308.0,0.6219365206910465,103082.0,0.7935,0,2,2645.1712977098623,2586.7843194346046,2.953171687651679
Palms,2025-03-31,2671.230673969042,293.0,0.0734683447262574,103082.0,0.7935,0,3,2663.1765015767605,2602.1240086256807,2.655779091014976
Palms,2025-04-30,2664.507664924721,279.0,0.7261642567589099,103082.0,0.7935,0,4,2671.230673969042,2621.0789432948013,1.6569024653384945
Palms,2025-05-31,2666.0189605552077,288.0,0.1980574525058287,103082.0,0.7935,0,5,2664.507664924721,2620.439461870065,1.7393837693397973
Palms,2025-06-30,2660.561415608639,288.0,-0.814383756602044,103082.0,0.7935,0,6,2666.0189605552077,2607.418197428363,2.038154762925637
Palms,2025-07-31,2662.334645357212,300.0,-0.787589879310624,103082.0,0.7935,0,7,2660.561415608639,2614.2635580774536,1.8388003432641797
Palms,2025-08-31,2672.344715378664,303.0,0.4499509874817287,103082.0,0.7935,0,8,2662.334645357212,2624.8417479169707,1.809745958947473
Palms,2025-09-30,2687.5457703996253,317.0,0.0159976963317376,103082.0,0.7935,0,9,2672.344715378664,2650.1538860286587,1.41093257142888
Palms,2025-10-31,2689.156238236012,316.0,1.0332858810921497,103082.0,0.7935,0,10,2687.5457703996253,2640.782730710924,1.8317867260539522
Palms,2025-11-30,2683.5827221991053,307.0,0.3467109950130442,103082.0,0.7935,0,11,2689.156238236012,2626.2773836899764,2.1819987052781764
Palms,2025-12-31,2665.558292275097,318.0,-0.0110437965417098,103082.0,0.7935,0,12,2683.5827221991053,2621.119170497035,1.6954254609352626
Santa Monica,2019-01-31,3054.2046195323096,0.0,,98857.42,0.733,0,1,,,
Santa Monica,2019-02-28,3052.3238225808855,0.0,0.8200448182910547,98857.42,0.733,0,2,3054.2046195323096,,
Santa Monica,2019-03-31,3083.989762651096,0.0,0.1562323835907708,98857.42,0.733,0,3,3052.3238225808855,,
Santa Monica,2019-04-30,3085.892883810126,0.0,-0.0675414897722825,98857.42,0.733,0,4,3083.989762651096,,
Santa Monica,2019-05-31,3098.8094741043355,0.0,0.1914968942100525,98857.42,0.733,0,5,3085.892883810126,,
Santa Monica,2019-06-30,3107.5040837995516,0.0,0.1204606414930697,98857.42,0.733,0,6,3098.8094741043355,,
Santa Monica,2019-07-31,3115.0341831160276,0.0,-0.9737551334702332,98857.42,0.733,0,7,3107.5040837995516,,
Santa Monica,2019-08-31,3132.592651839428,0.0,0.4260558246529156,98857.42,0.733,0,8,3115.0341831160276,,
Santa Monica,2019-09-30,3159.416634891566,0.0,0.6049167634533559,98857.42,0.733,0,9,3132.592651839428,,
Santa Monica,2019-10-31,3159.871370287261,0.0,0.8626356887456499,98857.42,0.733,0,10,3159.416634891566,,
Santa Monica,2019-11-30,3136.541100459495,0.0,0.902948891185118,98857.42,0.733,0,11,3159.871370287261,,
Santa Monica,2019-12-31,3123.7175605778043,0.0,0.004726419107337,98857.42,0.733,0,12,3136.541100459495,,
Santa Monica,2020-01-31,3125.556197258154,0.0,-1.435188102589957,102521.26,0.7412,0,1,3123.7175605778043,3054.2046195323096,2.3361754241852495
Santa Monica,2020-02-29,3144.1765322835804,2.0,0.7975705266522803,102521.26,0.7412,0,2,3125.556197258154,3052.3238225808855,3.009271461408347
Santa Monica,2020-03-31,3146.2891292791955,0.0,-1.2907522516808267,102521.26,0.7412,1,3,3144.1765322835804,3083.989762651096,2.0200899296936914
Santa Monica,2020-04-30,3114.007980834614,0.0,-15.616064257028118,102521.26,0.7412,1,4,3146.2891292791955,3085.892883810126,0.911084670890272
Santa Monica,2020-05-31,3086.3930009148644,0.0,0.8776104627919779,102521.26,0.7412,1,5,3114.007980834614,3098.8094741043355,-0.40068527262586695
Santa Monica,2020-06-30,3075.4321669827477,0.0,3.093036421966411,102521.26,0.7412,1,6,3086.3930009148644,3107.5040837995516,-1.0320796353576966
Santa Monica,2020-07-31,3080.5710590126823,0.0,-0.5711252265280353,102521.26,0.7412,1,7,3075.4321669827477,3115.0341831160276,-1.1063481835974942
Santa Monica,2020-08-31,3063.7526749393996,0.0,0.5744058029714338,102521.26,0.7412,1,8,3080.5710590126823,3132.592651839428,-2.197540010815202
Santa Monica,2020-09-30,3044.3026323887498,0.0,1.3985245931648072,102521.26,0.7412,1,9,3063.7526749393996,3159.416634891566,-3.6435208079724224
Santa Monica,2020-10-31,3006.0349973299526,0.0,2.83790370624446,102521.26,0.7412,1,10,3044.3026323887498,3159.871370287261,-4.868437823256178
Santa Monica,2020-11-30,2970.710778803364,0.0,1.1357851312209233,102521.26,0.7412,1,11,3006.0349973299526,3136.541100459495,-5.2870444334951365
Santa Monica,2020-12-31,2940.4768462696916,0.0,-0.7984447684510121,102521.26,0.7412,1,12,2970.710778803364,3123.7175605778043,-5.866110195770002
Santa Monica,2021-01-31,2930.289566642463,0.0,-2.9640257558790517,102901.67,0.741,1,1,2940.4768462696916,3125.556197258154,-6.247420244338775
Santa Monica,2021-02-28,2929.655759727591,0.0,2.232319953838946,102901.67,0.741,1,2,2930.289566642463,3144.1765322835804,-6.822796695839006
Santa Monica,2021-03-31,2937.5408275972336,0.0,0.9489205587695616,102901.67,0.741,1,3,2929.655759727591,3146.2891292791955,-6.634746302854422
Santa Monica,2021-04-30,2949.1513636683285,0.0,1.450186951811849,102901.67,0.741,1,4,2937.5408275972336,3114.007980834614,-5.294033226019568
Santa Monica,2021-05-31,2970.6568268763695,0.0,0.9334527418021654,102901.67,0.741,1,5,2949.1513636683285,3086.3930009148644,-3.749884541734916
Santa Monica,2021-06-30,3001.7621778464836,0.0,0.0238883390778932,102901.67,0.741,1,6,2970.6568268763695,3075.4321669827477,-2.3954353448979004
Santa Monica,2021-07-31,3069.39666004176,0.0,0.4861821903787033,102901.67,0.741,0,7,3001.7621778464836,3080.5710590126823,-0.3627379066043601
Santa Monica,2021-08-31,3126.280342755957,0.0,1.0474492827434068,102901.67,0.741,0,8,3069.39666004176,3063.7526749393996,2.0408849685555674
Santa Monica,2021-09-30,3179.0468459454073,0.0,-0.0151204596619658,102901.67,0.741,0,9,3126.280342755957,3044.3026323887498,4.426110995769461
Santa Monica,2021-10-31,3198.6065002715227,0.0,2.619595718582479,102901.67,0.741,0,10,3179.0468459454073,3006.0349973299526,6.406163039106927
Santa Monica,2021-11-30,3214.650135844409,0.0,0.9758973015457252,102901.67,0.741,0,11,3198.6065002715227,2970.710778803364,8.21148119775248
Santa Monica,2021-12-31,3218.2599415481673,0.0,0.1962119737951573,102901.67,0.741,0,12,3214.650135844409,2940.4768462696916,9.446872388431604
Santa Monica,2022-01-31,3223.886939663373,0.0,-2.264157050607707,109122.45,0.7356,0,1,3218.2599415481673,2930.289566642463,10.019397958588616
Santa Monica,2022-02-28,3253.0675864324858,0.0,1.5731081304851902,109122.45,0.7356,0,2,3223.886939663373,2929.655759727591,11.039243284165456
Santa Monica,2022-03-31,3297.1193454048102,0.0,0.283664819041407,109122.45,0.7356,0,3,3253.0675864324858,2937.5408275972336,12.240800687073161
Santa Monica,2022-04-30,3332.0669763503925,0.0,0.6047403843027821,109122.45,0.7356,0,4,3297.1193454048102,2949.1513636683285,12.983925389498175
Santa Monica,2022-05-31,3353.696575192056,0.0,0.252076398539236,109122.45,0.7356,0,5,3332.0669763503925,2970.6568268763695,12.89410964101334
Santa Monica,2022-06-30,3372.39359873373,0.0,-0.1128267947519412,109122.45,0.7356,0,6,3353.696575192056,3001.7621778464836,12.34712808438221
Santa Monica,2022-07-31,3390.9774681109516,0.0,-0.4437487897760328,109122.45,0.7356,0,7,3372.39359873373,3069.39666004176,10.477003909452897
Santa Monica,2022-08-31,3398.48114179733,0.0,0.3338898163605996,109122.45,0.7356,0,8,3390.9774681109516,3126.280342755957,8.706858285185515
Santa Monica,2022-09-30,3409.419472993901,0.0,0.4539359966398981,109122.45,0.7356,0,9,3398.48114179733,3179.0468459454073,7.246594284771657
Santa Monica,2022-10-31,3425.8007999435613,0.0,0.8603499292422434,109122.45,0.7356,0,10,3409.419472993901,3198.6065002715227,7.102914961648232
Santa Monica,2022-11-30,3433.9724923955696,0.0,0.534128414037216,109122.45,0.7356,0,11,3425.8007999435613,3214.650135844409,6.822588688754783
Santa Monica,2022-12-31,3407.3387300432805,0.0,0.0301329019570584,109122.45,0.7356,0,12,3433.9724923955696,3218.2599415481673,5.875186962186629
Santa Monica,2023-01-31,3408.255473742664,0.0,-2.199039208536135,116402.87,0.7337,0,1,3407.3387300432805,3223.886939663373,5.71882753737456
Santa Monica,2023-02-28,3432.31939327619,0.0,0.5495574360470767,116402.87,0.7337,0,2,3408.255473742664,3253.0675864324858,5.510239245913828
Santa Monica,2023-03-31,3471.6081299106413,0.0,0.0225715437323525,116402.87,0.7337,0,3,3432.31939327619,3297.1193454048102,5.292158585312223
Santa Monica,2023-04-30,3452.8140255643084,0.0,0.1144441399764772,116402.87,0.7337,0,4,3471.6081299106413,3332.0669763503925,3.623788179257126
Santa Monica,2023-05-31,3433.1126179215867,0.0,0.4685235871840332,116402.87,0.7337,0,5,3452.8140255643084,3353.696575192056,2.3680151423651763
Santa Monica,2023-06-30,3426.4850249436954,0.0,-0.3124949920674358,116402.87,0.7337,0,6,3433.1126179215867,3372.39359873373,1.6039476006085351
Santa Monica,2023-07-31,3458.2288386828404,0.0,-0.8938044561617953,116402.87,0.7337,0,7,3426.4850249436954,3390.9774681109516,1.983244394996042
Santa Monica,2023-08-31,3471.6345844857283,0.0,0.2789943227899494,116402.87,0.7337,0,8,3458.2288386828404,3398.48114179733,2.1525334299695498
Santa Monica,2023-09-30,3487.294877017806,0.0,0.53217301284334,116402.87,0.7337,0,9,3471.6345844857283,3409.419472993901,2.2841250435963634
Santa Monica,2023-10-31,3462.3424890971323,0.0,0.859197760293462,116402.87,0.7337,0,10,3487.294877017806,3425.8007999435613,1.0666612359414795
Santa Monica,2023-11-30,3446.1010840513713,0.0,0.5695142378559392,116402.87,0.7337,0,11,3462.3424890971323,3433.9724923955696,0.3531941995068344
Santa Monica,2023-12-31,3427.260972477872,0.0,0.420354684178803,116402.87,0.7337,0,12,3446.1010840513713,3407.3387300432805,0.5846862907679995
Santa Monica,2024-01-31,3442.588242794147,0.0,-1.123098551502988,116402.87,0.7337,0,1,3427.260972477872,3408.255473742664,1.0073414189747165
Santa Monica,2024-02-29,3478.596025803723,0.0,0.2044859096427709,116402.87,0.7337,0,2,3442.588242794147,3432.31939327619,1.3482612550040463
Santa Monica,2024-03-31,3488.9347323894835,0.0,0.1004400229577262,116402.87,0.7337,0,3,3478.596025803723,3471.6081299106413,0.49909442052402664
Santa Monica,2024-04-30,3511.585302071431,0.0,-0.0525586506760933,116402.87,0.7337,0,4,3488.9347323894835,3452.8140255643084,1.7021269049530607
Santa Monica,2024-05-31,3504.076986994173,0.0,0.1099531503967909,116402.87,0.7337,0,5,3511.585302071431,3433.1126179215867,2.067056253911881
Santa Monica,2024-06-30,3502.6038606649113,0.0,-0.6287506168123125,116402.87,0.7337,0,6,3504.076986994173,3426.4850249436954,2.2214845582891884
Santa Monica,2024-07-31,3502.985475091687,0.0,-0.2899340039725806,116402.87,0.7337,0,7,3502.6038606649113,3458.2288386828404,1.2942069046504523
Santa Monica,2024-08-31,3502.646779679746,0.0,0.2811380468135116,116402.87,0.7337,0,8,3502.985475091687,3471.6345844857283,0.8933024037900417
Santa Monica,2024-09-30,3509.9291469256787,0.0,0.437345807567846,116402.87,0.7337,0,9,3502.646779679746,3487.294877017806,0.6490494984246586
Santa Monica,2024-10-31,3497.642477948722,0.0,1.4371161974639168,116402.87,0.7337,0,10,3509.9291469256787,3462.3424890971323,1.0195406422891073
Santa Monica,2024-11-30,3492.69611840438,0.0,0.5173281338448854,116402.87,0.7337,0,11,3497.642477948722,3446.1010840513713,1.3521087517905706
Santa Monica,2024-12-31,3493.301404880672,0.0,-0.5756746186937889,116402.87,0.7337,0,12,3492.69611840438,3427.260972477872,1.9269157771505618
Santa Monica,2025-01-31,3547.491316551217,0.0,-2.0957565649731724,116402.87,0.7337,0,1,3493.301404880672,3442.588242794147,3.047215245002022
Santa Monica,2025-02-28,3590.9892990544936,0.0,0.6219365206910465,116402.87,0.7337,0,2,3547.491316551217,3478.596025803723,3.230995275595494
Santa Monica,2025-03-31,3649.549319802265,0.0,0.0734683447262574,116402.87,0.7337,0,3,3590.9892990544936,3488.9347323894835,4.603542334045918
Santa Monica,2025-04-30,3650.5983013715654,0.0,0.7261642567589099,116402.87,0.7337,0,4,3649.549319802265,3511.585302071431,3.958696353414304
Santa Monica,2025-05-31,3629.978727796468,0.0,0.1980574525058287,116402.87,0.7337,0,5,3650.5983013715654,3504.076986994173,3.5930072675228075
Santa Monica,2025-06-30,3614.08329632839,0.0,-0.814383756602044,116402.87,0.7337,0,6,3629.978727796468,3502.6038606649113,3.1827588873357904
Santa Monica,2025-07-31,3585.257122745083,0.0,-0.787589879310624,116402.87,0.7337,0,7,3614.08329632839,3502.985475091687,2.3486151523720578
Santa Monica,2025-08-31,3597.8484860471017,0.0,0.4499509874817287,116402.87,0.7337,0,8,3585.257122745083,3502.646779679746,2.7179933449087423
Santa Monica,2025-09-30,3605.715927324312,0.0,0.0159976963317376,116402.87,0.7337,0,9,3597.8484860471017,3509.9291469256787,2.729023190753921
Santa Monica,2025-10-31,3613.9120931037087,0.0,1.0332858810921497,116402.87,0.7337,0,10,3605.715927324312,3497.642477948722,3.3242281304627808
Santa Monica,2025-11-30,3616.600642732378,0.0,0.3467109950130442,116402.87,0.7337,0,11,3613.9120931037087,3492.69611840438,3.5475323397044844
Santa Monica,2025-12-31,3604.5447390162713,0.0,-0.0110437965417098,116402.87,0.7337,0,12,3616.600642732378,3493.301404880672,3.1844756933992358
Silver Lake,2019-01-31,2277.0051096525785,0.0,,72845.9,0.6977,0,1,,,
Silver Lake,2019-02-28,2279.218446537419,0.0,0.8200448182910547,72845.9,0.6977,0,2,2277.0051096525785,,
Silver Lake,2019-03-31,2297.693450530668,0.0,0.1562323835907708,72845.9,0.6977,0,3,2279.218446537419,,
Silver Lake,2019-04-30,2285.603201136249,0.0,-0.0675414897722825,72845.9,0.6977,0,4,2297.693450530668,,
Silver Lake,2019-05-31,2296.8735060023673,0.0,0.1914968942100525,72845.9,0.6977,0,5,2285.603201136249,,
Silver Lake,2019-06-30,2313.5440721161585,0.0,0.1204606414930697,72845.9,0.6977,0,6,2296.8735060023673,,
Silver Lake,2019-07-31,2324.7273523737476,0.0,-0.9737551334702332,72845.9,0.6977,0,7,2313.5440721161585,,
Silver Lake,2019-08-31,2333.1132785903173,0.0,0.4260558246529156,72845.9,0.6977,0,8,2324.7273523737476,,
Silver Lake,2019-09-30,2344.2983329918297,0.0,0.6049167634533559,72845.9,0.6977,0,9,2333.1132785903173,,
Silver Lake,2019-10-31,2330.730074204984,0.0,0.8626356887456499,72845.9,0.6977,0,10,2344.2983329918297,,
Silver Lake,2019-11-30,2340.309941603822,0.0,0.902948891185118,72845.9,0.6977,0,11,2330.730074204984,,
Silver Lake,2019-12-31,2331.279771822392,0.0,0.004726419107337,72845.9,0.6977,0,12,2340.309941603822,,
Silver Lake,2020-01-31,2372.6340799657496,180.0,-1.435188102589957,73779.48,0.7048,0,1,2331.279771822392,2277.0051096525785,4.19976968465221
Silver Lake,2020-02-29,2374.9222159404444,362.0,0.7975705266522803,73779.48,0.7048,0,2,2372.6340799657496,2279.218446537419,4.198973097485159
Silver Lake,2020-03-31,2380.7340299599796,449.0,-1.2907522516808267,73779.48,0.7048,1,3,2374.9222159404444,2297.693450530668,3.614084350988289
Silver Lake,2020-04-30,2369.114842623201,510.0,-15.616064257028118,73779.48,0.7048,1,4,2380.7340299599796,2285.603201136249,3.653811888495606
Silver Lake,2020-05-31,2349.2493597798293,579.0,0.8776104627919779,73779.48,0.7048,1,5,2369.114842623201,2296.8735060023673,2.2803107633306396
Silver Lake,2020-06-30,2336.459792620682,675.0,3.093036421966411,73779.48,0.7048,1,6,2349.2493597798293,2313.5440721161585,0.9905028730904153
Silver Lake,2020-07-31,2320.0190044979736,601.0,-0.5711252265280353,73779.48,0.7048,1,7,2336.459792620682,2324.7273523737476,-0.20253333669285611
Silver Lake,2020-08-31,2333.868989088509,558.0,0.5744058029714338,73779.48,0.7048,1,8,2320.0190044979736,2333.1132785903173,0.032390647514901616
Silver Lake,2020-09-30,2343.998968882228,579.0,1.3985245931648072,73779.48,0.7048,1,9,2333.868989088509,2344.2983329918297,-0.01276988109357724
Silver Lake,2020-10-31,2329.370280830012,626.0,2.83790370624446,73779.48,0.7048,1,10,2343.998968882228,2330.730074204984,-0.05834195001906961
Silver Lake,2020-11-30,2341.328151347733,656.0,1.1357851312209233,73779.48,0.7048,1,11,2329.370280830012,2340.309941603822,0.04350747419434864
Silver Lake,2020-12-31,2342.8434584392717,671.0,-0.7984447684510121,73779.48,0.7048,1,12,2341.328151347733,2331.279771822392,0.4960231181451169
Silver Lake,2021-01-31,2351.5227896846227,684.0,-2.9640257558790517,79197.87,0.6989,1,1,2342.8434584392717,2372.6340799657496,-0.8897828139361352
Silver Lake,2021-02-28,2323.2398069471055,642.0,2.232319953838946,79197.87,0.6989,1,2,2351.5227896846227,2374.9222159404444,-2.176172703528867
Silver Lake,2021-03-31,2304.8058160691726,642.0,0.9489205587695616,79197.87,0.6989,1,3,2323.2398069471055,2380.7340299599796,-3.1892774638115906
Silver Lake,2021-04-30,2331.817363739365,672.0,1.450186951811849,79197.87,0.6989,1,4,2304.8058160691726,2369.114842623201,-1.5743212702402531
Silver Lake,2021-05-31,2382.635934451367,674.0,0.9334527418021654,79197.87,0.6989,1,5,2331.817363739365,2349.2493597798293,1.4211592538080575
Silver Lake,2021-06-30,2421.871605198784,694.0,0.0238883390778932,79197.87,0.6989,1,6,2382.635934451367,2336.459792620682,3.6556080634411403
Silver Lake,2021-07-31,2447.289863797946,725.0,0.4861821903787033,79197.87,0.6989,0,7,2421.871605198784,2320.0190044979736,5.4857679636771906
Silver Lake,2021-08-31,2441.9218385190343,743.0,1.0474492827434068,79197.87,0.6989,0,8,2447.289863797946,2333.868989088509,4.6297735620852265
Silver Lake,2021-09-30,2459.8147377584664,781.0,-0.0151204596619658,79197.87,0.6989,0,9,2441.9218385190343,2343.998968882228,4.9409479446770765
Silver Lake,2021-10-31,2488.9864838239437,808.0,2.619595718582479,79197.87,0.6989,0,10,2459.8147377584664,2329.370280830012,6.852332765963554
Silver Lake,2021-11-30,2527.158155699204,815.0,0.9758973015457252,79197.87,0.6989,0,11,2488.9864838239437,2341.328151347733,7.936948276323519
Silver Lake,2021-12-31,2539.7845103850605,825.0,0.1962119737951573,79197.87,0.6989,0,12,2527.158155699204,2342.8434584392717,8.406069608977829
Silver Lake,2022-01-31,2534.7129374462484,834.0,-2.264157050607707,88987.31,0.6921,0,1,2539.7845103850605,2351.5227896846227,7.7902773711240325
Silver Lake,2022-02-28,2545.189675519411,864.0,1.5731081304851902,88987.31,0.6921,0,2,2534.7129374462484,2323.2398069471055,9.553463568789432
Silver Lake,2022-03-31,2565.3882892312886,922.0,0.283664819041407,88987.31,0.6921,0,3,2545.189675519411,2304.8058160691726,11.30604892374565
Silver Lake,2022-04-30,2612.1509708153544,900.0,0.6047403843027821,88987.31,0.6921,0,4,2565.3882892312886,2331.817363739365,12.022108224909967
Silver Lake,2022-05-31,2646.84452333549,961.0,0.252076398539236,88987.31,0.6921,0,5,2612.1509708153544,2382.635934451367,11.088919841417578
Silver Lake,2022-06-30,2698.984874076602,973.0,-0.1128267947519412,88987.31,0.6921,0,6,2646.84452333549,2421.871605198784,11.44211230202985
Silver Lake,2022-07-31,2701.7377463469056,953.0,-0.4437487897760328,88987.31,0.6921,0,7,2698.984874076602,2447.289863797946,10.397128934865197
Silver Lake,2022-08-31,2719.76010557416,987.0,0.3338898163605996,88987.31,0.6921,0,8,2701.7377463469056,2441.9218385190343,11.377852586126513
Silver Lake,2022-09-30,2718.3626832802574,923.0,0.4539359966398981,88987.31,0.6921,0,9,2719.76010557416,2459.8147377584664,10.510870658389337
Silver Lake,2022-10-31,2715.784005030662,917.0,0.8603499292422434,88987.31,0.6921,0,10,2718.3626832802574,2488.9864838239437,9.11204310190865
Silver Lake,2022-11-30,2698.4357495650593,894.0,0.534128414037216,88987.31,0.6921,0,11,2715.784005030662,2527.158155699204,6.777478231015843
Silver Lake,2022-12-31,2671.8612696287955,869.0,0.0301329019570584,88987.31,0.6921,0,12,2698.4357495650593,2539.7845103850605,5.200313597617412
Silver Lake,2023-01-31,2667.602760469268,849.0,-2.199039208536135,92001.75,0.6869,0,1,2671.8612696287955,2534.7129374462484,5.242795784082266
Silver Lake,2023-02-28,2681.211804936617,820.0,0.5495574360470767,92001.75,0.6869,0,2,2667.602760469268,2545.189675519411,5.344282617736429
Silver Lake,2023-03-31,2712.926559887869,824.0,0.0225715437323525,92001.75,0.6869,0,3,2681.211804936617,2565.3882892312886,5.751108761036328
Silver Lake,2023-04-30,2725.43014634021,829.0,0.1144441399764772,92001.75,0.6869,0,4,2712.926559887869,2612.1509708153544,4.336624367828801
Silver Lake,2023-05-31,2731.308327806114,849.0,0.4685235871840332,92001.75,0.6869,0,5,2725.43014634021,2646.84452333549,3.1911131812224713
Silver Lake,2023-06-30,2750.1420521143,872.0,-0.3124949920674358,92001.75,0.6869,0,6,2731.308327806114,2698.984874076602,1.8954229247098109
Silver Lake,2023-07-31,2773.6105385814653,890.0,-0.8938044561617953,92001.75,0.6869,0,7,2750.1420521143,2701.7377463469056,2.66024310952242
Silver Lake,2023-08-31,2785.8970595136875,872.0,0.2789943227899494,92001.75,0.6869,0,8,2773.6105385814653,2719.76010557416,2.4317201286973456
Silver Lake,2023-09-30,2783.4024904382436,888.0,0.53217301284334,92001.75,0.6869,0,9,2785.8970595136875,2718.3626832802574,2.3926096233598315
Silver Lake,2023-10-31,2785.133055949716,888.0,0.859197760293462,92001.75,0.6869,0,10,2783.4024904382436,2715.784005030662,2.553555466509616
Silver Lake,2023-11-30,2767.559882816573,863.0,0.5695142378559392,92001.75,0.6869,0,11,2785.133055949716,2698.4357495650593,2.5616371730420306
Silver Lake,2023-12-31,2747.582819148826,830.0,0.420354684178803,92001.75,0.6869,0,12,2767.559882816573,2671.8612696287955,2.8340374697130244
Silver Lake,2024-01-31,2748.041033230026,830.0,-1.123098551502988,92001.75,0.6869,0,1,2747.582819148826,2667.602760469268,3.0153767252290464
Silver Lake,2024-02-29,2750.695036567575,827.0,0.2044859096427709,92001.75,0.6869,0,2,2748.041033230026,2681.211804936617,2.591486114712227
Silver Lake,2024-03-31,2765.2610038949197,793.0,0.1004400229577262,92001.75,0.6869,0,3,2750.695036567575,2712.926559887869,1.9290770631555043
Silver Lake,2024-04-30,2778.2219429705865,790.0,-0.0525586506760933,92001.75,0.6869,0,4,2765.2610038949197,2725.43014634021,1.937007877500263
Silver Lake,2024-05-31,2789.0441863120936,783.0,0.1099531503967909,92001.75,0.6869,0,5,2778.2219429705865,2731.308327806114,2.1138535667393876
Silver Lake,2024-06-30,2792.512981904531,806.0,-0.6287506168123125,92001.75,0.6869,0,6,2789.0441863120936,2750.1420521143,1.540681498894081
Silver Lake,2024-07-31,2800.6993430674847,901.0,-0.2899340039725806,92001.75,0.6869,0,7,2792.512981904531,2773.6105385814653,0.9766621560312494
Silver Lake,2024-08-31,2810.1725224219517,940.0,0.2811380468135116,92001.75,0.6869,0,8,2800.6993430674847,2785.8970595136875,0.8713697020988231
Silver Lake,2024-09-30,2822.316238702663,965.0,0.437345807567846,92001.75,0.6869,0,9,2810.1725224219517,2783.4024904382436,1.3980640025328395
Silver Lake,2024-10-31,2797.614291396575,984.0,1.4371161974639168,92001.75,0.6869,0,10,2822.316238702663,2785.133055949716,0.4481378518055301
Silver Lake,2024-11-30,2806.7709872593528,979.0,0.5173281338448854,92001.75,0.6869,0,11,2797.614291396575,2767.559882816573,1.416811418832764
Silver Lake,2024-12-31,2782.363020740384,964.0,-0.5756746186937889,92001.75,0.6869,0,12,2806.7709872593528,2747.582819148826,1.265847251233465
Silver Lake,2025-01-31,2816.5106714470057,850.0,-2.0957565649731724,92001.75,0.6869,0,1,2782.363020740384,2748.041033230026,2.4915799068873756
Silver Lake,2025-02-28,2818.835455778484,810.0,0.6219365206910465,92001.75,0.6869,0,2,2816.5106714470057,2750.695036567575,2.4772073350573187
Silver Lake,2025-03-31,2876.7751987729253,797.0,0.0734683447262574,92001.75,0.6869,0,3,2818.835455778484,2765.2610038949197,4.0326824383280835
Silver Lake,2025-04-30,2882.3326600465207,783.0,0.7261642567589099,92001.75,0.6869,0,4,2876.7751987729253,2778.2219429705865,3.747386609603076
Silver Lake,2025-05-31,2883.040671611685,767.0,0.1980574525058287,92001.75,0.6869,0,5,2882.3326600465207,2789.0441863120936,3.370204235590868
Silver Lake,2025-06-30,2889.253974798242,763.0,-0.814383756602044,92001.75,0.6869,0,6,2883.040671611685,2792.512981904531,3.4642987703402683
Silver Lake,2025-07-31,2900.6446002109587,790.0,-0.787589879310624,92001.75,0.6869,0,7,2889.253974798242,2800.6993430674847,3.5685821611258106
Silver Lake,2025-08-31,2941.868614633534,787.0,0.4499509874817287,92001.75,0.6869,0,8,2900.6446002109587,2810.1725224219517,4.686405946994299
Silver Lake,2025-09-30,2923.816206423945,765.0,0.0159976963317376,92001.75,0.6869,0,9,2941.868614633534,2822.316238702663,3.5963357447122313
Silver Lake,2025-10-31,2905.6555387533617,767.0,1.0332858810921497,92001.75,0.6869,0,10,2923.816206423945,2797.614291396575,3.8619064711330253
Silver Lake,2025-11-30,2857.8123481321127,762.0,0.3467109950130442,92001.75,0.6869,0,11,2905.6555387533617,2806.7709872593528,1.8185082111953355
Silver Lake,2025-12-31,2844.2202485017397,756.0,-0.0110437965417098,92001.75,0.6869,0,12,2857.8123481321127,2782.363020740384,2.2231904068684694
University Park,2019-01-31,1938.5388859226664,0.0,,27406.0,0.8771,0,1,,,
University Park,2019-02-28,1938.5388859226664,0.0,0.8200448182910547,27406.0,0.8771,0,2,1938.5388859226664,,
University Park,2019-03-31,1938.5388859226664,0.0,0.1562323835907708,27406.0,0.8771,0,3,1938.5388859226664,,
University Park,2019-04-30,1938.5388859226664,0.0,-0.0675414897722825,27406.0,0.8771,0,4,1938.5388859226664,,
University Park,2019-05-31,1938.5388859226664,0.0,0.1914968942100525,27406.0,0.8771,0,5,1938.5388859226664,,
University Park,2019-06-30,1938.5388859226664,0.0,0.1204606414930697,27406.0,0.8771,0,6,1938.5388859226664,,
University Park,2019-07-31,1938.5388859226664,0.0,-0.9737551334702332,27406.0,0.8771,0,7,1938.5388859226664,,
University Park,2019-08-31,1938.5388859226664,0.0,0.4260558246529156,27406.0,0.8771,0,8,1938.5388859226664,,
University Park,2019-09-30,1938.5388859226664,0.0,0.6049167634533559,27406.0,0.8771,0,9,1938.5388859226664,,
University Park,2019-10-31,1938.5388859226664,0.0,0.8626356887456499,27406.0,0.8771,0,10,1938.5388859226664,,
University Park,2019-11-30,1938.5388859226664,0.0,0.902948891185118,27406.0,0.8771,0,11,1938.5388859226664,,
University Park,2019-12-31,1938.5388859226664,0.0,0.004726419107337,27406.0,0.8771,0,12,1938.5388859226664,,
University Park,2020-01-31,1938.5388859226664,19.0,-1.435188102589957,30530.0,0.8734,0,1,1938.5388859226664,1938.5388859226664,0.0
University Park,2020-02-29,1938.5388859226664,47.0,0.7975705266522803,30530.0,0.8734,0,2,1938.5388859226664,1938.5388859226664,0.0
University Park,2020-03-31,1938.5388859226664,78.0,-1.2907522516808267,30530.0,0.8734,1,3,1938.5388859226664,1938.5388859226664,0.0
University Park,2020-04-30,1938.5388859226664,94.0,-15.616064257028118,30530.0,0.8734,1,4,1938.5388859226664,1938.5388859226664,0.0
University Park,2020-05-31,1938.5388859226664,111.0,0.8776104627919779,30530.0,0.8734,1,5,1938.5388859226664,1938.5388859226664,0.0
University Park,2020-06-30,1938.5388859226664,134.0,3.093036421966411,30530.0,0.8734,1,6,1938.5388859226664,1938.5388859226664,0.0
University Park,2020-07-31,1938.5388859226664,143.0,-0.5711252265280353,30530.0,0.8734,1,7,1938.5388859226664,1938.5388859226664,0.0
University Park,2020-08-31,1938.5388859226664,146.0,0.5744058029714338,30530.0,0.8734,1,8,1938.5388859226664,1938.5388859226664,0.0
University Park,2020-09-30,1938.5388859226664,136.0,1.3985245931648072,30530.0,0.8734,1,9,1938.5388859226664,1938.5388859226664,0.0
University Park,2020-10-31,1938.5388859226664,146.0,2.83790370624446,30530.0,0.8734,1,10,1938.5388859226664,1938.5388859226664,0.0
University Park,2020-11-30,1938.5388859226664,153.0,1.1357851312209233,30530.0,0.8734,1,11,1938.5388859226664,1938.5388859226664,0.0
University Park,2020-12-31,1938.5388859226664,144.0,-0.7984447684510121,30530.0,0.8734,1,12,1938.5388859226664,1938.5388859226664,0.0
University Park,2021-01-31,1938.5388859226664,134.0,-2.9640257558790517,33222.0,0.8815,1,1,1938.5388859226664,1938.5388859226664,0.0
University Park,2021-02-28,1938.5388859226664,125.0,2.232319953838946,33222.0,0.8815,1,2,1938.5388859226664,1938.5388859226664,0.0
University Park,2021-03-31,1938.5388859226664,122.0,0.9489205587695616,33222.0,0.8815,1,3,1938.5388859226664,1938.5388859226664,0.0
University Park,2021-04-30,1938.5388859226664,118.0,1.450186951811849,33222.0,0.8815,1,4,1938.5388859226664,1938.5388859226664,0.0
University Park,2021-05-31,1938.5388859226664,128.0,0.9334527418021654,33222.0,0.8815,1,5,1938.5388859226664,1938.5388859226664,0.0
University Park,2021-06-30,1938.5388859226664,151.0,0.0238883390778932,33222.0,0.8815,1,6,1938.5388859226664,1938.5388859226664,0.0
University Park,2021-07-31,1938.5388859226664,159.0,0.4861821903787033,33222.0,0.8815,0,7,1938.5388859226664,1938.5388859226664,0.0
University Park,2021-08-31,1938.5388859226664,163.0,1.0474492827434068,33222.0,0.8815,0,8,1938.5388859226664,1938.5388859226664,0.0
University Park,2021-09-30,1938.5388859226664,164.0,-0.0151204596619658,33222.0,0.8815,0,9,1938.5388859226664,1938.5388859226664,0.0
University Park,2021-10-31,1938.5388859226664,175.0,2.619595718582479,33222.0,0.8815,0,10,1938.5388859226664,1938.5388859226664,0.0
University Park,2021-11-30,1938.5388859226664,164.0,0.9758973015457252,33222.0,0.8815,0,11,1938.5388859226664,1938.5388859226664,0.0
University Park,2021-12-31,1938.5388859226664,153.0,0.1962119737951573,33222.0,0.8815,0,12,1938.5388859226664,1938.5388859226664,0.0
University Park,2022-01-31,1938.5388859226664,152.0,-2.264157050607707,36326.0,0.8938,0,1,1938.5388859226664,1938.5388859226664,0.0
University Park,2022-02-28,2060.253898941469,154.0,1.5731081304851902,36326.0,0.8938,0,2,1938.5388859226664,1938.5388859226664,6.278698555013551
University Park,2022-03-31,2123.228539694509,166.0,0.283664819041407,36326.0,0.8938,0,3,2060.253898941469,1938.5388859226664,9.527260717493302
University Park,2022-04-30,2133.0572555257786,164.0,0.6047403843027821,36326.0,0.8938,0,4,2123.228539694509,1938.5388859226664,10.034277414586356
University Park,2022-05-31,2216.244711579443,169.0,0.252076398539236,36326.0,0.8938,0,5,2133.0572555257786,1938.5388859226664,14.325522571325667
University Park,2022-06-30,2134.7535399161957,168.0,-0.1128267947519412,36326.0,0.8938,0,6,2216.244711579443,1938.5388859226664,10.121780657504797
University Park,2022-07-31,2146.154827012595,177.0,-0.4437487897760328,36326.0,0.8938,0,7,2134.7535399161957,1938.5388859226664,10.709918825853816
University Park,2022-08-31,2186.6739161091673,180.0,0.3338898163605996,36326.0,0.8938,0,8,2146.154827012595,1938.5388859226664,12.800105893588952
University Park,2022-09-30,2178.6920004809467,180.0,0.4539359966398981,36326.0,0.8938,0,9,2186.6739161091673,1938.5388859226664,12.38835683422348
University Park,2022-10-31,2250.369308367068,170.0,0.8603499292422434,36326.0,0.8938,0,10,2178.6920004809467,1938.5388859226664,16.08584819777721
University Park,2022-11-30,2205.253050088176,171.0,0.534128414037216,36326.0,0.8938,0,11,2250.369308367068,1938.5388859226664,13.75851503946306
University Park,2022-12-31,2320.1608644068083,171.0,0.0301329019570584,36326.0,0.8938,0,12,2205.253050088176,1938.5388859226664,19.686062593606678
University Park,2023-01-31,2304.754895351188,161.0,-2.199039208536135,36032.0,0.8958,0,1,2320.1608644068083,1938.5388859226664,18.89134193221085
University Park,2023-02-28,2340.743258784054,151.0,0.5495574360470767,36032.0,0.8958,0,2,2304.754895351188,2060.253898941469,13.614310352073433
University Park,2023-03-31,2356.1793311351453,144.0,0.0225715437323525,36032.0,0.8958,0,3,2340.743258784054,2123.228539694509,10.971536369521173
University Park,2023-04-30,2343.8783972209862,151.0,0.1144441399764772,36032.0,0.8958,0,4,2356.1793311351453,2133.0572555257786,9.883520057844963
University Park,2023-05-31,2360.367235336461,145.0,0.4685235871840332,36032.0,0.8958,0,5,2343.8783972209862,2216.244711579443,6.503005873133327
University Park,2023-06-30,2349.5684282283937,152.0,-0.3124949920674358,36032.0,0.8958,0,6,2360.367235336461,2134.7535399161957,10.062748897965568
University Park,2023-07-31,2371.3061488473745,168.0,-0.8938044561617953,36032.0,0.8958,0,7,2349.5684282283937,2146.154827012595,10.490917011247781
University Park,2023-08-31,2359.8544355600475,189.0,0.2789943227899494,36032.0,0.8958,0,8,2371.3061488473745,2186.6739161091673,7.91981457203399
University Park,2023-09-30,2348.5155435716824,194.0,0.53217301284334,36032.0,0.8958,0,9,2359.8544355600475,2178.6920004809467,7.79474763083754
University Park,2023-10-31,2360.98485798286,197.0,0.859197760293462,36032.0,0.8958,0,10,2348.5155435716824,2250.369308367068,4.915439843785374
University Park,2023-11-30,2382.0120439130405,196.0,0.5695142378559392,36032.0,0.8958,0,11,2360.98485798286,2205.253050088176,8.015361040665914
University Park,2023-12-31,2377.0838769717434,188.0,0.420354684178803,36032.0,0.8958,0,12,2382.0120439130405,2320.1608644068083,2.453408013133118
University Park,2024-01-31,2381.228851099715,165.0,-1.123098551502988,36032.0,0.8958,0,1,2377.0838769717434,2304.754895351188,3.318094948090966
University Park,2024-02-29,2382.822611014709,155.0,0.2044859096427709,36032.0,0.8958,0,2,2381.228851099715,2340.743258784054,1.7976919114364387
University Park,2024-03-31,2377.625786720965,155.0,0.1004400229577262,36032.0,0.8958,0,3,2382.822611014709,2356.1793311351453,0.9102217009724578
University Park,2024-04-30,2352.183401755694,155.0,-0.0525586506760933,36032.0,0.8958,0,4,2377.625786720965,2343.8783972209862,0.3543274490926951
University Park,2024-05-31,2318.1981689077897,170.0,0.1099531503967909,36032.0,0.8958,0,5,2352.183401755694,2360.367235336461,-1.7865468473451385
University Park,2024-06-30,2340.355568225055,189.0,-0.6287506168123125,36032.0,0.8958,0,6,2318.1981689077897,2349.5684282283937,-0.39210860567637784
University Park,2024-07-31,2374.8021453110596,211.0,-0.2899340039725806,36032.0,0.8958,0,7,2340.355568225055,2371.3061488473745,0.14742914850469635
University Park,2024-08-31,2385.3267868510293,200.0,0.2811380468135116,36032.0,0.8958,0,8,2374.8021453110596,2359.8544355600475,1.0794034965524002
University Park,2024-09-30,2392.262982614734,205.0,0.437345807567846,36032.0,0.8958,0,9,2385.3267868510293,2348.5155435716824,1.8627698318964159
University Park,2024-10-31,2384.2516758155666,198.0,1.4371161974639168,36032.0,0.8958,0,10,2392.262982614734,2360.98485798286,0.9854708620446129
University Park,2024-11-30,2408.2267565412226,180.0,0.5173281338448854,36032.0,0.8958,0,11,2384.2516758155666,2382.0120439130405,1.1005281310466408
University Park,2024-12-31,2428.5930545105366,163.0,-0.5756746186937889,36032.0,0.8958,0,12,2408.2267565412226,2377.0838769717434,2.166906184413353
University Park,2025-01-31,2398.3436193679995,140.0,-2.0957565649731724,36032.0,0.8958,0,1,2428.5930545105366,2381.228851099715,0.7187368093738877
University Park,2025-02-28,2407.70220333668,135.0,0.6219365206910465,36032.0,0.8958,0,2,2398.3436193679995,2382.822611014709,1.0441227226468452
University Park,2025-03-31,2351.3527782981646,118.0,0.0734683447262574,36032.0,0.8958,0,3,2407.70220333668,2377.625786720965,-1.1050102404480677
University Park,2025-04-30,2412.250308902318,110.0,0.7261642567589099,36032.0,0.8958,0,4,2351.3527782981646,2352.183401755694,2.553665972720909
University Park,2025-05-31,2456.842283340546,117.0,0.1980574525058287,36032.0,0.8958,0,5,2412.250308902318,2318.1981689077897,5.980684321654772
University Park,2025-06-30,2544.562637244341,114.0,-0.814383756602044,36032.0,0.8958,0,6,2456.842283340546,2340.355568225055,8.725471966388376
University Park,2025-07-31,2481.1898713203595,119.0,-0.787589879310624,36032.0,0.8958,0,7,2544.562637244341,2374.8021453110596,4.479856404852822
University Park,2025-08-31,2397.656159586564,124.0,0.4499509874817287,36032.0,0.8958,0,8,2481.1898713203595,2385.3267868510293,0.51688400949923
University Park,2025-09-30,2377.2337884222497,113.0,0.0159976963317376,36032.0,0.8958,0,9,2397.656159586564,2392.262982614734,-0.6282417234938498
University Park,2025-10-31,2422.9957283333856,112.0,1.0332858810921497,36032.0,0.8958,0,10,2377.2337884222497,2384.2516758155666,1.6249984391671246
University Park,2025-11-30,2475.135180510702,98.0,0.3467109950130442,36032.0,0.8958,0,11,2422.9957283333856,2408.2267565412226,2.77832740574544
University Park,2025-12-31,2437.5754271938627,89.0,-0.0110437965417098,36032.0,0.8958,0,12,2475.135180510702,2428.5930545105366,0.3698591110867122
Vermont Square,2019-01-31,1847.3231077438645,0.0,,35981.0,0.7061,0,1,,,
Vermont Square,2019-02-28,1847.3231077438645,0.0,0.8200448182910547,35981.0,0.7061,0,2,1847.3231077438645,,
Vermont Square,2019-03-31,1847.3231077438645,0.0,0.1562323835907708,35981.0,0.7061,0,3,1847.3231077438645,,
Vermont Square,2019-04-30,1847.3231077438645,0.0,-0.0675414897722825,35981.0,0.7061,0,4,1847.3231077438645,,
Vermont Square,2019-05-31,1847.3231077438645,0.0,0.1914968942100525,35981.0,0.7061,0,5,1847.3231077438645,,
Vermont Square,2019-06-30,1847.3231077438645,0.0,0.1204606414930697,35981.0,0.7061,0,6,1847.3231077438645,,
Vermont Square,2019-07-31,1847.3231077438645,0.0,-0.9737551334702332,35981.0,0.7061,0,7,1847.3231077438645,,
Vermont Square,2019-08-31,1847.3231077438645,0.0,0.4260558246529156,35981.0,0.7061,0,8,1847.3231077438645,,
Vermont Square,2019-09-30,1847.3231077438645,0.0,0.6049167634533559,35981.0,0.7061,0,9,1847.3231077438645,,
Vermont Square,2019-10-31,1847.3231077438645,0.0,0.8626356887456499,35981.0,0.7061,0,10,1847.3231077438645,,
Vermont Square,2019-11-30,1847.3231077438645,0.0,0.902948891185118,35981.0,0.7061,0,11,1847.3231077438645,,
Vermont Square,2019-12-31,1847.3231077438645,0.0,0.004726419107337,35981.0,0.7061,0,12,1847.3231077438645,,
Vermont Square,2020-01-31,1847.3231077438645,40.0,-1.435188102589957,39434.0,0.7102,0,1,1847.3231077438645,1847.3231077438645,0.0
Vermont Square,2020-02-29,1847.3231077438645,79.0,0.7975705266522803,39434.0,0.7102,0,2,1847.3231077438645,1847.3231077438645,0.0
Vermont Square,2020-03-31,1847.3231077438645,115.0,-1.2907522516808267,39434.0,0.7102,1,3,1847.3231077438645,1847.3231077438645,0.0
Vermont Square,2020-04-30,1847.3231077438645,138.0,-15.616064257028118,39434.0,0.7102,1,4,1847.3231077438645,1847.3231077438645,0.0
Vermont Square,2020-05-31,1847.3231077438645,160.0,0.8776104627919779,39434.0,0.7102,1,5,1847.3231077438645,1847.3231077438645,0.0
Vermont Square,2020-06-30,1847.3231077438645,186.0,3.093036421966411,39434.0,0.7102,1,6,1847.3231077438645,1847.3231077438645,0.0
Vermont Square,2020-07-31,1847.3231077438645,168.0,-0.5711252265280353,39434.0,0.7102,1,7,1847.3231077438645,1847.3231077438645,0.0
Vermont Square,2020-08-31,1847.3231077438645,158.0,0.5744058029714338,39434.0,0.7102,1,8,1847.3231077438645,1847.3231077438645,0.0
Vermont Square,2020-09-30,1847.3231077438645,152.0,1.3985245931648072,39434.0,0.7102,1,9,1847.3231077438645,1847.3231077438645,0.0
Vermont Square,2020-10-31,1847.3231077438645,160.0,2.83790370624446,39434.0,0.7102,1,10,1847.3231077438645,1847.3231077438645,0.0
Vermont Square,2020-11-30,1847.3231077438645,177.0,1.1357851312209233,39434.0,0.7102,1,11,1847.3231077438645,1847.3231077438645,0.0
Vermont Square,2020-12-31,1836.919466290304,186.0,-0.7984447684510121,39434.0,0.7102,1,12,1847.3231077438645,1847.3231077438645,-0.5631738925339635
Vermont Square,2021-01-31,1854.1921021140183,190.0,-2.9640257558790517,43388.0,0.7071,1,1,1836.919466290304,1847.3231077438645,0.37183502665880663
Vermont Square,2021-02-28,1837.7235618909983,187.0,2.232319953838946,43388.0,0.7071,1,2,1854.1921021140183,1847.3231077438645,-0.5196462823761294
Vermont Square,2021-03-31,1892.675448939992,185.0,0.9489205587695616,43388.0,0.7071,1,3,1837.7235618909983,1847.3231077438645,2.4550302546432423
Vermont Square,2021-04-30,1900.696516181313,180.0,1.450186951811849,43388.0,0.7071,1,4,1892.675448939992,1847.3231077438645,2.8892297299649705
Vermont Square,2021-05-31,1878.757156616885,163.0,0.9334527418021654,43388.0,0.7071,1,5,1900.696516181313,1847.3231077438645,1.7015999389197622
Vermont Square,2021-06-30,1846.7704172525496,164.0,0.0238883390778932,43388.0,0.7071,1,6,1878.757156616885,1847.3231077438645,-0.02991845276000271
Vermont Square,2021-07-31,1821.983907141906,169.0,0.4861821903787033,43388.0,0.7071,0,7,1846.7704172525496,1847.3231077438645,-1.3716712845597057
Vermont Square,2021-08-31,1831.0799216323655,181.0,1.0474492827434068,43388.0,0.7071,0,8,1821.983907141906,1847.3231077438645,-0.879282354202604
Vermont Square,2021-09-30,1878.224503685504,187.0,-0.0151204596619658,43388.0,0.7071,0,9,1831.0799216323655,1847.3231077438645,1.6727661670068894
Vermont Square,2021-10-31,1932.9698455244295,187.0,2.619595718582479,43388.0,0.7071,0,10,1878.224503685504,1847.3231077438645,4.636261919830864
Vermont Square,2021-11-30,1968.6908375253795,192.0,0.9758973015457252,43388.0,0.7071,0,11,1932.9698455244295,1847.3231077438645,6.5699243014256
Vermont Square,2021-12-31,1974.110687886622,183.0,0.1962119737951573,43388.0,0.7071,0,12,1968.6908375253795,1836.919466290304,7.468548519080076
Vermont Square,2022-01-31,1985.823608276622,195.0,-2.264157050607707,48386.0,0.6957,0,1,1974.110687886622,1854.1921021140183,7.099129912835189
Vermont Square,2022-02-28,1984.466764626622,196.0,1.5731081304851902,48386.0,0.6957,0,2,1985.823608276622,1837.7235618909983,7.985053126522823
Vermont Square,2022-03-31,1944.8551377985284,218.0,0.283664819041407,48386.0,0.6957,0,3,1984.466764626622,1892.675448939992,2.756927442988699
Vermont Square,2022-04-30,1932.4380798044149,232.0,0.6047403843027821,48386.0,0.6957,0,4,1944.8551377985284,1900.696516181313,1.6699964119929023
Vermont Square,2022-05-31,1966.161108495764,274.0,0.252076398539236,48386.0,0.6957,0,5,1932.4380798044149,1878.757156616885,4.652221899517284
Vermont Square,2022-06-30,2046.922608698104,303.0,-0.1128267947519412,48386.0,0.6957,0,6,1966.161108495764,1846.7704172525496,10.837957418839416
Vermont Square,2022-07-31,2113.749401030516,324.0,-0.4437487897760328,48386.0,0.6957,0,7,2046.922608698104,1821.983907141906,16.013615309385145
Vermont Square,2022-08-31,2107.614521770407,346.0,0.3338898163605996,48386.0,0.6957,0,8,2113.749401030516,1831.0799216323655,15.102268168148413
Vermont Square,2022-09-30,2052.590840568695,333.0,0.4539359966398981,48386.0,0.6957,0,9,2107.614521770407,1878.224503685504,9.2835726794664
Vermont Square,2022-10-31,2066.69962790106,347.0,0.8603499292422434,48386.0,0.6957,0,10,2052.590840568695,1932.9698455244295,6.91835843617874
Vermont Square,2022-11-30,2116.021582936281,320.0,0.534128414037216,48386.0,0.6957,0,11,2066.69962790106,1968.6908375253795,7.483691324336861
Vermont Square,2022-12-31,2207.430105771435,316.0,0.0301329019570584,48386.0,0.6957,0,12,2116.021582936281,1974.110687886622,11.818963309225206
Vermont Square,2023-01-31,2224.238519292455,304.0,-2.199039208536135,51433.0,0.6872,0,1,2207.430105771435,1985.823608276622,12.005845334004196
Vermont Square,2023-02-28,2223.3297399598773,280.0,0.5495574360470767,51433.0,0.6872,0,2,2224.238519292455,1984.466764626622,12.036632691008919
Vermont Square,2023-03-31,2179.6564049314534,286.0,0.0225715437323525,51433.0,0.6872,0,3,2223.3297399598773,1944.8551377985284,12.072943766840517
Vermont Square,2023-04-30,2208.8351807161885,275.0,0.1144441399764772,51433.0,0.6872,0,4,2179.6564049314534,1932.4380798044149,14.303024961076538
Vermont Square,2023-05-31,2213.6271972329405,288.0,0.4685235871840332,51433.0,0.6872,0,5,2208.8351807161885,1966.161108495764,12.586256928177342
Vermont Square,2023-06-30,2254.2255927046645,282.0,-0.3124949920674358,51433.0,0.6872,0,6,2213.6271972329405,2046.922608698104,10.127543812631501
Vermont Square,2023-07-31,2230.387490484746,258.0,-0.8938044561617953,51433.0,0.6872,0,7,2254.2255927046645,2113.749401030516,5.518066114997633
Vermont Square,2023-08-31,2262.1185284586263,281.0,0.2789943227899494,51433.0,0.6872,0,8,2230.387490484746,2107.614521770407,7.330752615921199
Vermont Square,2023-09-30,2263.4157458428253,286.0,0.53217301284334,51433.0,0.6872,0,9,2262.1185284586263,2052.590840568695,10.271160774337208
Vermont Square,2023-10-31,2342.6357064343715,283.0,0.859197760293462,51433.0,0.6872,0,10,2263.4157458428253,2066.69962790106,13.351532792094822
Vermont Square,2023-11-30,2330.4876261050645,270.0,0.5695142378559392,51433.0,0.6872,0,11,2342.6357064343715,2116.021582936281,10.135342895282818
Vermont Square,2023-12-31,2347.683109638009,257.0,0.420354684178803,51433.0,0.6872,0,12,2330.4876261050645,2207.430105771435,6.3536781300515655
Vermont Square,2024-01-31,2327.328215518913,267.0,-1.123098551502988,51433.0,0.6872,0,1,2347.683109638009,2224.238519292455,4.6348309919231
Vermont Square,2024-02-29,2338.489159191274,250.0,0.2044859096427709,51433.0,0.6872,0,2,2327.328215518913,2223.3297399598773,5.179592444685022
Vermont Square,2024-03-31,2377.40247193441,226.0,0.1004400229577262,51433.0,0.6872,0,3,2338.489159191274,2179.6564049314534,9.072350419798191
Vermont Square,2024-04-30,2371.5082764609897,220.0,-0.0525586506760933,51433.0,0.6872,0,4,2377.40247193441,2208.8351807161885,7.364655233898287
Vermont Square,2024-05-31,2360.560496570848,225.0,0.1099531503967909,51433.0,0.6872,0,5,2371.5082764609897,2213.6271972329405,6.637671398398792
Vermont Square,2024-06-30,2381.842182993514,233.0,-0.6287506168123125,51433.0,0.6872,0,6,2360.560496570848,2254.2255927046645,5.661216459517382
Vermont Square,2024-07-31,2389.7195310041,238.0,-0.2899340039725806,51433.0,0.6872,0,7,2381.842182993514,2230.387490484746,7.1436932460881675
Vermont Square,2024-08-31,2408.9117404941694,238.0,0.2811380468135116,51433.0,0.6872,0,8,2389.7195310041,2262.1185284586263,6.489191887551793
Vermont Square,2024-09-30,2380.8060195945063,257.0,0.437345807567846,51433.0,0.6872,0,9,2408.9117404941694,2263.4157458428253,5.186421185206003
Vermont Square,2024-10-31,2412.1411562792305,272.0,1.4371161974639168,51433.0,0.6872,0,10,2380.8060195945063,2342.6357064343715,2.9669764553640343
Vermont Square,2024-11-30,2494.0721497970867,263.0,0.5173281338448854,51433.0,0.6872,0,11,2412.1411562792305,2330.4876261050645,7.019325992535763
Vermont Square,2024-12-31,2536.645016903237,254.0,-0.5756746186937889,51433.0,0.6872,0,12,2494.0721497970867,2347.683109638009,8.048867689573491
Vermont Square,2025-01-31,2510.7644074609098,250.0,-2.0957565649731724,51433.0,0.6872,0,1,2536.645016903237,2327.328215518913,7.881835949000293
Vermont Square,2025-02-28,2467.71023825858,234.0,0.6219365206910465,51433.0,0.6872,0,2,2510.7644074609098,2338.489159191274,5.525836139090523
Vermont Square,2025-03-31,2425.1379806789146,217.0,0.0734683447262574,51433.0,0.6872,0,3,2467.71023825858,2377.40247193441,2.007885047148261
Vermont Square,2025-04-30,2382.20091256811,204.0,0.7261642567589099,51433.0,0.6872,0,4,2425.1379806789146,2371.5082764609897,0.4508791393752709
Vermont Square,2025-05-31,2320.1387943296045,206.0,0.1980574525058287,51433.0,0.6872,0,5,2382.20091256811,2360.560496570848,-1.7123773061509584
Vermont Square,2025-06-30,2340.2160746291543,212.0,-0.814383756602044,51433.0,0.6872,0,6,2320.1387943296045,2381.842182993514,-1.7476434274937502
Vermont Square,2025-07-31,2334.9117919948017,214.0,-0.787589879310624,51433.0,0.6872,0,7,2340.2160746291543,2389.7195310041,-2.29347997947984
Vermont Square,2025-08-31,2348.7060080249257,223.0,0.4499509874817287,51433.0,0.6872,0,8,2334.9117919948017,2408.9117404941694,-2.499291753084032
Vermont Square,2025-09-30,2300.86065933709,216.0,0.0159976963317376,51433.0,0.6872,0,9,2348.7060080249257,2380.8060195945063,-3.3579115475788512
Vermont Square,2025-10-31,2323.7482658222298,233.0,1.0332858810921497,51433.0,0.6872,0,10,2300.86065933709,2412.1411562792305,-3.66449907904014
Vermont Square,2025-11-30,2330.6217954333,224.0,0.3467109950130442,51433.0,0.6872,0,11,2323.7482658222298,2494.0721497970867,-6.55355356809083
Vermont Square,2025-12-31,2351.326901936943,230.0,-0.0110437965417098,51433.0,0.6872,0,12,2330.6217954333,2536.645016903237,-7.3056385001213915
West Adams,2019-01-31,2170.4316905178816,0.0,,47245.21,0.6652,0,1,,,
West Adams,2019-02-28,2201.5767031760097,0.0,0.8200448182910547,47245.21,0.6652,0,2,2170.4316905178816,,
West Adams,2019-03-31,2229.4669756092712,0.0,0.1562323835907708,47245.21,0.6652,0,3,2201.5767031760097,,
West Adams,2019-04-30,2282.967395738977,0.0,-0.0675414897722825,47245.21,0.6652,0,4,2229.4669756092712,,
West Adams,2019-05-31,2256.050973033277,0.0,0.1914968942100525,47245.21,0.6652,0,5,2282.967395738977,,
West Adams,2019-06-30,2275.5870093516696,0.0,0.1204606414930697,47245.21,0.6652,0,6,2256.050973033277,,
West Adams,2019-07-31,2303.9884798799385,0.0,-0.9737551334702332,47245.21,0.6652,0,7,2275.5870093516696,,
West Adams,2019-08-31,2342.110776151758,0.0,0.4260558246529156,47245.21,0.6652,0,8,2303.9884798799385,,
West Adams,2019-09-30,2317.5319768597283,0.0,0.6049167634533559,47245.21,0.6652,0,9,2342.110776151758,,
West Adams,2019-10-31,2294.101159272929,0.0,0.8626356887456499,47245.21,0.6652,0,10,2317.5319768597283,,
West Adams,2019-11-30,2284.357681846571,0.0,0.902948891185118,47245.21,0.6652,0,11,2294.101159272929,,
West Adams,2019-12-31,2326.4721129387895,0.0,0.004726419107337,47245.21,0.6652,0,12,2284.357681846571,,
West Adams,2020-01-31,2361.32619873602,118.0,-1.435188102589957,49791.3,0.6716,0,1,2326.4721129387895,2170.4316905178816,8.795232259651975
West Adams,2020-02-29,2373.3898233610744,244.0,0.7975705266522803,49791.3,0.6716,0,2,2361.32619873602,2201.5767031760097,7.804094217439972
West Adams,2020-03-31,2380.5259418124847,325.0,-1.2907522516808267,49791.3,0.6716,1,3,2373.3898233610744,2229.4669756092712,6.77556419789227
West Adams,2020-04-30,2369.5334287744126,383.0,-15.616064257028118,49791.3,0.6716,1,4,2380.5259418124847,2282.967395738977,3.7918208204377413
West Adams,2020-05-31,2385.416835395996,466.0,0.8776104627919779,49791.3,0.6716,1,5,2369.5334287744126,2256.050973033277,5.734172849329977
West Adams,2020-06-30,2367.8563579921165,548.0,3.093036421966411,49791.3,0.6716,1,6,2385.416835395996,2275.5870093516696,4.054749313529227
West Adams,2020-07-31,2363.2266907733606,534.0,-0.5711252265280353,49791.3,0.6716,1,7,2367.8563579921165,2303.9884798799385,2.571115759073117
West Adams,2020-08-31,2363.999329711405,492.0,0.5744058029714338,49791.3,0.6716,1,8,2363.2266907733606,2342.110776151758,0.9345652555175832
West Adams,2020-09-30,2365.8701848286187,503.0,1.3985245931648072,49791.3,0.6716,1,9,2363.999329711405,2317.5319768597283,2.0857622872754833
West Adams,2020-10-31,2339.678761712229,552.0,2.83790370624446,49791.3,0.6716,1,10,2365.8701848286187,2294.101159272929,1.9867302823622923
West Adams,2020-11-30,2320.832464687529,562.0,1.1357851312209233,49791.3,0.6716,1,11,2339.678761712229,2284.357681846571,1.5967194249314476
West Adams,2020-12-31,2335.1617999588393,560.0,-0.7984447684510121,49791.3,0.6716,1,12,2320.832464687529,2326.4721129387895,0.37351348299949905
West Adams,2021-01-31,2398.8398305280734,543.0,-2.9640257558790517,54512.72,0.6602,1,1,2335.1617999588393,2361.32619873602,1.5886679194146769
West Adams,2021-02-28,2447.463302006264,555.0,2.232319953838946,54512.72,0.6602,1,2,2398.8398305280734,2373.3898233610744,3.1209992524654284
West Adams,2021-03-31,2455.142693223742,569.0,0.9489205587695616,54512.72,0.6602,1,3,2447.463302006264,2380.5259418124847,3.1344649558595172
West Adams,2021-04-30,2430.2566035513696,566.0,1.450186951811849,54512.72,0.6602,1,4,2455.142693223742,2369.5334287744126,2.5626637733642266
West Adams,2021-05-31,2405.1671016790506,574.0,0.9334527418021654,54512.72,0.6602,1,5,2430.2566035513696,2385.416835395996,0.8279587026464474
West Adams,2021-06-30,2392.0825607900224,596.0,0.0238883390778932,54512.72,0.6602,1,6,2405.1671016790506,2367.8563579921165,1.02312805910445
West Adams,2021-07-31,2414.488953491779,590.0,0.4861821903787033,54512.72,0.6602,0,7,2392.0825607900224,2363.2266907733606,2.1691640043910887
West Adams,2021-08-31,2467.665238920742,601.0,1.0474492827434068,54512.72,0.6602,0,8,2414.488953491779,2363.999329711405,4.385191988273207
West Adams,2021-09-30,2521.939292053424,606.0,-0.0151204596619658,54512.72,0.6602,0,9,2467.665238920742,2365.8701848286187,6.596689379899812
West Adams,2021-10-31,2565.6961188216237,615.0,2.619595718582479,54512.72,0.6602,0,10,2521.939292053424,2339.678761712229,9.66018757822933
West Adams,2021-11-30,2541.272712683458,607.0,0.9758973015457252,54512.72,0.6602,0,11,2565.6961188216237,2320.832464687529,9.49832662848451
West Adams,2021-12-31,2585.101992195737,602.0,0.1962119737951573,54512.72,0.6602,0,12,2541.272712683458,2335.1617999588393,10.703335085444742
West Adams,2022-01-31,2584.0242858238175,601.0,-2.264157050607707,60983.86,0.6543,0,1,2585.101992195737,2398.8398305280734,7.719750728625274
West Adams,2022-02-28,2620.430271483742,577.0,1.5731081304851902,60983.86,0.6543,0,2,2584.0242858238175,2447.463302006264,7.06719358511696
West Adams,2022-03-31,2623.41881854841,579.0,0.283664819041407,60983.86,0.6543,0,3,2620.430271483742,2455.142693223742,6.854026276725778
West Adams,2022-04-30,2631.8516763896805,572.0,0.6047403843027821,60983.86,0.6543,0,4,2623.41881854841,2430.2566035513696,8.295217572651259
West Adams,2022-05-31,2671.396691135965,597.0,0.252076398539236,60983.86,0.6543,0,5,2631.8516763896805,2405.1671016790506,11.069068310100327
West Adams,2022-06-30,2667.507161335763,625.0,-0.1128267947519412,60983.86,0.6543,0,6,2671.396691135965,2392.0825607900224,11.514008966930378
West Adams,2022-07-31,2716.7843955031412,676.0,-0.4437487897760328,60983.86,0.6543,0,7,2667.507161335763,2414.488953491779,12.520059020116436
West Adams,2022-08-31,2723.9077155418354,744.0,0.3338898163605996,60983.86,0.6543,0,8,2716.7843955031412,2467.665238920742,10.384004790421386
West Adams,2022-09-30,2738.6196580255755,743.0,0.4539359966398981,60983.86,0.6543,0,9,2723.9077155418354,2521.939292053424,8.591815300824512
West Adams,2022-10-31,2748.91511112984,748.0,0.8603499292422434,60983.86,0.6543,0,10,2738.6196580255755,2565.6961188216237,7.141102602297478
West Adams,2022-11-30,2777.0236628572093,771.0,0.534128414037216,60983.86,0.6543,0,11,2748.91511112984,2541.272712683458,9.276885121267053
West Adams,2022-12-31,2807.0384090479724,774.0,0.0301329019570584,60983.86,0.6543,0,12,2777.0236628572093,2585.101992195737,8.585209307882158
West Adams,2023-01-31,2780.8769334028625,755.0,-2.199039208536135,67263.41,0.663,0,1,2807.0384090479724,2584.0242858238175,7.618064917539513
West Adams,2023-02-28,2775.8900599698445,696.0,0.5495574360470767,67263.41,0.663,0,2,2780.8769334028625,2620.430271483742,5.93260542659193
West Adams,2023-03-31,2775.060465473533,705.0,0.0225715437323525,67263.41,0.663,0,3,2775.8900599698445,2623.41881854841,5.780306440320104
West Adams,2023-04-30,2808.82374106498,688.0,0.1144441399764772,67263.41,0.663,0,4,2775.060465473533,2631.8516763896805,6.7242415772482245
West Adams,2023-05-31,2806.9349304385146,625.0,0.4685235871840332,67263.41,0.663,0,5,2808.82374106498,2671.396691135965,5.0736844794441405
West Adams,2023-06-30,2800.2797262249305,602.0,-0.3124949920674358,67263.41,0.663,0,6,2806.9349304385146,2667.507161335763,4.977402378281948
West Adams,2023-07-31,2792.1881488348317,588.0,-0.8938044561617953,67263.41,0.663,0,7,2800.2797262249305,2716.7843955031412,2.7754780046771454
West Adams,2023-08-31,2805.310115609297,611.0,0.2789943227899494,67263.41,0.663,0,8,2792.1881488348317,2723.9077155418354,2.9884419212516944
West Adams,2023-09-30,2812.433656624356,606.0,0.53217301284334,67263.41,0.663,0,9,2805.310115609297,2738.6196580255755,2.695299377643301
West Adams,2023-10-31,2824.299796561379,616.0,0.859197760293462,67263.41,0.663,0,10,2812.433656624356,2748.91511112984,2.7423431566264256
West Adams,2023-11-30,2827.6624082580374,626.0,0.5695142378559392,67263.41,0.663,0,11,2824.299796561379,2777.0236628572093,1.8234898779626363
West Adams,2023-12-31,2827.669943742879,612.0,0.420354684178803,67263.41,0.663,0,12,2827.6624082580374,2807.0384090479724,0.7349929601392136
West Adams,2024-01-31,2825.2568149978815,599.0,-1.123098551502988,67263.41,0.663,0,1,2827.669943742879,2780.8769334028625,1.5958952034857976
West Adams,2024-02-29,2852.190376147639,565.0,0.2044859096427709,67263.41,0.663,0,2,2825.2568149978815,2775.8900599698445,2.7486793255286024
West Adams,2024-03-31,2862.9010863211806,562.0,0.1004400229577262,67263.41,0.663,0,3,2852.190376147639,2775.060465473533,3.1653588071515637
West Adams,2024-04-30,2890.980997867329,555.0,-0.0525586506760933,67263.41,0.663,0,4,2862.9010863211806,2808.82374106498,2.9249701788407245
West Adams,2024-05-31,2864.284820989082,573.0,0.1099531503967909,67263.41,0.663,0,5,2890.980997867329,2806.9349304385146,2.0431499828750255
West Adams,2024-06-30,2856.041602860394,571.0,-0.6287506168123125,67263.41,0.663,0,6,2864.284820989082,2800.2797262249305,1.9912966591604242
West Adams,2024-07-31,2856.04952050711,597.0,-0.2899340039725806,67263.41,0.663,0,7,2856.041602860394,2792.1881488348317,2.2871442849912382
West Adams,2024-08-31,2870.1989127166416,633.0,0.2811380468135116,67263.41,0.663,0,8,2856.04952050711,2805.310115609297,2.313070371303705
West Adams,2024-09-30,2911.673444330846,625.0,0.437345807567846,67263.41,0.663,0,9,2870.1989127166416,2812.433656624356,3.5286090206160914
West Adams,2024-10-31,2922.852995641484,653.0,1.4371161974639168,67263.41,0.663,0,10,2911.673444330846,2824.299796561379,3.4894737166392575
West Adams,2024-11-30,2924.719852937967,645.0,0.5173281338448854,67263.41,0.663,0,11,2922.852995641484,2827.6624082580374,3.4324268836505523
West Adams,2024-12-31,2884.2453932139965,650.0,-0.5756746186937889,67263.41,0.663,0,12,2924.719852937967,2827.669943742879,2.000779815066789
West Adams,2025-01-31,2888.1609402875056,639.0,-2.0957565649731724,67263.41,0.663,0,1,2884.2453932139965,2825.2568149978815,2.2264922946366283
West Adams,2025-02-28,2897.155378282934,606.0,0.6219365206910465,67263.41,0.663,0,2,2888.1609402875056,2852.190376147639,1.5765077433585573
West Adams,2025-03-31,2958.3064776974516,600.0,0.0734683447262574,67263.41,0.663,0,3,2897.155378282934,2862.9010863211806,3.3324724990365207
West Adams,2025-04-30,2961.404459105759,575.0,0.7261642567589099,67263.41,0.663,0,4,2958.3064776974516,2890.980997867329,2.4359710869902518
West Adams,2025-05-31,2987.321123328158,578.0,0.1980574525058287,67263.41,0.663,0,5,2961.404459105759,2864.284820989082,4.295533092152115
West Adams,2025-06-30,2977.4054230974416,565.0,-0.814383756602044,67263.41,0.663,0,6,2987.321123328158,2856.041602860394,4.249371581824946
West Adams,2025-07-31,2996.4304336179157,565.0,-0.787589879310624,67263.41,0.663,0,7,2977.4054230974416,2856.04952050711,4.915212852677708
West Adams,2025-08-31,3013.779447014678,587.0,0.4499509874817287,67263.41,0.663,0,8,2996.4304336179157,2870.1989127166416,5.002459364815848
West Adams,2025-09-30,3008.171089623249,581.0,0.0159976963317376,67263.41,0.663,0,9,3013.779447014678,2911.673444330846,3.3141644191002184
West Adams,2025-10-31,2977.1508903224094,563.0,1.0332858810921497,67263.41,0.663,0,10,3008.171089623249,2922.852995641484,1.8577018673841428
West Adams,2025-11-30,2925.6379443761734,557.0,0.3467109950130442,67263.41,0.663,0,11,2977.1508903224094,2924.719852937967,0.03139074798168551
West Adams,2025-12-31,2922.9371304573965,571.0,-0.0110437965417098,67263.41,0.663,0,12,2925.6379443761734,2884.2453932139965,1.3414856216614979
West Hollywood,2019-01-31,2621.9593808251147,0.0,,78271.01,0.7355,0,1,,,
West Hollywood,2019-02-28,2641.6366421085604,0.0,0.8200448182910547,78271.01,0.7355,0,2,2621.9593808251147,,
West Hollywood,2019-03-31,2686.986352719595,0.0,0.1562323835907708,78271.01,0.7355,0,3,2641.6366421085604,,
West Hollywood,2019-04-30,2690.3925877802403,0.0,-0.0675414897722825,78271.01,0.7355,0,4,2686.986352719595,,
West Hollywood,2019-05-31,2679.7148396747502,0.0,0.1914968942100525,78271.01,0.7355,0,5,2690.3925877802403,,
West Hollywood,2019-06-30,2674.784410383373,0.0,0.1204606414930697,78271.01,0.7355,0,6,2679.7148396747502,,
West Hollywood,2019-07-31,2690.9267696652587,0.0,-0.9737551334702332,78271.01,0.7355,0,7,2674.784410383373,,
West Hollywood,2019-08-31,2695.6339867036395,0.0,0.4260558246529156,78271.01,0.7355,0,8,2690.9267696652587,,
West Hollywood,2019-09-30,2713.188499003654,0.0,0.6049167634533559,78271.01,0.7355,0,9,2695.6339867036395,,
West Hollywood,2019-10-31,2703.041193992857,0.0,0.8626356887456499,78271.01,0.7355,0,10,2713.188499003654,,
West Hollywood,2019-11-30,2709.5457472966373,0.0,0.902948891185118,78271.01,0.7355,0,11,2703.041193992857,,
West Hollywood,2019-12-31,2703.996724797351,0.0,0.004726419107337,78271.01,0.7355,0,12,2709.5457472966373,,
West Hollywood,2020-01-31,2723.5257846224813,76.0,-1.435188102589957,77644.48,0.7262,0,1,2703.996724797351,2621.9593808251147,3.8736833430807804
West Hollywood,2020-02-29,2726.7158688995537,156.0,0.7975705266522803,77644.48,0.7262,0,2,2723.5257846224813,2641.6366421085604,3.22070134229675
West Hollywood,2020-03-31,2712.3190298752725,229.0,-1.2907522516808267,77644.48,0.7262,1,3,2726.7158688995537,2686.986352719595,0.9427914336087806
West Hollywood,2020-04-30,2679.1335753063677,283.0,-15.616064257028118,77644.48,0.7262,1,4,2712.3190298752725,2690.3925877802403,-0.4184895737897487
West Hollywood,2020-05-31,2659.4560089382067,336.0,0.8776104627919779,77644.48,0.7262,1,5,2679.1335753063677,2679.7148396747502,-0.75600696150947
West Hollywood,2020-06-30,2677.9162972972695,404.0,3.093036421966411,77644.48,0.7262,1,6,2659.4560089382067,2674.784410383373,0.11708932135758854
West Hollywood,2020-07-31,2693.8830763437863,383.0,-0.5711252265280353,77644.48,0.7262,1,7,2677.9162972972695,2690.9267696652587,0.10986202641609655
West Hollywood,2020-08-31,2678.4073208421732,361.0,0.5744058029714338,77644.48,0.7262,1,8,2693.8830763437863,2695.6339867036395,-0.6390580452108052
West Hollywood,2020-09-30,2650.563683021318,351.0,1.3985245931648072,77644.48,0.7262,1,9,2678.4073208421732,2713.188499003654,-2.3081631079202025
West Hollywood,2020-10-31,2637.62678077147,362.0,2.83790370624446,77644.48,0.7262,1,10,2650.563683021318,2703.041193992857,-2.420030200307788
West Hollywood,2020-11-30,2648.881808878586,379.0,1.1357851312209233,77644.48,0.7262,1,11,2637.62678077147,2709.5457472966373,-2.238896998826345
West Hollywood,2020-12-31,2643.281139213365,359.0,-0.7984447684510121,77644.48,0.7262,1,12,2648.881808878586,2703.996724797351,-2.2454015948756845
West Hollywood,2021-01-31,2643.4311046279126,359.0,-2.9640257558790517,83392.55,0.7234,1,1,2643.281139213365,2723.5257846224813,-2.940845298649186
West Hollywood,2021-02-28,2647.5563517316887,353.0,2.232319953838946,83392.55,0.7234,1,2,2643.4311046279126,2726.7158688995537,-2.9031083902340105
West Hollywood,2021-03-31,2672.691340354918,352.0,0.9489205587695616,83392.55,0.7234,1,3,2647.5563517316887,2712.3190298752725,-1.4610261213326647
West Hollywood,2021-04-30,2668.638166295784,366.0,1.450186951811849,83392.55,0.7234,1,4,2672.691340354918,2679.1335753063677,-0.3917463879860361
West Hollywood,2021-05-31,2679.609909997297,348.0,0.9334527418021654,83392.55,0.7234,1,5,2668.638166295784,2659.4560089382067,0.7578204336283312
West Hollywood,2021-06-30,2699.9026878395443,364.0,0.0238883390778932,83392.55,0.7234,1,6,2679.609909997297,2677.9162972972695,0.8210260553873638
West Hollywood,2021-07-31,2761.319381491574,378.0,0.4861821903787033,83392.55,0.7234,0,7,2699.9026878395443,2693.8830763437863,2.5033122536006314
West Hollywood,2021-08-31,2807.9329143710665,371.0,1.0474492827434068,83392.55,0.7234,0,8,2761.319381491574,2678.4073208421732,4.835918440073805
West Hollywood,2021-09-30,2834.6127759702335,385.0,-0.0151204596619658,83392.55,0.7234,0,9,2807.9329143710665,2650.563683021318,6.9437717768441765
West Hollywood,2021-10-31,2846.741895381567,359.0,2.619595718582479,83392.55,0.7234,0,10,2834.6127759702335,2637.62678077147,7.928154056311709
West Hollywood,2021-11-30,2886.248759746031,378.0,0.9758973015457252,83392.55,0.7234,0,11,2846.741895381567,2648.881808878586,8.961024613171965
West Hollywood,2021-12-31,2926.895302599661,384.0,0.1962119737951573,83392.55,0.7234,0,12,2886.248759746031,2643.281139213365,10.72962535762274
West Hollywood,2022-01-31,2950.5384198946676,366.0,-2.264157050607707,92861.62,0.7282,0,1,2926.895302599661,2643.4311046279126,11.617753711420576
West Hollywood,2022-02-28,2981.9648735662568,385.0,1.5731081304851902,92861.62,0.7282,0,2,2950.5384198946676,2647.5563517316887,12.630836794685841
West Hollywood,2022-03-31,3000.843079509488,384.0,0.283664819041407,92861.62,0.7282,0,3,2981.9648735662568,2672.691340354918,12.277951224663042
West Hollywood,2022-04-30,3011.3905264315717,407.0,0.6047403843027821,92861.62,0.7282,0,4,3000.843079509488,2668.638166295784,12.843717985625114
West Hollywood,2022-05-31,3007.0683669010514,403.0,0.252076398539236,92861.62,0.7282,0,5,3011.3905264315717,2679.609909997297,12.220377887171075
West Hollywood,2022-06-30,3027.2317403286497,412.0,-0.1128267947519412,92861.62,0.7282,0,6,3007.0683669010514,2699.9026878395443,12.12373519843537
West Hollywood,2022-07-31,3063.8247915257516,414.0,-0.4437487897760328,92861.62,0.7282,0,7,3027.2317403286497,2761.319381491574,10.955104000710492
West Hollywood,2022-08-31,3073.7543333690155,439.0,0.3338898163605996,92861.62,0.7282,0,8,3063.8247915257516,2807.9329143710665,9.46680092097174
West Hollywood,2022-09-30,3067.5632385526615,433.0,0.4539359966398981,92861.62,0.7282,0,9,3073.7543333690155,2834.6127759702335,8.218070014966795
West Hollywood,2022-10-31,3061.875704825795,425.0,0.8603499292422434,92861.62,0.7282,0,10,3067.5632385526615,2846.741895381567,7.557194060805172
West Hollywood,2022-11-30,3057.283840733396,405.0,0.534128414037216,92861.62,0.7282,0,11,3061.875704825795,2886.248759746031,5.925860701016461
West Hollywood,2022-12-31,3062.3846150829904,380.0,0.0301329019570584,92861.62,0.7282,0,12,3057.283840733396,2926.895302599661,4.629113735738621
West Hollywood,2023-01-31,3060.113221068156,389.0,-2.199039208536135,99086.15,0.7213,0,1,3062.3846150829904,2950.5384198946676,3.713722228955074
West Hollywood,2023-02-28,3094.076468926901,357.0,0.5495574360470767,99086.15,0.7213,0,2,3060.113221068156,2981.9648735662568,3.7596551305637993
West Hollywood,2023-03-31,3111.9708776766647,379.0,0.0225715437323525,99086.15,0.7213,0,3,3094.076468926901,3000.843079509488,3.70321923615351
West Hollywood,2023-04-30,3131.234283446348,382.0,0.1144441399764772,99086.15,0.7213,0,4,3111.9708776766647,3011.3905264315717,3.9796816773807198
West Hollywood,2023-05-31,3136.8140939884315,422.0,0.4685235871840332,99086.15,0.7213,0,5,3131.234283446348,3007.0683669010514,4.314691628414491
West Hollywood,2023-06-30,3126.9194938759274,463.0,-0.3124949920674358,99086.15,0.7213,0,6,3136.8140939884315,3027.2317403286497,3.2930334410557816
West Hollywood,2023-07-31,3138.5152058929616,466.0,-0.8938044561617953,99086.15,0.7213,0,7,3126.9194938759274,3063.8247915257516,2.4378161105620855
West Hollywood,2023-08-31,3124.9106963896384,487.0,0.2789943227899494,99086.15,0.7213,0,8,3138.5152058929616,3073.7543333690155,1.6642957592694962
West Hollywood,2023-09-30,3124.680029321628,471.0,0.53217301284334,99086.15,0.7213,0,9,3124.9106963896384,3067.5632385526615,1.861959683540726
West Hollywood,2023-10-31,3116.8276252305714,498.0,0.859197760293462,99086.15,0.7213,0,10,3124.680029321628,3061.875704825795,1.79471427655169
West Hollywood,2023-11-30,3102.78956050582,469.0,0.5695142378559392,99086.15,0.7213,0,11,3116.8276252305714,3057.283840733396,1.4884362114545358
West Hollywood,2023-12-31,3099.3163877315283,427.0,0.420354684178803,99086.15,0.7213,0,12,3102.78956050582,3062.3846150829904,1.2059808708102748
West Hollywood,2024-01-31,3088.4413522713658,426.0,-1.123098551502988,99086.15,0.7213,0,1,3099.3163877315283,3060.113221068156,0.9257216696486159
West Hollywood,2024-02-29,3114.1625559175154,415.0,0.2044859096427709,99086.15,0.7213,0,2,3088.4413522713658,3094.076468926901,0.6491787514734781
West Hollywood,2024-03-31,3126.5217467255934,410.0,0.1004400229577262,99086.15,0.7213,0,3,3114.1625559175154,3111.9708776766647,0.4675772885057272
West Hollywood,2024-04-30,3118.622926220515,397.0,-0.0525586506760933,99086.15,0.7213,0,4,3126.5217467255934,3131.234283446348,-0.4027599369521573
West Hollywood,2024-05-31,3107.302848520882,425.0,0.1099531503967909,99086.15,0.7213,0,5,3118.622926220515,3136.8140939884315,-0.9408031392139748
West Hollywood,2024-06-30,3109.338928316012,434.0,-0.6287506168123125,99086.15,0.7213,0,6,3107.302848520882,3126.9194938759274,-0.5622327531727978
West Hollywood,2024-07-31,3124.9752365326754,433.0,-0.2899340039725806,99086.15,0.7213,0,7,3109.338928316012,3138.5152058929616,-0.4314132152319461
West Hollywood,2024-08-31,3119.955505401601,460.0,0.2811380468135116,99086.15,0.7213,0,8,3124.9752365326754,3124.9106963896384,-0.15857064311509683
West Hollywood,2024-09-30,3119.7661649750435,474.0,0.437345807567846,99086.15,0.7213,0,9,3119.955505401601,3124.680029321628,-0.15725976101467198
West Hollywood,2024-10-31,3132.8967187504295,480.0,1.4371161974639168,99086.15,0.7213,0,10,3119.7661649750435,3116.8276252305714,0.5155592625584848
West Hollywood,2024-11-30,3142.602703158293,462.0,0.5173281338448854,99086.15,0.7213,0,11,3132.8967187504295,3102.78956050582,1.2831402799351466
West Hollywood,2024-12-31,3132.1616530820493,459.0,-0.5756746186937889,99086.15,0.7213,0,12,3142.602703158293,3099.3163877315283,1.059758386737708
West Hollywood,2025-01-31,3188.5545048895547,453.0,-2.0957565649731724,99086.15,0.7213,0,1,3132.1616530820493,3088.4413522713658,3.241542940245945
West Hollywood,2025-02-28,3220.5187394966524,431.0,0.6219365206910465,99086.15,0.7213,0,2,3188.5545048895547,3114.1625559175154,3.415241872234298
West Hollywood,2025-03-31,3276.199079006246,414.0,0.0734683447262574,99086.15,0.7213,0,3,3220.5187394966524,3126.5217467255934,4.787343393258325
West Hollywood,2025-04-30,3244.8217836872427,400.0,0.7261642567589099,99086.15,0.7213,0,4,3276.199079006246,3118.622926220515,4.046621231623826
West Hollywood,2025-05-31,3226.967463399069,403.0,0.1980574525058287,99086.15,0.7213,0,5,3244.8217836872427,3107.302848520882,3.8510766639675564
West Hollywood,2025-06-30,3193.494738470371,407.0,-0.814383756602044,99086.15,0.7213,0,6,3226.967463399069,3109.338928316012,2.7065499160600304
West Hollywood,2025-07-31,3183.0847366925072,428.0,-0.787589879310624,99086.15,0.7213,0,7,3193.494738470371,3124.9752365326754,1.8595187405167302
West Hollywood,2025-08-31,3189.6854117383173,431.0,0.4499509874817287,99086.15,0.7213,0,8,3183.0847366925072,3119.955505401601,2.2349647684395624
West Hollywood,2025-09-30,3215.8502631051606,447.0,0.0159976963317376,99086.15,0.7213,0,9,3189.6854117383173,3119.7661649750435,3.0798493556611017
West Hollywood,2025-10-31,3208.099091573119,432.0,1.0332858810921497,99086.15,0.7213,0,10,3215.8502631051606,3132.8967187504295,2.400410213736137
West Hollywood,2025-11-30,3201.8895762321445,398.0,0.3467109950130442,99086.15,0.7213,0,11,3208.099091573119,3142.602703158293,1.886553238634603
West Hollywood,2025-12-31,3147.8575594346203,399.0,-0.0110437965417098,99086.15,0.7213,0,12,3201.8895762321445,3132.1616530820493,0.5011205707446953
Westwood,2019-01-31,3279.79370993467,0.0,,65855.0,0.6983,0,1,,,
Westwood,2019-02-28,3269.1257107949623,0.0,0.8200448182910547,65855.0,0.6983,0,2,3279.79370993467,,
Westwood,2019-03-31,3284.8923947395056,0.0,0.1562323835907708,65855.0,0.6983,0,3,3269.1257107949623,,
Westwood,2019-04-30,3270.1243433306136,0.0,-0.0675414897722825,65855.0,0.6983,0,4,3284.8923947395056,,
Westwood,2019-05-31,3281.5791702699444,0.0,0.1914968942100525,65855.0,0.6983,0,5,3270.1243433306136,,
Westwood,2019-06-30,3292.7818771150505,0.0,0.1204606414930697,65855.0,0.6983,0,6,3281.5791702699444,,
Westwood,2019-07-31,3329.0264514287123,0.0,-0.9737551334702332,65855.0,0.6983,0,7,3292.7818771150505,,
Westwood,2019-08-31,3353.543455268911,0.0,0.4260558246529156,65855.0,0.6983,0,8,3329.0264514287123,,
Westwood,2019-09-30,3358.0357793587636,0.0,0.6049167634533559,65855.0,0.6983,0,9,3353.543455268911,,
Westwood,2019-10-31,3308.6136428871805,0.0,0.8626356887456499,65855.0,0.6983,0,10,3358.0357793587636,,
Westwood,2019-11-30,3266.964913737053,0.0,0.902948891185118,65855.0,0.6983,0,11,3308.6136428871805,,
Westwood,2019-12-31,3235.608070591666,0.0,0.004726419107337,65855.0,0.6983,0,12,3266.964913737053,,
Westwood,2020-01-31,3300.9597417145924,30.0,-1.435188102589957,63344.0,0.6753,0,1,3235.608070591666,3279.79370993467,0.6453464349239102
Westwood,2020-02-29,3349.9710363595927,73.0,0.7975705266522803,63344.0,0.6753,0,2,3300.9597417145924,3269.1257107949623,2.472995311794568
Westwood,2020-03-31,3364.449818604665,93.0,-1.2907522516808267,63344.0,0.6753,1,3,3349.9710363595927,3284.8923947395056,2.4219187207643156
Westwood,2020-04-30,3368.1743311285472,107.0,-15.616064257028118,63344.0,0.6753,1,4,3364.449818604665,3270.1243433306136,2.998356560902815
Westwood,2020-05-31,3342.357892476893,128.0,0.8776104627919779,63344.0,0.6753,1,5,3368.1743311285472,3281.5791702699444,1.8521181130592312
Westwood,2020-06-30,3343.829381043054,154.0,3.093036421966411,63344.0,0.6753,1,6,3342.357892476893,3292.7818771150505,1.5502850122805167
Westwood,2020-07-31,3289.420299281026,153.0,-0.5711252265280353,63344.0,0.6753,1,7,3343.829381043054,3329.0264514287123,-1.1897217617687805
Westwood,2020-08-31,3301.450777676538,143.0,0.5744058029714338,63344.0,0.6753,1,8,3289.420299281026,3353.543455268911,-1.5533622357130294
Westwood,2020-09-30,3263.323126387862,153.0,1.3985245931648072,63344.0,0.6753,1,9,3301.450777676538,3358.0357793587636,-2.8204777790958424
Westwood,2020-10-31,3223.8034331302347,167.0,2.83790370624446,63344.0,0.6753,1,10,3263.323126387862,3308.6136428871805,-2.563315603176264
Westwood,2020-11-30,3119.3038480117048,167.0,1.1357851312209233,63344.0,0.6753,1,11,3223.8034331302347,3266.964913737053,-4.519824045384069
Westwood,2020-12-31,3132.854269402014,161.0,-0.7984447684510121,63344.0,0.6753,1,12,3119.3038480117048,3235.608070591666,-3.1757184105076885
Westwood,2021-01-31,3153.5590639869615,147.0,-2.9640257558790517,67422.0,0.6682,1,1,3132.854269402014,3300.9597417145924,-4.465388531247816
Westwood,2021-02-28,3171.881674534305,138.0,2.232319953838946,67422.0,0.6682,1,2,3153.5590639869615,3349.9710363595927,-5.316146315665371
Westwood,2021-03-31,3183.57614673726,128.0,0.9489205587695616,67422.0,0.6682,1,3,3171.881674534305,3364.449818604665,-5.376025252842631
Westwood,2021-04-30,3197.4458633750824,123.0,1.450186951811849,67422.0,0.6682,1,4,3183.57614673726,3368.1743311285472,-5.0688726582706405
Westwood,2021-05-31,3276.728218763759,142.0,0.9334527418021654,67422.0,0.6682,1,5,3197.4458633750824,3342.357892476893,-1.9635740942301805
Westwood,2021-06-30,3328.412766113611,147.0,0.0238883390778932,67422.0,0.6682,1,6,3276.728218763759,3343.829381043054,-0.46104669744346793
Westwood,2021-07-31,3384.5039813585295,158.0,0.4861821903787033,67422.0,0.6682,0,7,3328.412766113611,3289.420299281026,2.8905908466086316
Westwood,2021-08-31,3440.891012758123,161.0,1.0474492827434068,67422.0,0.6682,0,8,3384.5039813585295,3301.450777676538,4.223604847433737
Westwood,2021-09-30,3441.8114767279635,170.0,-0.0151204596619658,67422.0,0.6682,0,9,3440.891012758123,3263.323126387862,5.469527332332191
Westwood,2021-10-31,3469.2072732276,170.0,2.619595718582479,67422.0,0.6682,0,10,3441.8114767279635,3223.8034331302347,7.612245758392411
Westwood,2021-11-30,3460.6128436942377,170.0,0.9758973015457252,67422.0,0.6682,0,11,3469.2072732276,3119.3038480117048,10.941832290563447
Westwood,2021-12-31,3495.6887254212866,162.0,0.1962119737951573,67422.0,0.6682,0,12,3460.6128436942377,3132.854269402014,11.58159380610222
Westwood,2022-01-31,3508.330209839883,170.0,-2.264157050607707,74852.0,0.6674,0,1,3495.6887254212866,3153.5590639869615,11.249865268240566
Westwood,2022-02-28,3530.192822233535,179.0,1.5731081304851902,74852.0,0.6674,0,2,3508.330209839883,3171.881674534305,11.29648531898142
Westwood,2022-03-31,3568.0393240785147,182.0,0.283664819041407,74852.0,0.6674,0,3,3530.192822233535,3183.57614673726,12.076456149329996
Westwood,2022-04-30,3620.800896465921,183.0,0.6047403843027821,74852.0,0.6674,0,4,3568.0393240785147,3197.4458633750824,13.240412853900963
Westwood,2022-05-31,3675.7793760632953,169.0,0.252076398539236,74852.0,0.6674,0,5,3620.800896465921,3276.728218763759,12.178341646231816
Westwood,2022-06-30,3710.5805581127584,187.0,-0.1128267947519412,74852.0,0.6674,0,6,3675.7793760632953,3328.412766113611,11.481983120903072
Westwood,2022-07-31,3735.777003175526,191.0,-0.4437487897760328,74852.0,0.6674,0,7,3710.5805581127584,3384.5039813585295,10.37886271523889
Westwood,2022-08-31,3765.960646507112,187.0,0.3338898163605996,74852.0,0.6674,0,8,3735.777003175526,3440.891012758123,9.447251672421398
Westwood,2022-09-30,3765.3217548603857,196.0,0.4539359966398981,74852.0,0.6674,0,9,3765.960646507112,3441.8114767279635,9.399418890890976
Westwood,2022-10-31,3760.3860009087743,205.0,0.8603499292422434,74852.0,0.6674,0,10,3765.3217548603857,3469.2072732276,8.393235247955477
Westwood,2022-11-30,3712.0332439736785,205.0,0.534128414037216,74852.0,0.6674,0,11,3760.3860009087743,3460.6128436942377,7.265198727374744
Westwood,2022-12-31,3681.325572251314,199.0,0.0301329019570584,74852.0,0.6674,0,12,3712.0332439736785,3495.6887254212866,5.310451284750917
Westwood,2023-01-31,3684.0508380236174,186.0,-2.199039208536135,79994.0,0.6785,0,1,3681.325572251314,3508.330209839883,5.008668445486886
Westwood,2023-02-28,3705.374068280854,186.0,0.5495574360470767,79994.0,0.6785,0,2,3684.0508380236174,3530.192822233535,4.96237046724497
Westwood,2023-03-31,3770.8170142464264,191.0,0.0225715437323525,79994.0,0.6785,0,3,3705.374068280854,3568.0393240785147,5.683168590645549
Westwood,2023-04-30,3782.3157549533826,207.0,0.1144441399764772,79994.0,0.6785,0,4,3770.8170142464264,3620.800896465921,4.460749516636153
Westwood,2023-05-31,3793.3353517897976,223.0,0.4685235871840332,79994.0,0.6785,0,5,3782.3157549533826,3675.7793760632953,3.1981238180949445
Westwood,2023-06-30,3785.8712255426167,239.0,-0.3124949920674358,79994.0,0.6785,0,6,3793.3353517897976,3710.5805581127584,2.0290805239423726
Westwood,2023-07-31,3784.625339584368,251.0,-0.8938044561617953,79994.0,0.6785,0,7,3785.8712255426167,3735.777003175526,1.307581698996474
Westwood,2023-08-31,3776.432272575177,272.0,0.2789943227899494,79994.0,0.6785,0,8,3784.625339584368,3765.960646507112,0.27805989098099726
Westwood,2023-09-30,3761.102533988785,274.0,0.53217301284334,79994.0,0.6785,0,9,3776.432272575177,3765.3217548603857,-0.1120547232425606
Westwood,2023-10-31,3775.343043861589,263.0,0.859197760293462,79994.0,0.6785,0,10,3761.102533988785,3760.3860009087743,0.3977528623178683
Westwood,2023-11-30,3771.73594790105,250.0,0.5695142378559392,79994.0,0.6785,0,11,3775.343043861589,3712.0332439736785,1.6083558525316732
Westwood,2023-12-31,3783.2070304066456,223.0,0.420354684178803,79994.0,0.6785,0,12,3771.73594790105,3681.325572251314,2.767520996330286
Westwood,2024-01-31,3778.737833790368,221.0,-1.123098551502988,79994.0,0.6785,0,1,3783.2070304066456,3684.0508380236174,2.5701870014787076
Westwood,2024-02-29,3813.601353603424,198.0,0.2044859096427709,79994.0,0.6785,0,2,3778.737833790368,3705.374068280854,2.9208194187201997
Westwood,2024-03-31,3847.7313278060938,179.0,0.1004400229577262,79994.0,0.6785,0,3,3813.601353603424,3770.8170142464264,2.0397254300349
Westwood,2024-04-30,3886.019689345384,171.0,-0.0525586506760933,79994.0,0.6785,0,4,3847.7313278060938,3782.3157549533826,2.7418106025703715
Westwood,2024-05-31,3925.182149283018,174.0,0.1099531503967909,79994.0,0.6785,0,5,3886.019689345384,3793.3353517897976,3.4757485238158914
Westwood,2024-06-30,3917.4412163111456,186.0,-0.6287506168123125,79994.0,0.6785,0,6,3925.182149283018,3785.8712255426167,3.475289647488511
Westwood,2024-07-31,3913.5784014695378,192.0,-0.2899340039725806,79994.0,0.6785,0,7,3917.4412163111456,3784.625339584368,3.4072873881706878
Westwood,2024-08-31,3892.837478300181,205.0,0.2811380468135116,79994.0,0.6785,0,8,3913.5784014695378,3776.432272575177,3.0824121107731806
Westwood,2024-09-30,3882.5294165750392,217.0,0.437345807567846,79994.0,0.6785,0,9,3892.837478300181,3761.102533988785,3.228491685321755
Westwood,2024-10-31,3844.3647651686247,231.0,1.4371161974639168,79994.0,0.6785,0,10,3882.5294165750392,3775.343043861589,1.8282238330437073
Westwood,2024-11-30,3856.78021683654,227.0,0.5173281338448854,79994.0,0.6785,0,11,3844.3647651686247,3771.73594790105,2.2547779089046927
Westwood,2024-12-31,3870.23580483013,226.0,-0.5756746186937889,79994.0,0.6785,0,12,3856.78021683654,3783.2070304066456,2.3003968253392015
Westwood,2025-01-31,3967.9496740203554,222.0,-2.0957565649731724,79994.0,0.6785,0,1,3870.23580483013,3778.737833790368,5.007276200481825
Westwood,2025-02-28,4025.6962700806616,215.0,0.6219365206910465,79994.0,0.6785,0,2,3967.9496740203554,3813.601353603424,5.5615387349501555
Westwood,2025-03-31,4073.8095794322994,225.0,0.0734683447262574,79994.0,0.6785,0,3,4025.6962700806616,3847.7313278060938,5.875624682846858
Westwood,2025-04-30,4025.3164985607614,219.0,0.7261642567589099,79994.0,0.6785,0,4,4073.8095794322994,3886.019689345384,3.5845626206501002
Westwood,2025-05-31,4036.655614152271,211.0,0.1980574525058287,79994.0,0.6785,0,5,4025.3164985607614,3925.182149283018,2.8399564817549905
Westwood,2025-06-30,4001.832791063191,219.0,-0.814383756602044,79994.0,0.6785,0,6,4036.655614152271,3917.4412163111456,2.154252485031871
Westwood,2025-07-31,4010.4886859118697,211.0,-0.787589879310624,79994.0,0.6785,0,7,4001.832791063191,3913.5784014695378,2.4762576471175857
Westwood,2025-08-31,3995.244312695052,216.0,0.4499509874817287,79994.0,0.6785,0,8,4010.4886859118697,3892.837478300181,2.6306475666070472
Westwood,2025-09-30,3966.5463232017873,206.0,0.0159976963317376,79994.0,0.6785,0,9,3995.244312695052,3882.5294165750392,2.163973472243863
Westwood,2025-10-31,3950.711899362559,210.0,1.0332858810921497,79994.0,0.6785,0,10,3966.5463232017873,3844.3647651686247,2.7663122697793696
Westwood,2025-11-30,3920.4643754124127,217.0,0.3467109950130442,79994.0,0.6785,0,11,3950.711899362559,3856.78021683654,1.6512260226253739
Westwood,2025-12-31,3964.161332164548,206.0,-0.0110437965417098,79994.0,0.6785,0,12,3920.4643754124127,3870.23580483013,2.426868337510535
