Neighborhood,Date,Rent,predicted_rent_xgb,predicted_rent_prophet,predicted_lstm,predicted_ensemble,residual,kalman_estimate,upper_bound,lower_bound,smoothed_std,anomaly_score,is_anomaly
Beverly Hills,2022-01-31,6427.59296157712,6259.767,6150.046869076152,6480.732199311553,6305.368325852515,122.22463572460492,6427.596121471336,6429.595900223891,6425.596342718782,0.9998893762772003,0.003160243782298676,False
Beverly Hills,2022-02-28,6487.461972748955,6202.75,6161.410998157897,6495.823353414642,6297.6700002044145,189.79197254454084,6472.514620269607,6591.751266154523,6353.27797438469,59.618322942458256,0.25071742610519177,False
Beverly Hills,2022-03-31,6472.219521537098,6321.0093,6171.529798597473,6504.1095121208555,6339.439646640278,132.77987489682073,6523.590371605378,6645.513275501841,6401.667467708915,60.96145194823144,0.8426776006496216,False
Beverly Hills,2022-04-30,6698.274628741606,6330.495,6142.632110909576,6516.520894258857,6337.322179475599,360.9524492660066,6679.628679089457,6801.672608312416,6557.584749866499,61.0219646114793,0.30556128056200166,False
Beverly Hills,2022-05-31,6803.122365193703,6339.4473,6120.218196807228,6539.08292858616,6340.949204916883,462.17316027682045,6787.383884849507,6909.433327300157,6665.334442398857,61.02472122532503,0.25790335499453276,False
Beverly Hills,2022-06-30,6913.100707879746,6268.7383,6171.100824718478,6571.551752713854,6348.658282121851,564.4424257578949,6853.618089309711,6975.667783036087,6731.568395583335,61.02484686318794,0.9747278627940215,False
Beverly Hills,2022-07-31,6771.818261229069,6265.576,6269.04343889384,6608.579172265326,6393.8052603176875,378.0130009113818,6784.93626022051,6906.985965399508,6662.886555041512,61.02485258949903,0.2149615842177141,False
Beverly Hills,2022-08-31,6689.612671305207,6187.0347,6339.458500020826,6637.607351953583,6404.354213400062,285.2584579051454,6719.666480117194,6841.716185818179,6597.6167744162085,61.02485285049257,0.4924847402859259,False
Beverly Hills,2022-09-30,6687.94877615459,6026.5054,6387.302420780728,6656.124587675034,6379.0369938743015,308.9117822802882,6705.612978064301,6827.662683789078,6583.563272339525,61.024852862388144,0.2894591478434218,False
Beverly Hills,2022-10-31,6835.945345677373,6052.813,6459.082399211796,6663.076887770057,6413.203740207404,422.7416054699688,6802.226371822625,6924.276077548486,6680.176666096764,61.0248528629303,0.5525449430408197,False
Beverly Hills,2022-11-30,6768.71673812275,5922.2705,6525.618927165545,6661.190174176238,6395.470328831939,373.2464092908112,6749.237153739772,6871.286859465682,6627.187448013862,61.024852862955015,0.3192073961002678,False
Beverly Hills,2022-12-31,6649.243997172474,5702.3604,6542.9035788636165,6650.103483190567,6331.331268754283,317.91272841819136,6593.399193285902,6715.448899011814,6471.349487559989,61.02485286295613,0.9151157480515768,False
Beverly Hills,2023-01-31,6608.856166066006,6252.4023,7001.699150961024,6816.810921734761,6709.186925157539,-100.33075909153284,6717.742769179522,6839.792474905435,6595.693063453609,61.024852862956195,1.7842993139237868,False
Beverly Hills,2023-02-28,6832.875798941626,6268.0405,7105.63614772279,6803.8503569198565,6743.415278306429,89.4605206351971,6813.963552489288,6936.013258215201,6691.913846763376,61.024852862956195,0.3099105620411766,False
Beverly Hills,2023-03-31,6877.871328408235,6384.137,7122.440562044656,6796.122026110275,6780.814784589002,97.0565438192334,6858.556285982081,6980.605991707994,6736.5065802561685,61.024852862956195,0.3165110855140396,False
Beverly Hills,2023-04-30,6783.20654427167,6304.31,7126.41395129513,6792.957942216709,6757.090643108895,26.115901162775117,6786.059046792584,6908.108752518497,6664.009341066671,61.024852862956195,0.046743292062533554,False
Beverly Hills,2023-05-31,6747.903675923142,6293.288,7198.753992737803,6790.319503649217,6776.729017405607,-28.825341482464864,6765.1895955650325,6887.239301290945,6643.13988983912,61.024852862956195,0.283260324738133,False
Beverly Hills,2023-06-30,6783.805810051977,6316.958,7268.390570285654,6787.490896858597,6805.774909978519,-21.969099926542185,6803.814500316007,6925.86420604192,6681.764794590094,61.024852862956195,0.3278777304991682,False
Beverly Hills,2023-07-31,6902.6149176435265,6369.208,7277.108914266401,6784.957830846157,6823.338878910373,79.27603873315365,6888.933686490651,7010.9833922165635,6766.883980764738,61.024852862956195,0.22419113703326282,False
Beverly Hills,2023-08-31,6901.230153859917,6343.5947,7294.102512844235,6785.288138779631,6821.420884740298,79.80926911961888,6914.928841422456,7036.978547148368,6792.879135696543,61.024852862956195,0.22447719113813094,False
Beverly Hills,2023-09-30,7026.903600335141,6336.938,7368.724562586364,6786.518374503171,6844.5519531895425,182.3516471455987,7005.6657079557635,7127.715413681676,6883.616002229851,61.024852862956195,0.3480203782480469,False
Beverly Hills,2023-10-31,7076.799485324742,6374.4346,7430.966782645427,6788.568978045451,6877.0951104374735,199.7043748872684,7044.276782123045,7166.326487848958,6922.227076397133,61.024852862956195,0.532941935466906,False
Beverly Hills,2023-11-30,6987.181973922573,6416.6074,7441.4356236252,6789.412923131386,6893.4761764278865,93.70579749468652,6972.4895664011365,7094.539272127049,6850.439860675224,61.024852862956195,0.24076104783117966,False
Beverly Hills,2023-12-31,6890.400888185774,6481.324,7496.197010726711,6790.108998037314,6931.182516704162,-40.78162851838715,6879.455621494744,7001.505327220657,6757.405915768832,61.024852862956195,0.17935752690492213,False
Beverly Hills,2024-01-31,6853.813055833017,6816.543,7243.651222630279,7263.270718611536,7123.231372359194,-269.4183165261775,6909.049721015054,7031.099426740967,6787.000015289142,61.024852862956195,0.9051503212474971,False
Beverly Hills,2024-02-29,6891.078401844294,6756.689,7357.854383998588,7250.53420436226,7138.366826790043,-247.28842494574928,6921.781486393889,7043.831192119802,6799.731780667977,61.024852862956195,0.5031242699349789,False
Beverly Hills,2024-03-31,7033.620224720109,6803.8774,7386.953870001621,7245.196853931905,7160.1153061959185,-126.49508147580946,7030.090037117764,7152.139742843677,6908.040331391851,61.024852862956195,0.05784835908894808,False
Beverly Hills,2024-04-30,7097.568154062814,6845.9062,7368.634147801504,7241.479575766593,7165.247692068791,-67.67953800597752,7111.553594882947,7233.60330060886,6989.503889157035,61.024852862956195,0.22917614974425257,False
Beverly Hills,2024-05-31,7258.3126550223,6833.6636,7407.434412015467,7246.033554197304,7176.099811216688,82.21284380561156,7239.260417159295,7361.310122885207,7117.210711433382,61.024852862956195,0.31220456856599893,False
Beverly Hills,2024-06-30,7338.785359152478,6866.734,7475.130528913809,7251.090957843359,7210.236444394819,128.54891475765908,7335.046918231197,7457.09662395711,7212.997212505285,61.024852862956195,0.06126095754894733,False
Beverly Hills,2024-07-31,7451.771908960451,6905.792,7501.675675207754,7253.684616900273,7231.648393103783,220.12351585666784,7407.276410748024,7529.326116473937,7285.226705022112,61.024852862956195,0.729137328770931,False
Beverly Hills,2024-08-31,7314.726768535875,6909.6504,7525.224390549346,7244.573839282279,7237.210076249638,77.51669228623632,7334.727652172461,7456.777357898373,7212.677946446548,61.024852862956195,0.32774980511996565,False
Beverly Hills,2024-09-30,7337.097546770253,6933.338,7600.582212277388,7234.462810739539,7265.454167225138,71.64337954511484,7342.81488638832,7464.864592114232,7220.765180662407,61.024852862956195,0.09368870794280347,False
Beverly Hills,2024-10-31,7346.495634640109,6974.907,7665.072378753201,7224.895709218769,7295.653469433633,50.84216520647533,7369.423616273975,7491.473321999888,7247.373910548063,61.024852862956195,0.37571547581768067,False
Beverly Hills,2024-11-30,7461.745711156686,6949.248,7653.758822312601,7225.98308426631,7284.645740179705,177.09997097698124,7421.260316058342,7543.310021784255,7299.2106103324295,61.024852862956195,0.6634247063672283,False
Beverly Hills,2024-12-31,7248.158584884635,6926.7153,7654.249040808963,7232.278427494655,7280.403799842536,-32.245214957900316,7362.554298436709,7484.604004162622,7240.504592710797,61.024852862956195,1.8745758189737438,False
Beverly Hills,2025-01-31,7562.076781444176,6822.8433,7465.194575837833,7322.577231978516,7220.316376577941,341.76040486623515,7579.470238279969,7701.519944005881,7457.420532554056,61.0248528629562,0.2850225115987255,False
Beverly Hills,2025-02-28,8008.718881179309,7042.7173,7556.011479218964,7305.229579061583,7309.6412631825615,699.0776179967479,7996.196920223122,8118.246625949035,7874.1472144972095,61.02485286295644,0.20519444728946612,False
Beverly Hills,2025-03-31,8431.527726027878,7144.148,7603.364995440696,7297.585541639133,7352.785104938038,1078.7426210898402,8330.459533959352,8452.509239685276,8208.409828233429,61.02485286296172,1.656180839615033,False
Beverly Hills,2025-04-30,8342.566083680718,7194.529,7603.44417682773,7295.650076856261,7367.156162595861,975.4099210848572,8343.099099459461,8465.148805185616,8221.049393733307,61.0248528630775,0.008734404978436984,False
Beverly Hills,2025-05-31,8333.638141617552,7093.8735,7650.639007044325,7295.346499582943,7352.551216657357,981.0869249601948,8328.307101888007,8450.356807619242,8206.257396156772,61.02485286561777,0.08735850196001857,False
Beverly Hills,2025-06-30,8340.072302972287,7152.0166,7730.999912689581,7293.217307367588,7395.707160860677,944.3651421116092,8355.829033738313,8477.878739581018,8233.779327895609,61.02485292135223,0.25820186381688626,False
Beverly Hills,2025-07-31,8432.814578996957,7197.593,7762.22753277472,7283.870916743111,7416.19178694636,1016.6227920505962,8406.33558206672,8528.385290355101,8284.285873778339,61.0248541441903,0.43390512435035894,False
Beverly Hills,2025-08-31,8356.848455885818,7212.5806,7761.0932064339695,7267.622294452761,7414.277428083571,942.571027802247,8357.718895349415,8479.76865729697,8235.66913340186,61.02488097377728,0.014263681461802284,False
Beverly Hills,2025-09-30,8367.152151306549,7273.8984,7810.008218498796,7244.073607376262,7440.052496501301,927.099654805248,8339.313778850124,8461.364718097097,8217.262839603152,61.02546962348619,0.45617629202396204,False
Beverly Hills,2025-10-31,8217.117565430519,7336.125,7878.113661355651,7216.073393876614,7470.793115198235,746.3244502322841,8245.211102306255,8367.28786915148,8123.134335461032,61.03838342261195,0.4602601723021126,False
Beverly Hills,2025-11-30,8205.897641189953,7438.465,7873.609130862193,7187.889724756152,7489.457829010996,716.4398121789573,8220.434983178766,8343.07704982861,8097.792916528923,61.321033324921395,0.23706942297291728,False
Beverly Hills,2025-12-31,8133.311248123243,7222.9854,7838.743996066691,7162.501531842046,7404.107148845678,729.2040992775646,8133.766163218912,8268.214312450376,7999.318013987448,67.22407461573216,0.006767145523412835,False
Boyle Heights,2022-01-31,1960.3910125643497,1988.9377,1960.435709379086,1994.6334262914145,1981.6270070033845,-21.235994439034812,1960.410006478825,1962.4081765436854,1958.4118364139645,0.9990850324302865,0.019011309016326226,False
Boyle Heights,2022-02-28,1952.4089672528376,1984.5509,1971.130147143914,1991.9902087389987,1982.871116344864,-30.462149092026493,1968.5208121282174,1998.031906738521,1939.0097175179137,14.75554730515177,1.091917807673275,False
Boyle Heights,2022-03-31,1973.801265098329,2008.539,1973.7244529909576,1989.471689777983,1989.9670336893223,-16.165768590993366,1986.7317252481726,2021.1519740206634,1952.3114764756817,17.210124386245447,0.7513286860764652,False
Boyle Heights,2022-04-30,2004.743366328242,2006.3453,1978.7483664012705,1989.1419709144827,1990.8496307601736,13.89373556806845,2002.138764212894,2038.171755393905,1966.1057730318832,18.016495590505407,0.14456763252421023,False
Boyle Heights,2022-05-31,2071.991036757228,2232.6475,1989.1228445523268,1990.780117398076,2062.541354342017,9.4496824152111,2087.668159808095,2124.2674965331234,2051.0688230830665,18.29966836251435,0.8566889154348676,False
Boyle Heights,2022-06-30,2102.8213423070288,2257.4028,1992.9228974783337,1993.9813231548856,2072.384344956143,30.436997350885576,2115.4824963894553,2152.2847189096537,2078.680273869257,18.401111260099157,0.688064644389179,False
Boyle Heights,2022-07-31,2132.430871896524,2247.4153,1995.768414055126,1997.5941630144011,2071.6775784092106,60.753293487313385,2136.085512504214,2172.9609107116253,2099.2101142968027,18.43769910370568,0.19821565506366887,False
Boyle Heights,2022-08-31,2170.6302015873675,2143.197,2016.4313927247536,2000.937554292702,2048.588936224849,122.04126536251852,2135.2702923330853,2172.1721466147037,2098.368438051467,18.450927140809092,1.916429942260742,False
Boyle Heights,2022-09-30,2206.9146318485405,2251.9912,2045.836725773126,2002.993128677806,2091.59535843668,115.31927341186064,2191.2265932382697,2228.1380207575,2154.3151657190397,18.455713759614962,0.8500369482376308,False
Boyle Heights,2022-10-31,2238.083541243868,2142.522,2056.565864305387,2003.5428535953797,2062.618338879557,175.4652023643107,2171.0629002545575,2207.9777929682086,2134.1480075409063,18.457446356825475,3.631089569886005,True
Boyle Heights,2022-11-30,2198.521641082875,2095.892,2045.873324348028,2003.056174495767,2044.963168551649,153.5584725312258,2144.549352506241,2181.465499646678,2107.6332053658043,18.458073570218364,2.9240477529830695,True
Boyle Heights,2022-12-31,2201.679756278299,2162.3513,2041.5038850613205,2001.594322017704,2062.8460578559752,138.83369842232378,2139.342691821289,2176.259293092303,2102.426090550275,18.458300635506838,3.377183287573346,True
Boyle Heights,2023-01-31,2141.6131183983784,2062.8157,2228.9480651692575,2165.073769039069,2155.615375984313,-14.00225758593433,2192.5857005580688,2229.502466236944,2155.6689348791933,18.458382839437775,2.7614868851440524,True
Boyle Heights,2023-02-28,2138.1609937078206,2103.7295,2249.772553269258,2158.7995387281535,2172.405682106322,-34.244688398500784,2183.28992063509,2220.2067458344886,2146.373095435691,18.458412599699347,2.444897504542474,True
Boyle Heights,2023-03-31,2123.824025615749,2068.8367,2265.6345818770383,2153.4860711722495,2165.2484225659987,-41.4243969502495,2161.945969422097,2198.8628161697325,2125.029122674461,18.458423373817723,2.0652871057107016,True
Boyle Heights,2023-04-30,2143.2450834820543,2058.0667,2292.8263430783404,2149.6700262198583,2169.6026455488045,-26.357562066750233,2162.1653250160707,2199.0821795648276,2125.248470467314,18.45842727437849,1.0250191548024672,False
Boyle Heights,2023-05-31,2181.411494689336,2011.1792,2332.5456019900794,2148.2863900256616,2168.2011422071496,13.210352482186408,2161.6177592708123,2198.534616643815,2124.7009018978097,18.458428686501342,1.0723412996836232,False
Boyle Heights,2023-06-30,2139.537806472773,1977.2808,2359.9905697923255,2148.3483963369154,2167.1613822982467,-27.623575825473836,2156.2128129976163,2193.1296713930833,2119.2959546021493,18.458429197733405,0.9033816657517745,False
Boyle Heights,2023-07-31,2136.95335508915,1988.1029,2379.506327223556,2149.420169965568,2177.244550021027,-40.29119493187682,2166.327585778152,2203.244444543783,2129.4107270125205,18.45842938281563,1.5913721619475767,False
Boyle Heights,2023-08-31,2172.5266179048995,1993.7441,2414.9843937200094,2151.136173918529,2191.2936529823205,-18.76703507742104,2188.1535600632305,2225.0704189628755,2151.2367011635856,18.458429449822447,0.8466019382822071,False
Boyle Heights,2023-09-30,2213.1610786517003,2009.6566,2457.3213227892597,2153.2817210389912,2210.8397342079443,2.321344443756061,2219.596955092361,2256.5138140405306,2182.6800961441913,18.458429474084728,0.34866869070360546,False
Boyle Heights,2023-10-31,2216.94641089298,2004.729,2475.202323776247,2155.6085380778,2216.138996057098,0.8074148358819002,2238.4905139687166,2275.407372934474,2201.573655002959,18.458429482878792,1.167168804044146,False
Boyle Heights,2023-11-30,2273.0857350472,2048.711,2468.056214215923,2157.1935852923825,2227.5131265590708,45.57260848812939,2269.139594603364,2306.056453575546,2232.222735631182,18.458429486091152,0.21378527597224947,False
Boyle Heights,2023-12-31,2319.904648116541,2058.0562,2471.5590506616027,2158.3980886251684,2231.9110690252487,87.9935790912923,2291.771986472708,2328.688845447374,2254.8551274980414,18.45842948733323,1.5241091690870918,False
Boyle Heights,2024-01-31,2352.9453186923447,2116.7993,2261.3523252539617,2271.7268247725374,2221.980307157212,130.96501153513282,2292.657779135609,2329.574638111612,2255.740920159606,18.458429488001414,3.2661250819449923,True
Boyle Heights,2024-02-29,2290.658917838565,2075.7678,2254.8735498300102,2256.7196827839066,2202.0118271107112,88.64709072785354,2267.6095038114527,2304.5263627891463,2230.692644833759,18.45842948884688,1.2487202136320446,False
Boyle Heights,2024-03-31,2241.003201613046,2124.7705,2258.3931047308824,2241.538199162749,2212.2003294738406,28.802872139205192,2266.640644106972,2303.5575030886125,2229.7237851253317,18.45842949082013,1.3889287001793515,False
Boyle Heights,2024-04-30,2250.1397490745267,2156.258,2280.9756100882555,2229.034759207042,2224.4456945177308,25.69405455679589,2274.488613687921,2311.4054726802,2237.5717546956416,18.458429496139544,1.3191189751704178,False
Boyle Heights,2024-05-31,2284.86385688094,2164.339,2303.0156145365013,2218.5241538661385,2230.252449238707,54.61140764223319,2282.31817307657,2319.235032098141,2245.401314054999,18.45842951078536,0.1379144309922752,False
Boyle Heights,2024-06-30,2335.921582836153,2180.041,2307.5473449477095,2211.7344337621,2233.9290469708553,101.99253586529768,2287.346340913597,2324.2632000160424,2250.4294818111516,18.458429551222796,2.6316020960202446,True
Boyle Heights,2024-07-31,2292.027363389391,2189.8752,2314.263171990281,2212.233808562919,2239.273943334301,52.75342005509037,2281.2347040273075,2318.151563353133,2244.317844701482,18.45842966291271,0.5847008414763272,False
Boyle Heights,2024-08-31,2279.732460433327,2180.4292,2343.0691770385843,2218.066623167799,2248.132474510884,31.59998592244301,2275.790941622152,2312.7078015649918,2238.874081679312,18.45842997141991,0.21353488975729387,False
Boyle Heights,2024-09-30,2265.9242237048297,2208.3977,2375.6472033339437,2228.3148084703,2271.0591935426874,-5.134969837857625,2283.3760849542155,2320.2929466013684,2246.4592233070625,18.458430823576485,0.945468301543825,False
Boyle Heights,2024-10-31,2240.7826044699837,2168.9392,2389.8725997379915,2241.425890224895,2268.8223184935277,-28.039714023544093,2270.39926321972,2307.3161295745194,2233.4823968649207,18.458433177399645,1.604505563882516,False
Boyle Heights,2024-11-30,2268.9415365073587,2176.017,2390.546970586299,2257.1349472450624,2276.9814396274887,-8.03990312013002,2275.6276262852475,2312.5445056434864,2238.7107469270086,18.458439679119376,0.36222399566253877,False
Boyle Heights,2024-12-31,2296.0972780474845,2155.71,2392.936334369923,2265.115541007649,2274.6570235555973,21.440254491887117,2272.135410506509,2309.052325782775,2235.2184952302428,18.45845763813303,1.2981511238778516,False
Boyle Heights,2025-01-31,2256.6537703517706,2129.2458,2377.454559471632,2309.056766480872,2277.90822938891,-21.25445903713944,2267.9006581660815,2304.8176726548045,2230.9836436773585,18.45850724436161,0.6093064655406146,False
Boyle Heights,2025-02-28,2219.9727458349817,2116.7651,2370.1891619313064,2302.8444211174833,2269.473814647838,-49.501068812856374,2254.945814517662,2291.8631030492725,2218.028525986051,18.45864426580536,1.8946715782654224,False
Boyle Heights,2025-03-31,2289.2533351109328,2210.418,2359.566895193955,2300.8942010009937,2293.2388096946024,-3.985474583669657,2283.4119235786743,2320.3299690599397,2246.493878097409,18.459022740632715,0.31645291363315736,False
Boyle Heights,2025-04-30,2328.364566491605,2185.0974,2376.7013661577425,2300.3455103134434,2291.129214918239,37.23535157336573,2284.4632054511685,2321.3833416952616,2247.5430692070754,18.460068122046607,2.3781797947009586,True
Boyle Heights,2025-05-31,2286.5639544998494,2197.87,2406.8006091837788,2299.9295387766592,2304.7425307574586,-18.17857625760917,2289.661682670332,2326.5875933964803,2252.735771944184,18.46295536307408,0.16778073216817427,False
Boyle Heights,2025-06-30,2255.24360028516,2173.6494,2416.059150519824,2301.898754954804,2301.2913940201597,-46.047793734999686,2278.612502474498,2315.5543587630714,2241.6706461859244,18.470928144286738,1.2651720581737198,False
Boyle Heights,2025-07-31,2219.761301423922,2204.6401,2415.717654453381,2287.5337220635984,2305.1212777060464,-85.35997628212453,2281.006150706884,2317.9920160476563,2244.0202853661117,18.492932670386175,3.311797557556632,True
Boyle Heights,2025-08-31,2302.5242908749524,2224.3838,2434.1732712546277,2260.689838563161,2307.1784551385317,-4.654164263579332,2297.7758616576116,2334.883017434784,2260.668705880439,18.553577888586176,0.25593064816369676,False
Boyle Heights,2025-09-30,2316.55301210939,2211.2993,2458.9871746681615,2231.9309093204,2300.813388792888,15.73962331650182,2304.8712841716424,2342.3114263364278,2267.431142006857,18.720071082392746,0.6240215584701744,False
Boyle Heights,2025-10-31,2327.909794212803,2232.005,2466.154606744604,2221.5803774590468,2305.5378117737782,22.371982439024578,2319.9760100395733,2358.32090399069,2281.6311160884566,19.172446975558433,0.4138117674392611,False
Boyle Heights,2025-11-30,2366.2267879205283,2255.9385,2467.274830923945,2241.412202507135,2320.4109999590487,45.8157879614796,2343.137556251457,2383.8772840838446,2302.39782841907,20.369863916193744,1.1334995536902175,False
Boyle Heights,2025-12-31,2360.0496496870337,2218.1787,2484.6520243397185,2273.5632901398135,2326.7781049514274,33.27154473560631,2351.704953542078,2398.426150884017,2304.983756200139,23.36059867096946,0.35721242674117676,False
Brentwood,2022-01-31,3417.4594609709707,5499.301,3240.086801941014,3418.4356998821204,3981.583299854159,-564.1238388831885,3417.4593598936535,3419.4585589441426,3415.4601608431644,0.9995995252444394,0.00010111781125972139,False
Brentwood,2022-02-28,3426.715850623776,5538.319,3241.2677661528664,3416.0737149827573,3992.763412270116,-566.04756164634,3428.113931957023,3491.554916010712,3364.672947903334,31.72049202684452,0.04407502038817497,False
Brentwood,2022-03-31,3425.253612272422,5537.1904,3246.706925221049,3411.1738350981645,3992.408436435288,-567.1548241628661,3431.928031655192,3496.546299331904,3367.3097639784805,32.30913383835573,0.206579953956581,False
Brentwood,2022-04-30,3463.9723684750907,5563.23,3237.9705121140837,3409.443127506185,3996.6643346228993,-532.6919661478087,3462.7650314262683,3527.427025487766,3398.1030373647704,32.33099703074893,0.03734301937242213,False
Brentwood,2022-05-31,3494.8033075793333,5632.514,3228.283349700223,3413.312064104769,4015.609059839582,-520.8057522602489,3504.236742379311,3568.9003754256405,3439.573109332982,32.331816523164655,0.29176940275847163,False
Brentwood,2022-06-30,3562.110630344009,5610.09,3243.169174607835,3422.1245609465373,4017.0905084785745,-454.9798781345653,3559.921697865738,3624.5853923664636,3495.258003365013,32.33184725036278,0.06770205428238925,False
Brentwood,2022-07-31,3609.153577940744,5544.1914,3277.5252852395056,3433.210710377085,4012.852771525987,-403.69919358524294,3602.537253620257,3667.200950425269,3537.873556815245,32.33184840250602,0.20463798531010383,False
Brentwood,2022-08-31,3648.0739513314174,5547.95,3306.4018174742064,3444.454474996503,4027.687045486118,-379.6130941547008,3642.007871587525,3706.6715684789388,3577.3441746961116,32.33184844570667,0.18761932996817504,False
Brentwood,2022-09-30,3657.1852144657864,5547.7686,3326.255783833465,3451.7474411053536,4036.897341636802,-379.7121271710157,3655.4852287489443,3720.1489256435975,3590.821531854291,32.33184844732652,0.052579292491916584,False
Brentwood,2022-10-31,3638.14494956574,5473.621,3346.438360234426,3454.6108405517234,4022.462051565964,-384.31710200022417,3639.6086193809388,3704.2723162757134,3574.944922486164,32.33184844738725,0.04527021760379841,False
Brentwood,2022-11-30,3619.342156558518,5459.1006,3355.642094145715,3452.5852336906983,4020.412697566305,-401.0705410077867,3641.0328014664706,3705.6964983612497,3576.3691045716914,32.33184844738953,0.6708754971599834,False
Brentwood,2022-12-31,3631.56658478258,5460.8193,3344.1028048593025,3445.9305010845305,4014.646771098195,-383.0801863156157,3711.5754055376588,3776.239102432438,3646.9117086428796,32.33184844738962,2.4746132551166413,True
Brentwood,2023-01-31,3663.315374776227,3323.6448,3654.193602600524,3605.1524780444543,3537.20244457354,126.11293020268704,3579.101147312266,3643.7648442070454,3514.437450417487,32.33184844738962,2.604683353472582,True
Brentwood,2023-02-28,3669.1566014852183,3346.392,3686.4948598975857,3596.816837176098,3551.591380734354,117.56522075086424,3655.677283105967,3720.340980000746,3591.013586211188,32.33184844738962,0.4169052813981776,False
Brentwood,2023-03-31,3678.411271995236,3340.4692,3689.0088778963386,3590.337615423935,3548.2511076713795,130.1601643238564,3669.262020212902,3733.925717107681,3604.5983233181228,32.33184844738962,0.282979545521248,False
Brentwood,2023-04-30,3631.0616873869417,3298.504,3685.485804895394,3586.592771457903,3533.1531535910085,97.90853379593318,3640.3668130569995,3705.0305099517786,3575.7031161622203,32.33184844738962,0.287800608812116,False
Brentwood,2023-05-31,3666.67052950579,3318.6707,3703.7723782258863,3584.5777061268636,3544.4800275490097,122.19050195678028,3669.1421059538097,3733.805802848589,3604.4784090590306,32.33184844738962,0.07644401931665122,False
Brentwood,2023-06-30,3704.3195208026577,3312.0815,3736.3411635696866,3583.7859350267604,3552.981952561719,151.3375682409387,3703.39175394393,3768.055450838709,3638.7280570491507,32.33184844738962,0.02869513816850202,False
Brentwood,2023-07-31,3750.666562056793,3333.7917,3771.7045082451705,3583.790021662297,3571.162879790504,179.5036822662887,3744.205056759721,3808.8687536545003,3679.541359864942,32.33184844738962,0.19984954790281537,False
Brentwood,2023-08-31,3766.4004652794497,3344.256,3807.320193760359,3584.3292637512723,3586.263400123791,180.13706515565855,3760.2408706211577,3824.904567515937,3695.5771737263785,32.33184844738962,0.19051167663394758,False
Brentwood,2023-09-30,3754.196103937899,3384.7063,3832.4582843428966,3584.903573643516,3606.8783370489577,147.3177668889416,3761.1078044422106,3825.77150133699,3696.4441075474315,32.33184844738962,0.21377375046838784,False
Brentwood,2023-10-31,3771.66099129456,3368.3005,3834.297242854541,3585.600797852912,3602.8398016982355,168.82118959632453,3760.5300580742987,3825.193754969078,3695.8663611795196,32.33184844738962,0.344271476928728,False
Brentwood,2023-11-30,3725.922227663339,3396.0186,3828.811612056261,3586.645588928893,3609.700337134189,116.22189052915064,3733.474833164669,3798.138530059448,3668.8111362698896,32.33184844738962,0.23359646483817165,False
Brentwood,2023-12-31,3753.154322557541,3368.1753,3852.163815096313,3587.5213175852564,3609.4194931480574,143.7348294094836,3724.639115156886,3789.302812051665,3659.975418262107,32.33184844738962,0.8819541338082008,False
Brentwood,2024-01-31,3763.096237571722,3651.0156,3865.9736738215634,3815.6349475713896,3783.0589263021498,-19.962688730427544,3793.972488388766,3858.6361852835453,3729.308791493987,32.33184844738962,0.9549794487542508,False
Brentwood,2024-02-29,3802.016837592126,3645.0005,3902.176197941903,3801.794434213352,3788.098994034775,13.917843557351262,3798.3858273839555,3863.0495242787347,3733.7221304891764,32.33184844738962,0.1123044422577942,False
Brentwood,2024-03-31,3777.414573834712,3655.9421,3898.403806720441,3794.408732615319,3787.386782776207,-9.972208941494957,3784.8543219065104,3849.5180188012896,3720.1906250117313,32.33184844738962,0.23010586857115128,False
Brentwood,2024-04-30,3796.015758311913,3671.646,3889.031135559273,3787.0760138658766,3786.266845234833,9.748913077080488,3795.897012622467,3860.5607095172463,3731.233315727688,32.33184844738962,0.003672715762055949,False
Brentwood,2024-05-31,3826.5048799675337,3676.5295,3909.6686366597146,3785.338308734198,3793.904462665883,32.60041730165085,3815.298522281145,3879.962219175924,3750.6348253863657,32.33184844738962,0.34660429950851085,False
Brentwood,2024-06-30,3798.287684922525,3694.7373,3947.4170897302706,3780.987348112203,3810.213123293426,-11.925438370901247,3805.7412580698992,3870.4049549646784,3741.07756117512,32.33184844738962,0.23053346786520476,False
Brentwood,2024-07-31,3804.846164930029,3668.9905,3982.480019420368,3775.6064157976,3812.1117810608225,-7.26561613079366,3806.8023366819143,3871.4660335766935,3742.138639787135,32.33184844738962,0.0605029358115266,False
Brentwood,2024-08-31,3822.103258745948,3679.4963,4013.135653554256,3768.777892006064,3822.8554596409026,-0.7522008949545125,3823.277063240776,3887.940760135555,3758.613366345997,32.33184844738962,0.036304899064922215,False
Brentwood,2024-09-30,3859.965703085895,3738.411,4033.7010052708183,3766.917683417209,3846.577088069601,13.388615016293896,3856.6712565664393,3921.3349534612184,3792.00755967166,32.33184844738962,0.10189477795546643,False
Brentwood,2024-10-31,3855.492811107409,3714.448,4031.0512450335177,3771.639875406734,3840.2868087815577,15.20600232585184,3848.991123561614,3913.6548204563933,3784.327426666835,32.33184844738962,0.20109235493799915,False
Brentwood,2024-11-30,3803.711627608961,3660.5945,4022.075977109294,3777.2195089077018,3823.287289633184,-19.57566202422322,3808.7697407055184,3873.4334376002976,3744.1060438107393,32.33184844738962,0.15644367204131826,False
Brentwood,2024-12-31,3799.869810242689,3655.9177,4047.508545016651,3788.635379928188,3834.525111474999,-34.655301232310194,3813.770331657095,3878.4340285518742,3749.106634762316,32.33184844738962,0.4299327776673791,False
Brentwood,2025-01-31,3874.6517558727505,3711.8381,3988.327912327401,3912.43419850167,3877.5493883425806,-2.897632469830114,3897.233924340355,3961.897621235134,3832.5702274455757,32.33184844738962,0.6984496570731346,False
Brentwood,2025-02-28,4026.015732552558,3666.8462,4021.200346194882,3910.4383802808393,3874.224651898716,151.79108065384207,4010.177144219609,4074.8408411143882,3945.51344732483,32.33184844738964,0.48987574446362336,False
Brentwood,2025-03-31,4109.859803840807,3736.6738,4017.09919244726,3913.716991200232,3894.959559601826,214.90024423898103,4093.9956286072115,4158.659325501992,4029.3319317124315,32.33184844739008,0.49066712824981146,False
Brentwood,2025-04-30,4100.8081680578025,3698.056,4010.725705263554,3917.853250353067,3882.8401407397487,217.96802731805383,4091.689488563365,4156.353185458169,4027.0257916685614,32.33184844740185,0.28203396741920045,False
Brentwood,2025-05-31,4085.6348356522017,3728.2744,4031.5000404021057,3922.4024780452246,3900.426462926549,185.20837272565268,4088.469484977358,4153.1331818727895,4023.8057880819265,32.331848447715814,0.08767359307846997,False
Brentwood,2025-06-30,4106.81759340574,3786.5613,4060.639884147884,3924.313250835271,3928.191745427412,178.62584797832778,4104.946907788524,4169.610604700702,4040.283210876346,32.33184845608913,0.05785891329961412,False
Brentwood,2025-07-31,4098.353713674172,3814.396,4085.288731222292,3921.4532106214,3943.6009595242617,154.7527541499103,4102.786688866094,4167.450386224898,4038.12299150729,32.33184867940195,0.13710862111560235,False
Brentwood,2025-08-31,4101.10981369469,3798.3323,4115.056616700704,3915.3694028347263,3946.383865805508,154.72594788918195,4102.885645011992,4167.549354282115,4038.2219357418685,32.331854635061745,0.05492512993135527,False
Brentwood,2025-09-30,4094.342538208077,3731.4302,4140.034214022151,3907.382987777005,3931.679762622177,162.6627755858999,4091.460653865786,4156.124680805057,4026.7966269265144,32.33201346963564,0.08913408204862087,False
Brentwood,2025-10-31,4100.697552697363,3783.8381,4135.560707791453,3898.902300417375,3942.726938902199,157.97061379516344,4096.109865683876,4160.782364151947,4031.437367215804,32.33624923403583,0.14187443258692864,False
Brentwood,2025-11-30,4067.5606830631264,3803.8672,4118.396701029734,3889.332188117947,3939.4957861037033,128.0648969594231,4071.0757588713846,4135.973781483667,4006.1777362591015,32.449011306141486,0.1083261296934999,False
Brentwood,2025-12-31,4043.861923728128,3749.0488,4137.607370328229,3878.003098993044,3925.259594211027,118.60232951710076,4046.8398824427177,4117.48740745914,3976.1923574262955,35.32376250821116,0.08430468620250152,False
Culver City,2022-01-31,2941.767476528538,3178.0151,2800.666307036078,2949.106195919807,2968.4762364542903,-26.70875992575247,2941.791447541994,2943.7874321149593,2939.7954629690284,0.9979922864826672,0.024019236962581663,False
Culver City,2022-02-28,2963.412818619845,3218.5874,2813.5083020856296,2949.6109557629534,2985.037561656839,-21.62474303699446,2971.1461590145846,2997.177571227369,2945.1147468018003,13.015706106392203,0.5941545026896442,False
Culver City,2022-03-31,3005.3143087283643,3251.9924,2827.662737436413,2947.6879031526346,2998.990442826918,6.323865901446425,3009.1964883629803,3036.505848975937,2981.8871277500234,13.654680306478468,0.2843112796958716,False
Culver City,2022-04-30,3046.813531912784,3293.2356,2822.316117558187,2947.5906588271832,3009.517284586742,37.29624732604225,3049.4954798775043,3076.9308398639164,3022.060119891092,13.71767999320616,0.1955103169117029,False
Culver City,2022-05-31,3089.5960525519204,3308.1355,2813.6495883660273,2950.675685363935,3012.250177024796,77.34587552712446,3085.9208080373155,3113.368885687247,3058.472730387384,13.724038824965548,0.26779613194049096,False
Culver City,2022-06-30,3138.4167173387523,3314.292,2823.852970076026,2956.7456031621405,3019.71224303334,118.70447430541208,3121.7030916315316,3149.152455854766,3094.2537274082974,13.724682111617026,1.2177787113113474,False
Culver City,2022-07-31,3126.1533182606317,3273.09,2847.6332082838967,2964.1132249820585,3017.9843993143268,108.16891894630498,3123.8646438787687,3151.3141382871186,3096.415149470419,13.724747204175019,0.16675530311402129,False
Culver City,2022-08-31,3138.6954085138177,3275.384,2869.767808351839,2971.3618625336812,3028.672155100932,110.02325341288588,3135.096369776834,3162.5458773585938,3107.646862195074,13.724753790879992,0.2622297484675533,False
Culver City,2022-09-30,3125.932460314614,3211.4272,2889.7074071941315,2975.63725935173,3017.7263553713806,108.20610494323364,3119.4337143555977,3146.8832232703758,3091.9842054408196,13.724754457389125,0.4735054440833886,False
Culver City,2022-10-31,3111.6865680999385,3204.2917,2905.886342281869,2976.441167457587,3021.2387043173176,90.44786378262096,3108.729790424381,3136.1792994740476,3081.2802813747144,13.724754524833246,0.21543392037017997,False
Culver City,2022-11-30,3081.216757882349,3183.057,2902.325242709568,2973.781341824215,3012.727802478804,68.48895540354533,3081.680602686211,3109.130111749527,3054.231093622895,13.72475453165792,0.0337962185373804,False
Culver City,2022-12-31,3051.4845699038024,3145.7812,2881.150045097309,2967.913262916896,2992.4104535225247,59.07411638127769,3043.502984070483,3070.95249313518,3016.053475005786,13.724754532348513,0.5815467088093907,False
Culver City,2023-01-31,3075.479006597723,2971.9766,3127.978096767825,3112.905657953557,3075.7553015073386,-0.2762949096154443,3097.3206324819103,3124.7701415467473,3069.8711234170732,13.724754532418393,1.591403752736148,False
Culver City,2023-02-28,3104.7114194070327,2993.6895,3175.5921534051135,3108.068108710539,3096.192518915615,8.518900491417298,3120.1572277813284,3147.6067368461795,3092.7077187164773,13.724754532425465,1.125397785916691,False
Culver City,2023-03-31,3156.342028391979,2982.1838,3193.171720564482,3103.896291011792,3097.0177942335863,59.324234158392755,3145.959494954668,3173.4090040195206,3118.5099858898157,13.724754532426179,0.7564822675127841,False
Culver City,2023-04-30,3165.44024270078,2995.8582,3196.807560321191,3100.998500455517,3101.2340577377436,64.20618496303632,3159.9762813177003,3187.425790382553,3132.526772252848,13.724754532426253,0.39810995280019296,False
Culver City,2023-05-31,3172.861676064267,2996.9978,3216.362844200755,3099.3482776232463,3107.427092629574,65.4345834346932,3167.982998377833,3195.4325074426856,3140.5334893129807,13.724754532426262,0.3554655692641298,False
Culver City,2023-06-30,3167.545603934899,2996.2478,3238.709882745796,3098.640074412048,3114.327008179009,53.218595755889964,3169.5652826161495,3197.014791681002,3142.115773551297,13.724754532426262,0.1471559054121531,False
Culver City,2023-07-31,3167.477552295618,3019.9958,3250.729561330105,3098.705753178866,3125.4240296976827,42.05352259793517,3178.2968993755317,3205.746408440384,3150.847390310679,13.724754532426262,0.7883089673093071,False
Culver City,2023-08-31,3202.6282335609803,3015.7793,3266.9570454400296,3099.466708997383,3129.8091805376203,72.81905302336008,3196.131618411674,3223.5811274765265,3168.6821093468216,13.724754532426262,0.4733501884659451,False
Culver City,2023-09-30,3222.6924515857436,3030.532,3288.4090191782634,3100.6381869214356,3141.744378235887,80.94807334985671,3212.0200817908776,3239.46959085573,3184.570572726025,13.724754532426262,0.7776000482832176,False
Culver City,2023-10-31,3220.2741647495513,3039.7717,3288.0915191130835,3102.169107480928,3144.968955071791,75.30520967776056,3203.5977925779393,3231.047301642792,3176.148283513087,13.724754532426262,1.2150579538644304,False
Culver City,2023-11-30,3165.2739752620337,3032.554,3267.5662868229656,3103.888420400836,3136.663796462804,28.610178799229743,3159.2694009414163,3186.7189100062687,3131.819891876564,13.724754532426262,0.43749957801109823,False
Culver City,2023-12-31,3108.629674164341,3020.773,3273.9295537461685,3105.443639393786,3135.821238439461,-27.191564275120072,3113.6265386136456,3141.076047678498,3086.177029548793,13.724754532426262,0.36407678067088556,False
Culver City,2024-01-31,3094.158739259275,3067.82,3253.044068692783,3225.820919099594,3187.582995590019,-93.4242563307439,3127.892062171654,3155.3415712365063,3100.4425531068014,13.724754532426262,2.457845261137572,True
Culver City,2024-02-29,3152.8963606458897,3100.3293,3305.2433497632865,3222.4447666859555,3213.304957197713,-60.40859655182339,3165.4268275638055,3192.876336628658,3137.977318498953,13.724754532426262,0.9129829520215766,False
Culver City,2024-03-31,3225.451527491306,3144.356,3326.943464626317,3223.4590564394953,3234.0157342786256,-8.564206787319563,3216.2665779690633,3243.7160870339158,3188.817068904211,13.724754532426262,0.6692250483496819,False
Culver City,2024-04-30,3246.128008784071,3138.547,3332.7526481673326,3225.81760896202,3235.0730651428185,11.05494364125252,3234.02695846563,3261.4764675304823,3206.5774494007774,13.724754532426262,0.8816952085397306,False
Culver City,2024-05-31,3246.88216187527,3170.5146,3349.5088399142664,3228.7347074495806,3251.249478880585,-4.367317005314817,3249.2179437690543,3276.6674528339067,3221.768434704202,13.724754532426262,0.17018751676497343,False
Culver City,2024-06-30,3255.9987802448395,3172.9177,3365.641508144303,3231.014973050271,3258.145201211828,-2.146420966988444,3258.5425220222382,3285.9920310870907,3231.093012957386,13.724754532426262,0.18533969183459462,False
Culver City,2024-07-31,3281.270538403065,3178.4822,3374.4576443399246,3232.513612541043,3263.2780809806045,17.992457422460575,3269.8225234380666,3297.272032502919,3242.373014373214,13.724754532426262,0.8341143682832459,False
Culver City,2024-08-31,3262.585128053902,3176.3506,3394.039545056263,3231.112932885809,3268.5944070668197,-6.009279012917887,3264.552054999841,3292.0015640646934,3237.1025459349885,13.724754532426262,0.14331235869165557,False
Culver City,2024-09-30,3251.0028923357895,3156.6914,3418.7688980029466,3228.2392275554403,3269.8263224440084,-18.823430108218872,3258.0722935677063,3285.521802632559,3230.622784502854,13.724754532426264,0.5150839827454626,False
Culver City,2024-10-31,3246.680886275749,3137.3164,3414.1601831335697,3224.414717730154,3261.093606365944,-14.412720090195307,3251.961462259269,3279.4109713241214,3224.5119531944165,13.724754532426289,0.384748300393761,False
Culver City,2024-11-30,3260.3786573882217,3177.0789,3383.734618688251,3221.417742298343,3261.8138981636766,-1.435240775454986,3263.022419428819,3290.471928493672,3235.572910363966,13.724754532426516,0.1926272730360869,False
Culver City,2024-12-31,3256.9040911623333,3163.5176,3382.0085320512144,3220.542593960901,3256.8648125919885,0.0392785703447771,3272.2784676542597,3299.727976719117,3244.828958589402,13.724754532428777,1.1201931841037969,False
Culver City,2025-01-31,3306.023753697006,3124.4636,3315.0690470646073,3285.117625037512,3246.988320540302,59.03543315670413,3299.080309180753,3326.529818245655,3271.630800115851,13.724754532451126,0.5059066444341126,False
Culver City,2025-02-28,3361.3676755030847,3136.4937,3358.457260171079,3280.0957849691736,3263.065675499606,98.3020000034785,3341.686550951121,3369.136060016465,3314.2370418857768,13.724754532671973,1.4339873613602927,False
Culver City,2025-03-31,3373.95844649825,3208.589,3390.9897315741778,3278.296862517876,3294.706079909191,79.25236658905851,3371.087336066543,3398.536845136252,3343.6378269968336,13.724754534854469,0.20919211504467816,False
Culver City,2025-04-30,3345.865397537642,3149.9395,3401.8841179409596,3277.8399768041822,3280.603862294299,65.26153524334313,3350.5487085846094,3377.998217697455,3323.0991994717638,13.724754556422749,0.3412309505646858,False
Culver City,2025-05-31,3362.307168182586,3183.9778,3411.7624895138865,3277.78175307428,3294.0235993780866,68.28356880449928,3364.3777758448996,3391.827285384037,3336.928266305762,13.724754769568895,0.1508666417411025,False
Culver City,2025-06-30,3364.344542867948,3174.082,3425.924618895784,3276.9488993330874,3295.4376732419396,68.9068696260083,3369.227850897753,3396.677364649677,3341.7783371458286,13.724756875962091,0.3558028801806844,False
Culver City,2025-07-31,3410.6557962363177,3179.9568,3438.086139366868,3274.1641629842356,3300.182098021019,110.47369821529855,3384.5463586608153,3411.9959140451033,3357.096803276527,13.724777692143968,1.9023577752682872,False
Culver City,2025-08-31,3355.759371272833,3218.7327,3450.2277351385455,3269.797701246031,3314.170066614614,41.589304658219135,3370.9434409394253,3398.393407747577,3343.4934741312736,13.724983404075925,1.1063087807464964,False
Culver City,2025-09-30,3370.1265861568486,3204.881,3463.0756778024684,3267.4853171925497,3313.4189232585068,56.70766289834182,3364.7964336997097,3392.2504660274444,3337.342401371975,13.727016163867395,0.3882965088426183,False
Culver City,2025-10-31,3340.5800293506427,3209.7573,3461.394126440791,3267.9099688154583,3314.478267828923,26.101761521719254,3352.6686663254563,3380.1628433779883,3325.1744892729243,13.747088526266102,0.8793597962886978,False
Culver City,2025-11-30,3363.911484139534,3224.229,3440.4834819068974,3270.226804931702,3312.751394121341,51.16009001819293,3355.4250137731037,3383.312809415802,3327.5372181304056,13.94389782134912,0.6086153577051234,False
Culver City,2025-12-31,3328.8799649765747,3190.5789,3429.39181011865,3271.636692262197,3299.5474662641377,29.332498712436973,3334.2993718803655,3365.8137981584878,3302.784945602243,15.75721313906113,0.34393181411737733,False
Downtown LA,2022-01-31,2660.264283376211,2517.555,2492.1183550719275,2596.314217615974,2538.327640826411,121.93664254980013,2660.2655789572264,2662.2570325151833,2658.2741253992695,0.9957267789783577,0.0013011410655984017,False
Downtown LA,2022-02-28,2672.1737632577656,2535.6814,2488.555047578492,2601.6223484033917,2544.5356000529,127.63816320486558,2667.1290802945155,2686.566015873344,2647.692144715687,9.718467789414325,0.5190821297524018,False
Downtown LA,2022-03-31,2663.378885559106,2595.6577,2490.417815185987,2604.148039172685,2564.0176884200223,99.36119713908374,2669.5601791282215,2689.3337145484343,2649.786643708009,9.886767710106385,0.6252087379927829,False
Downtown LA,2022-04-30,2669.7815653435205,2573.951,2490.994761506765,2605.7543409432683,2558.314060771542,111.46750457197868,2668.501527972547,2688.286842592218,2648.7162133528764,9.89265730983543,0.12939267272573696,False
Downtown LA,2022-05-31,2671.225959489719,2578.405,2485.119654517507,2607.574876523835,2558.3782048098947,112.84775467982443,2668.71779486354,2688.5035252266293,2648.9320645004505,9.892865181544783,0.2535326801302111,False
Downtown LA,2022-06-30,2653.84462230737,2566.8975,2489.019723282682,2610.023826042043,2557.134362574203,96.71025973316728,2658.822569562303,2678.6083146032997,2639.0368245213067,9.892872520498209,0.503185221439657,False
Downtown LA,2022-07-31,2669.733512817101,2537.7097,2514.4551586533553,2612.797040085527,2557.843171541138,111.89034127596324,2668.352288813902,2688.1380343731103,2648.5665432546934,9.892872779604186,0.13961808996986125,False
Downtown LA,2022-08-31,2665.512059674887,2485.4949,2541.0979102868846,2615.461978247788,2552.026741376623,113.48531829826425,2666.5087563436523,2686.2945019211566,2646.723010766148,9.892872788752072,0.10074896231264394,False
Downtown LA,2022-09-30,2673.4339629620085,2464.895,2545.8094042193693,2616.915583262799,2547.964051593849,125.4699113681595,2669.917309192524,2689.703054770674,2650.131563614374,9.892872789075048,0.35547346467583085,False
Downtown LA,2022-10-31,2660.9609644945526,2461.0215,2538.4865614185596,2616.939731874915,2544.3944997059084,116.56646478864424,2661.475758209298,2681.2615037874707,2641.6900126311252,9.89287278908645,0.05203682744135514,False
Downtown LA,2022-11-30,2654.7381085659176,2423.4678,2539.4990884158415,2615.4501658572626,2532.9501820785995,121.78792648731816,2646.9663362443703,2666.752081822544,2627.1805906661966,9.892872789086852,0.7855930708281949,False
Downtown LA,2022-12-31,2623.6692392415607,2398.7322,2545.930341809569,2612.519016747551,2526.594964409127,97.07427483243372,2610.267564125428,2630.053309703602,2590.4818185472545,9.892872789086868,1.354679817309441,False
Downtown LA,2023-01-31,2617.81078940254,2507.228,2724.611355213593,2638.4828213675023,2627.711369514681,-9.900580112140688,2634.001346864265,2653.7870924424387,2614.2156012860914,9.892872789086868,1.6365880559203505,False
Downtown LA,2023-02-28,2617.8420704121063,2514.236,2755.051895712525,2638.0249930163177,2639.6985955827954,-21.85652517068911,2625.433826593145,2645.2195721713188,2605.6480810149715,9.892872789086868,0.7673965222457476,False
Downtown LA,2023-03-31,2633.693713763048,2525.951,2751.950468184826,2636.8482654588274,2641.739812908638,-8.046099145590233,2633.5669019420093,2653.352647520183,2613.7811563638356,9.892872789086868,0.012818503139998437,False
Downtown LA,2023-04-30,2640.362276428245,2537.546,2743.16084542624,2635.580738334034,2641.831353534669,-1.4690771064238106,2639.305198780217,2659.0909443583905,2619.519453202043,9.892872789086868,0.10685244513865262,False
Downtown LA,2023-05-31,2651.494454840615,2554.8584,2746.4796327480535,2634.492747759027,2647.7009745963433,3.7934802442719047,2647.111297536755,2666.8970431149287,2627.3255519585814,9.892872789086868,0.44306213097824226,False
Downtown LA,2023-06-30,2637.0967546634233,2556.716,2752.0635255414313,2633.7561365148217,2649.8290940729084,-12.73233940948512,2635.791278059773,2655.5770236379467,2616.0055324815994,9.892872789086868,0.13196132510374287,False
Downtown LA,2023-07-31,2624.2829657967036,2560.014,2761.4085510314535,2633.512063977774,2653.8135180689414,-29.530552272237856,2621.745419296254,2641.5311648744278,2601.9596737180805,9.892872789086868,0.25650248941679515,False
Downtown LA,2023-08-31,2602.0216876406225,2558.995,2782.9092061309043,2633.6928053390116,2660.6826069701033,-58.66091932948075,2601.6775909206513,2621.463336498825,2581.8918453424776,9.892872789086868,0.0347822848791745,False
Downtown LA,2023-09-30,2578.756649063352,2562.1687,2796.6120677792032,2634.1417678494136,2666.3270673217185,-87.57041825836632,2579.1773753503644,2598.963120928538,2559.3916297721908,9.892872789086868,0.04252822163558916,False
Downtown LA,2023-10-31,2546.23822931615,2561.787,2782.59470294382,2634.6868140729916,2661.781633979614,-115.54340466346412,2547.963989870351,2567.7497354485245,2528.178244292177,9.892872789086868,0.17444483409916597,False
Downtown LA,2023-11-30,2512.088875125936,2538.4155,2768.6846508441135,2635.1723923748673,2650.37657423401,-138.28769910807432,2515.9482930026475,2535.734038580821,2496.162547424474,9.892872789086868,0.3901210452304475,False
Downtown LA,2023-12-31,2496.929056253853,2533.646,2797.3756373964775,2635.4794490496447,2658.5478799716357,-161.61882371778256,2517.055284600228,2536.8410301784015,2497.2695390220542,9.892872789086868,2.034416974231435,True
Downtown LA,2024-01-31,2506.6798083220024,2536.9492,2641.3621184241765,2535.6140995568067,2570.966894151499,-64.28708582949685,2493.0518270887947,2512.8375726669683,2473.266081510621,9.892872789086868,1.3775554896920952,False
Downtown LA,2024-02-29,2529.762735246027,2586.333,2660.9189297101952,2535.4593917810344,2592.1376810213305,-62.37494577530333,2529.966753586524,2549.752499164698,2510.1810080083505,9.892872789086868,0.02062275990406123,False
Downtown LA,2024-03-31,2556.899686746101,2603.8198,2662.706387197972,2540.4241308429127,2599.7958241122096,-42.89613736610863,2554.0851283230413,2573.870873901215,2534.2993827448677,9.892872789086868,0.2845036502763352,False
Downtown LA,2024-04-30,2570.7123111956166,2625.091,2661.8317421699408,2549.8393607357943,2609.354346058657,-38.64203486304041,2570.224952328184,2590.0106979063576,2550.4392067500103,9.892872789086868,0.04926363426786282,False
Downtown LA,2024-05-31,2580.399780297458,2626.9272,2665.242769458025,2560.57948216605,2615.0100000423986,-34.61021974494042,2580.7513082652918,2600.5370538434654,2560.965562687118,9.892872789086868,0.035533456759500315,False
Downtown LA,2024-06-30,2592.7865570031904,2631.2012,2667.602553150403,2568.4918063558043,2619.999284470874,-27.212727467683635,2591.8451365221563,2611.63088210033,2572.0593909439826,9.892872789086868,0.09516148647145486,False
Downtown LA,2024-07-31,2602.95281936464,2645.5452,2672.932430634276,2571.439014161615,2627.141254871149,-24.188435506508995,2601.787321884293,2621.5730674624665,2582.001576306119,9.892872789086868,0.11781183322754236,False
Downtown LA,2024-08-31,2597.5070611645115,2614.4526,2684.7741132037195,2569.6885311642172,2621.1113255221812,-23.604264357669763,2594.4667819354304,2614.252527513604,2574.6810363572567,9.892872789086868,0.30732015773635574,False
Downtown LA,2024-09-30,2584.8193063475824,2635.9026,2687.093263470129,2564.4531867033406,2626.350912072125,-41.531605724542715,2587.744561941326,2607.5303075194997,2567.9588163631524,9.892872789086868,0.2956932382688394,False
Downtown LA,2024-10-31,2574.1432669806454,2620.9873,2668.5892282606787,2557.4469494771793,2613.1797202266644,-39.03645324601894,2572.879033502926,2592.6647790811,2553.0932879247525,9.892872789086868,0.12779235146295784,False
Downtown LA,2024-11-30,2570.6708456998895,2656.8416,2652.0102220871904,2550.268820360842,2615.7592898855214,-45.08844418563194,2569.3268836367583,2589.112629214932,2549.5411380585847,9.892872789086868,0.1358515458982936,False
Downtown LA,2024-12-31,2550.7479701055795,2645.5881,2664.7271080734477,2544.1420251037357,2614.3283445558604,-63.58037445028094,2557.046993344357,2576.8327389225306,2537.2612477661833,9.892872789086868,0.6367233630416052,False
Downtown LA,2025-01-31,2551.1169393965865,2567.1104,2644.9138435177206,2572.8428110271643,2594.951196224153,-43.834256827566605,2548.930090085749,2568.7158356639225,2529.144344507575,9.892872789086868,0.22105301010638342,False
Downtown LA,2025-02-28,2557.8861555187345,2560.0818,2663.377779209533,2575.135544299829,2599.8023935402175,-41.91623802148297,2557.365823851483,2577.151569429657,2537.5800782733095,9.892872789086871,0.05259661958854252,False
Downtown LA,2025-03-31,2575.38843750813,2600.5469,2669.391744655903,2580.6716987500276,2615.9388910444413,-40.55045353631112,2575.26052516985,2595.046270748024,2555.474779591676,9.892872789086947,0.012929746584017259,False
Downtown LA,2025-04-30,2575.21018080403,2587.1758,2670.2451501214578,2587.3922941701553,2614.7135193820873,-39.50333857805708,2575.344392761936,2595.130138340114,2555.558647183758,9.892872789089111,0.013566530231557041,False
Downtown LA,2025-05-31,2580.265353884868,2580.65,2673.5673511634004,2593.034452384332,2615.9510948923908,-35.685741007522665,2578.3622833697004,2598.1480289480014,2558.5765377913995,9.892872789150418,0.19236783427874335,False
Downtown LA,2025-06-30,2584.122878459392,2618.4934,2677.240545965667,2595.884643402881,2629.534940302176,-45.41206184278417,2587.046781637818,2606.832527219592,2567.2610360560443,9.892872790886878,0.29555653218994676,False
Downtown LA,2025-07-31,2596.0263617529927,2621.431,2682.297042062612,2595.519002771324,2631.949059067318,-35.92269731432543,2594.824276316555,2614.610021996696,2575.0385306364137,9.892872840070586,0.12151024830256243,False
Downtown LA,2025-08-31,2593.2298468366193,2616.5427,2689.5401482789225,2592.258174032697,2631.673620080671,-38.4437732440515,2595.6929661720023,2615.4787146383146,2575.90721770569,9.892874233156062,0.24897914143475502,False
Downtown LA,2025-09-30,2596.196573069565,2577.5984,2688.810423385916,2587.1844445512816,2617.9097501789356,-21.713177109370463,2591.7186247882487,2611.5044521702575,2571.93279740624,9.892913691004447,0.4526420038276289,False
Downtown LA,2025-10-31,2581.1159185328856,2576.2634,2672.7289436715546,2581.6538099709346,2610.1460021588705,-29.030083625984844,2578.027078048378,2597.815140517899,2558.2390155788567,9.89403123476063,0.3121923115154319,False
Downtown LA,2025-11-30,2551.66401213632,2570.5676,2657.421870252897,2576.6878849227846,2601.543738696648,-49.87972656032798,2552.6553728570057,2572.5066377204917,2532.8041079935197,9.925632431742903,0.09987884666337515,False
Downtown LA,2025-12-31,2530.686613529449,2551.4785,2664.0992567876165,2572.9286211035696,2596.6511454670526,-65.96453193760362,2534.4729539810814,2556.0375815623647,2512.908326399798,10.782313790641602,0.35116214586586547,False
Exposition Park,2022-01-31,2114.129695292431,2144.9927,2113.018132086132,2149.046583039638,2135.9258859656406,-21.79619067320982,2114.156736784004,2116.1534214637836,2112.160052104224,0.9983423398898386,0.027086391332649003,False
Exposition Park,2022-02-28,2114.129695292431,2144.3438,2110.389563486406,2149.804518767183,2135.143866461632,-21.01417116920129,2116.065246155295,2133.418925842155,2098.7115664684347,8.676839843430193,0.22307094467105681,False
Exposition Park,2022-03-31,2114.129695292431,2149.5396,2107.4914640884604,2149.9290932947,2135.785435901024,-21.65574060859308,2119.5561730971876,2141.2134966549647,2097.8988495394105,10.82866177888845,0.5011217369744666,False
Exposition Park,2022-04-30,2114.129695292431,2146.5613,2107.527663862681,2150.100566058262,2134.970535231153,-20.840839938722183,2122.035919194391,2145.782345396346,2098.2894929924364,11.873213100977496,0.6658874752825437,False
Exposition Park,2022-05-31,2114.129695292431,2150.558,2110.5761340371896,2150.3412372213315,2137.2621962230965,-23.13250093066563,2128.271000753565,2153.120190657337,2103.4218108497935,12.424594951885968,1.1381703391148474,False
Exposition Park,2022-06-30,2114.129695292431,2155.8062,2113.5629475053115,2150.6498185621326,2139.9327884695467,-25.803093177115898,2136.0454295378736,2161.4965370622995,2110.5943220134477,12.72555376221298,1.7221831472118014,False
Exposition Park,2022-07-31,2128.3496975988896,2156.9065,2114.7179355065705,2151.0157344762115,2140.7790745818993,-12.42937698300966,2143.7939270337674,2169.578891062659,2118.008963004876,12.892482014445651,1.1979252253828032,False
Exposition Park,2022-08-31,2131.2401989254317,2156.6104,2114.721012287212,2151.517496858357,2140.8774727287982,-9.637273803366496,2152.0618686743533,2178.0335555907955,2126.090181757911,12.985843458221115,1.6034129627294673,False
Exposition Park,2022-09-30,2160.0479923398284,2155.3281,2114.720040146929,2151.8784948987604,2140.627543378804,19.42044896102425,2161.690080244088,2187.7666695614066,2135.61349092677,13.038294658659302,0.12594345702333146,False
Exposition Park,2022-10-31,2181.811920318474,2154.0396,2114.7207824521047,2152.155314609397,2140.3451389697516,41.466781348722634,2171.4205642174024,2197.556234468866,2145.284893965939,13.067835125731838,0.7951857360564896,False
Exposition Park,2022-11-30,2227.325296533793,2184.836,2114.7198272950277,2152.332044710481,2149.617238882314,77.70805765147907,2189.8528522005186,2216.021842646887,2163.6838617541503,13.084495223184176,2.8638815380694838,True
Exposition Park,2022-12-31,2281.231320164438,2233.9941,2114.7227782490845,2152.5211347772633,2164.3846500397817,116.84667012465616,2210.7055144658757,2236.8933111996275,2184.517717732124,13.09389836687596,5.386158015638178,True
Exposition Park,2023-01-31,2253.2147001708595,2113.354,2235.962206207709,2237.144758420785,2199.7452143725577,53.469485798301776,2246.36407981857,2272.5624956437814,2220.165663993359,13.099207912605701,0.5229797399022099,False
Exposition Park,2023-02-28,2227.921152193115,2108.9775,2240.1818611572,2225.837813926839,2195.642323980226,32.27882821288904,2241.9970380135296,2268.2014514520965,2215.7926245749627,13.102206719283352,1.0743141297683025,False
Exposition Park,2023-03-31,2203.292470012878,2093.2676,2254.7536167429275,2216.3519101819156,2192.2476358512176,11.04483416166022,2239.493246197189,2265.70104754055,2213.285444853828,13.10390067168056,2.7625954335047926,True
Exposition Park,2023-04-30,2252.048212409911,2104.1448,2269.869304604395,2210.262068040333,2198.239501397459,53.80871101245157,2249.346593689004,2275.5563089489756,2223.136878429032,13.104857629985844,0.20615399229242248,False
Exposition Park,2023-05-31,2251.043465987283,2126.3057,2278.4839580307935,2208.8740700050134,2207.1979645537863,43.84550143349679,2261.9448476946404,2288.155644264906,2235.7340511243747,13.105398285132848,0.8318237616178343,False
Exposition Park,2023-06-30,2278.9931325805665,2154.4097,2286.8466060085843,2211.2844025834083,2219.2571750990933,59.73595748147318,2278.5384013970256,2304.7498089653404,2252.326993828711,13.105703784157509,0.03469719678416368,False
Exposition Park,2023-07-31,2284.222135845565,2169.8853,2301.192488414478,2216.7403264560867,2230.6470577782866,53.575078067278355,2294.4253126212075,2320.6370655687797,2268.2135596736352,13.105876473786214,0.7785192229047234,False
Exposition Park,2023-08-31,2329.6743790920027,2175.5847,2315.3845519532415,2223.9965185016335,2239.7303923347176,89.94398675728507,2308.842934299222,2335.054882707419,2282.6309858910254,13.105974204098304,1.5894617563318425,False
Exposition Park,2023-09-30,2328.234603325542,2190.9683,2327.996562059241,2232.449707943555,2251.630152292951,76.60445103259099,2324.367581826415,2350.579641252588,2298.1555224002423,13.10602971308636,0.29505667092416954,False
Exposition Park,2023-10-31,2345.502811554959,2181.6033,2349.027889063461,2240.3881156943926,2258.7232043918334,86.77960716312555,2334.7681990576066,2360.980322247516,2308.556075867697,13.10606159495487,0.8190570761008823,False
Exposition Park,2023-11-30,2358.843332463292,2160.0005,2375.941732796528,2247.3319922968253,2263.7335411575946,95.1097913056974,2342.205233498662,2368.4173945571833,2315.9930724401406,13.106080529260641,1.269494637606477,False
Exposition Park,2023-12-31,2375.1750233052653,2140.7095,2394.6317837761385,2252.276498108169,2265.9759782437363,109.19904506152898,2345.5090688673017,2371.7212545841794,2319.296883150424,13.106092858438927,2.263523899590459,True
Exposition Park,2024-01-31,2371.139941908846,2244.4023,2386.308364359211,2296.92173490662,2310.766051302363,60.3738906064832,2388.9261930112507,2415.138398436021,2362.7139875864805,13.106102712385209,1.3570968791527669,False
Exposition Park,2024-02-29,2369.387873357645,2208.879,2384.784656477384,2281.4498584290363,2293.9099600480627,75.47791330958216,2372.1566680117558,2398.368894795474,2345.9444412280377,13.106113391859074,0.21125978153967342,False
Exposition Park,2024-03-31,2342.4549761126664,2244.9385,2393.5045609271147,2272.951376676191,2304.4239144982103,38.03106161445612,2382.9843921771567,2409.1966491254293,2356.772135228884,13.106128474136332,3.0924018571576757,True
Exposition Park,2024-04-30,2390.6079546742253,2293.7095,2410.593736837467,2269.8324220221266,2323.4975950563703,67.11035961785501,2405.6976302861194,2431.9099363086634,2379.4853242635754,13.106153011271923,1.151342853040311,False
Exposition Park,2024-05-31,2432.878577977486,2315.15,2424.0981548505088,2264.8506856222048,2332.5254503639967,100.3531276134895,2419.6032810582797,2445.815671502957,2393.3908906136026,13.10619522233848,1.0129024239201636,False
Exposition Park,2024-06-30,2488.2808114224354,2317.0088,2433.5583325442785,2263.762294896253,2335.804850062299,152.47596136013635,2426.671123713866,2452.883662206727,2400.4585852210053,13.106269246430376,4.700779947607247,True
Exposition Park,2024-07-31,2431.8420193924735,2324.293,2448.7515914181076,2261.640121426603,2342.2182138163657,89.62380557610777,2431.81732464972,2458.0301244065663,2405.6045248928735,13.106399878423186,0.0018841743700643726,False
Exposition Park,2024-08-31,2381.64440596149,2237.1658,2466.9869508052316,2262.6000751357565,2322.5536666609755,59.09073930051454,2410.8835882596754,2437.0968500061886,2384.6703265131623,13.106630873256577,2.230869439951785,True
Exposition Park,2024-09-30,2381.2364756802726,2244.6082,2480.9172628100036,2262.022127056593,2329.1690128456576,52.06746283461507,2418.629072075257,2444.843151272567,2392.4149928779475,13.10703959865493,2.8528636146253237,True
Exposition Park,2024-10-31,2431.7851338024375,2243.4512,2497.307856851064,2266.318166070746,2335.832503327991,95.95263047444632,2429.4910849397575,2455.70661081772,2403.275559061795,13.107762938981281,0.1750145216700245,False
Exposition Park,2024-11-30,2468.3386317255745,2269.446,2521.0776371456413,2272.067726170772,2353.5909626294597,114.7476690961148,2451.2598201460805,2477.477906366022,2425.041733926139,13.109043109970898,1.3028267145963794,False
Exposition Park,2024-12-31,2478.859821737707,2267.6355,2542.3313457988343,2281.271909739785,2363.4849961886116,115.37482554909548,2463.7626659495613,2489.9852833033947,2437.540048595728,13.111308676916613,1.1514606320886,False
Exposition Park,2025-01-31,2505.948313636728,2283.6738,2501.3112055475194,2288.7734188157897,2357.500468084817,148.4478455519111,2459.148098363445,2485.3787338557836,2432.9174628711066,13.11531774616917,3.568363050240934,True
Exposition Park,2025-02-28,2487.8926034185997,2274.2246,2498.4186702062084,2274.2594853768833,2348.3419988302694,139.55060458833032,2447.519228679621,2473.7640502144927,2421.274407144749,13.122410767435959,3.0766735947941037,True
Exposition Park,2025-03-31,2478.2333138681397,2328.9058,2500.991471366939,2264.2558992658273,2361.8336346592164,116.39967920892332,2455.2274807791287,2481.4973927453025,2428.957568812955,13.13495598308694,1.751496777082409,False
Exposition Park,2025-04-30,2452.814931080659,2296.1042,2517.372114621761,2254.4553908728753,2353.8105300079847,99.00440107267424,2439.53316554913,2465.847428792096,2413.218902306164,13.157131621482838,1.0094727257837737,False
Exposition Park,2025-05-31,2416.3835008311803,2321.9714,2540.205766858924,2249.572207790995,2367.2819708640345,49.10152996714578,2444.2435125137813,2470.636094570559,2417.8509304570034,13.196291028388904,2.1112001547673005,True
Exposition Park,2025-06-30,2374.0580627844615,2340.4185,2553.9017913695266,2235.396441272755,2372.0718472984377,1.986215486023866,2442.5584490888314,2469.0890882608596,2416.027809916803,13.265319586014122,5.163870030312152,True
Exposition Park,2025-07-31,2381.6233483815786,2360.828,2556.6884863203527,2216.5527291598096,2372.112986575858,9.51036180572055,2441.7456954802624,2468.5189498906675,2414.9724410698573,13.386627205202663,4.491224423610245,True
Exposition Park,2025-08-31,2439.648970139649,2434.381,2558.646749937711,2208.7280439736483,2391.850721655942,47.79824848370709,2465.5630943361984,2492.760471383967,2438.36571728843,13.598688523884205,1.9056340714017048,False
Exposition Park,2025-09-30,2546.3285481170465,2303.5947,2569.6123628239716,2210.362005326365,2356.980585278238,189.3479628388086,2436.899098930185,2464.8313883064466,2408.9668095539237,13.966144688130678,7.835336920253169,True
Exposition Park,2025-10-31,2486.775174345397,2362.8472,2591.4856626817627,2215.3466489294865,2383.7715554360584,103.00361890933846,2460.916580785555,2490.1043343168258,2431.7288272542846,14.59387676563532,1.7718796696305497,False
Exposition Park,2025-11-30,2438.6048916619666,2342.504,2616.482078959727,2221.62797044108,2388.279205452938,50.325686209027936,2460.5288220714024,2491.8154822407478,2429.242161902057,15.643330084672659,1.4014874247844453,False
Exposition Park,2025-12-31,2412.408500351529,2289.1836,2635.81998896656,2227.7235399470496,2380.988775394186,31.41972495734217,2450.1420306931846,2484.833827758113,2415.4502336282562,17.34589853246408,2.175357491529262,True
Glassell Park,2022-01-31,2429.8887230765363,2604.6252,2369.662428857467,2447.867396201462,2468.8822903199944,-38.993567243458074,2430.0555308961075,2432.052170262208,2428.058891530007,0.998319683050235,0.16708857967285481,False
Glassell Park,2022-02-28,2486.659375638248,2660.7483,2363.2497406513007,2442.0727246238425,2481.394369021691,5.265006616557002,2465.2684195553666,2484.629093037742,2445.907746072991,9.68033674118794,2.2097326397510395,True
Glassell Park,2022-03-31,2551.7649175727897,2747.7024,2384.6481896985697,2439.0611106645383,2513.347469949144,38.417447623645785,2516.844588183001,2540.281437366953,2493.4077389990493,11.718424591975815,2.9799508531121766,True
Glassell Park,2022-04-30,2627.9216960735102,2776.3933,2417.6074124771894,2443.091446166625,2534.31243652438,93.60925954913046,2552.4082666985287,2577.5349179232194,2527.281615473838,12.563325612345393,6.010624228402693,True
Glassell Park,2022-05-31,2611.565685611248,2759.2402,2449.7304533040506,2452.946785167223,2543.4535961827432,68.11208942850499,2565.2832254954096,2591.166647152489,2539.39980383833,12.941710828539827,3.5762242483436992,True
Glassell Park,2022-06-30,2544.246743148225,2716.3826,2487.783302213638,2464.561960104638,2547.5221444469407,-3.2754012987156784,2566.426427663003,2592.6582903386125,2540.1945649873933,13.115931337804845,1.6910491467683637,False
Glassell Park,2022-07-31,2551.9795341024756,2705.228,2532.005167478812,2473.640493470179,2562.167928114871,-10.188394012395293,2581.3380901623773,2607.732271311426,2554.9439090133287,13.197090574524301,2.224623364662612,True
Glassell Park,2022-08-31,2589.288338634912,2702.3845,2555.1416275355577,2479.282040609451,2571.0554921492912,18.23284648562094,2594.715657852356,2621.185850600004,2568.245465104708,13.235096373824039,0.41007024505518447,False
Glassell Park,2022-09-30,2630.0816608799623,2737.7803,2552.5670234876184,2480.80587631385,2581.3510532658747,48.7306076140876,2610.2821082303158,2636.787982020643,2583.7762344399885,13.25293689516371,1.493974716044419,False
Glassell Park,2022-10-31,2643.2582831817213,2732.6587,2551.7339627808874,2479.508836332789,2579.063979612466,64.19430356925523,2610.417153562148,2636.9397953832367,2583.8945117410594,13.261320910544317,2.4764599104675904,True
Glassell Park,2022-11-30,2614.0083436327,2713.878,2562.7352085598927,2476.0558214434245,2575.8062479478517,38.202095684848246,2604.85634150325,2631.386867467444,2578.325815539056,13.265262982096996,0.6899224037173233,False
Glassell Park,2022-12-31,2649.474116573548,2710.241,2563.1275899055654,2470.5719059236867,2572.816823541655,76.657293031893,2598.2470417178097,2624.7812756322924,2571.712807803327,13.267116957241361,3.8612062426393257,True
Glassell Park,2023-01-31,2629.875350788236,2653.561,2633.591452714975,2610.8722975633964,2631.1440998895464,-1.2687491013102772,2645.583863625166,2672.1198416082943,2619.0478856420377,13.267988991564177,1.1839407490523257,False
Glassell Park,2023-02-28,2631.7465170127043,2684.401,2649.570622467112,2607.1467390616485,2644.2654565572575,-12.518939544553175,2649.97491512157,2676.511713488148,2623.4381167549923,13.268399183288869,1.373820446861871,False
Glassell Park,2023-03-31,2637.122836080721,2705.3914,2683.770701714002,2604.2191664252996,2660.760505102543,-23.637669021822603,2660.3623702119694,2686.8995544844056,2633.825185939533,13.268592136218022,1.751469475823218,False
Glassell Park,2023-04-30,2660.790990748972,2674.0566,2721.366885982778,2602.5733304813884,2663.209759298148,-2.418768549176093,2660.047747613152,2686.5851134168015,2633.510381809502,13.268682901824937,0.05601483890747151,False
Glassell Park,2023-05-31,2698.171124794828,2728.778,2739.8464759644376,2601.904725364695,2685.4298215396843,12.74130325514352,2679.396994838441,2705.934446035579,2652.859543641303,13.268725598569125,1.4149158336850522,False
Glassell Park,2023-06-30,2662.303112611173,2755.302,2745.239520425428,2602.276261465126,2695.279731749078,-32.97661913790489,2683.674858123653,2710.212349490999,2657.137366756307,13.268745683672853,1.6106831803002108,False
Glassell Park,2023-07-31,2682.3797882220306,2774.1287,2765.6706307543413,2603.4920665477675,2708.111888428101,-25.7321002060703,2694.0099461086797,2720.547456373565,2667.4724358437943,13.26875513244266,0.8765070846358348,False
Glassell Park,2023-08-31,2669.4538956476545,2754.9756,2797.054236265953,2604.9527805881407,2713.3004943070637,-43.84659865940921,2698.374836660792,2724.912355817751,2671.8373175038328,13.268759578479617,2.1796265747589274,True
Glassell Park,2023-09-30,2693.7764689038904,2739.047,2809.715470369853,2605.998788183279,2713.111012447127,-19.334543543236578,2701.5228000100024,2728.0603233552442,2674.9852766647605,13.268761672621027,0.5838021129174261,False
Glassell Park,2023-10-31,2697.629007995211,2743.504,2803.1495772852463,2606.455263521668,2712.442336708974,-14.813328713762983,2705.306115763666,2731.8436410905556,2678.768590436777,13.268762663444726,0.5785850540397205,False
Glassell Park,2023-11-30,2733.395919763222,2794.6326,2802.8721065153554,2606.572069939109,2727.679380440753,5.716539322469089,2726.0997373789073,2752.6372636623146,2699.5622110955,13.268763141703564,0.5498766012247351,False
Glassell Park,2023-12-31,2743.02746443446,2764.7058,2816.1888331172913,2606.587274633144,2723.1397269468625,19.88773748759741,2726.0668831258254,2752.604409910919,2699.5293563407317,13.268763392546873,1.2782337580440295,False
Glassell Park,2024-01-31,2703.989538118381,2630.4187,2776.657502136855,2706.0611718868604,2706.7816989110165,-2.7921607926355136,2711.7753567769496,2738.3128839080164,2685.237829645883,13.268763565533401,0.5867780079317299,False
Glassell Park,2024-02-29,2704.0626051523295,2638.6199,2787.626209403801,2691.529625362593,2707.475149359693,-3.4125442073636805,2715.655536685536,2742.1930642131397,2689.118009157932,13.268763763801832,0.873700951410091,False
Glassell Park,2024-03-31,2726.3490651029165,2681.6477,2816.922809979697,2682.3032423691866,2726.604031518649,-0.2549664157327242,2739.639145523807,2766.1766737349362,2713.101617312678,13.268764105564507,1.0016065026961483,False
Glassell Park,2024-04-30,2786.105275888815,2666.668,2852.235077839995,2676.22898470858,2731.5471748316895,54.55810105712544,2751.349199429629,2777.886729018806,2724.8116698404524,13.268764794588431,2.619390498742348,True
Glassell Park,2024-05-31,2765.141135768459,2682.2532,2869.766834531667,2674.378223433792,2741.3157367545978,23.825399013861443,2762.8839489853585,2789.4214814687302,2736.346416501987,13.268766241685936,0.17011278518934486,False
Glassell Park,2024-06-30,2756.84377828888,2684.1338,2872.377943407873,2668.150820207426,2740.433770844574,16.410007444305847,2763.44340546072,2789.980944080021,2736.905866841419,13.26876930965047,0.49738050401300016,False
Glassell Park,2024-07-31,2768.7157584641595,2690.961,2886.404553270185,2658.6775000247535,2743.6012784672353,25.11447999692427,2769.0018933730985,2795.5394450284452,2742.4643417177517,13.268775827673272,0.021564529572241423,False
Glassell Park,2024-08-31,2786.9628713784705,2710.985,2911.4900413071427,2650.2006894325777,2754.7386992306097,32.22417214786083,2782.5714636706666,2809.109043034556,2756.033884306777,13.268789681944867,0.33095766906832297,False
Glassell Park,2024-09-30,2820.9699946076894,2724.8303,2923.5386977841063,2652.1610597198496,2763.5867591039646,57.38323550372479,2793.219834977135,2819.7574732424714,2766.682196711799,13.268819132668082,2.091381254969327,True
Glassell Park,2024-10-31,2789.1941831361733,2702.4216,2922.5358645447695,2660.808058656647,2759.7596725370204,29.434510599152873,2787.2003519618484,2813.7381154395866,2760.66258848411,13.268881738869243,0.15026369305723955,False
Glassell Park,2024-11-30,2789.4863382745634,2680.8018,2928.352266732035,2674.153737640812,2760.1633148199653,29.323023454598115,2785.124724295541,2811.6627539494884,2758.5866946415936,13.269014826973677,0.3287066924417725,False
Glassell Park,2024-12-31,2734.567205113612,2638.556,2943.254995292856,2686.1984751152017,2756.9219459229516,-22.354740809339543,2778.776534085904,2805.3151295725,2752.237938599308,13.269297743297965,3.331700727064038,True
Glassell Park,2025-01-31,2752.0882449872843,2638.8647,2812.6348921803356,2801.7932073193806,2756.6674418013617,-4.579196814077477,2781.7760706637137,2808.315868966358,2755.2362723610695,13.269899151322178,2.237230691470557,True
Glassell Park,2025-02-28,2800.02732180775,2675.007,2819.831582026156,2799.160816317172,2768.8760658338965,31.151255973853495,2801.5102357091478,2828.0525907965,2774.9678806217953,13.271177543676329,0.11173943648933851,False
Glassell Park,2025-03-31,2830.6317786824193,2734.2354,2846.3811903250426,2799.1376606738254,2795.3501283368664,35.28165034555286,2835.723201674115,2862.2709911976917,2809.1754121505382,13.273894761788396,0.3835666230017687,False
Glassell Park,2025-04-30,2852.9518900523585,2703.9285,2877.699575867589,2800.9223354044634,2797.302648072297,55.64924198006156,2846.147181547879,2872.7065199895806,2819.5878431061774,13.279669220850861,0.5124155117260819,False
Glassell Park,2025-05-31,2838.202217438642,2728.9995,2888.5563997078248,2804.2840728323267,2809.632023119429,28.570194319212987,2865.9689516166554,2892.5528242661276,2839.3850789671833,13.291936324736175,2.0889909098834485,True
Glassell Park,2025-06-30,2886.441602635498,2704.635,2883.682364211601,2806.8705328412548,2801.695213540935,84.7463890945628,2869.5196296960576,2896.1555824802454,2842.8836769118698,13.317976392093875,1.2706114223764402,False
Glassell Park,2025-07-31,2923.974886610315,2709.1792,2892.060914600485,2808.473399150774,2806.417040729928,117.55784588038703,2883.2942019820175,2910.040530633079,2856.547873330956,13.373164325530762,3.0419640114803803,True
Glassell Park,2025-08-31,2942.787567134645,2722.4292,2914.7394668485063,2808.4064675101517,2817.849586392596,124.93798074204916,2897.926333974249,2924.905801187565,2870.9468667609326,13.489733606658122,3.3255833239730044,True
Glassell Park,2025-09-30,2927.812017297261,2673.7761,2924.600274694998,2807.4493112453915,2806.208920132692,121.60309716456868,2883.0305957069468,2910.499099097172,2855.5620923167216,13.734251695112672,3.2605650858753257,True
Glassell Park,2025-10-31,2885.804184672634,2699.3257,2917.4499759880855,2805.943067632562,2810.9257611792113,74.87842349342282,2878.0491897407037,2906.5294082232936,2849.568971258114,14.240109241294974,0.5445881625680112,False
Glassell Park,2025-11-30,2814.5625470688246,2669.1487,2913.400900409507,2804.189450197289,2799.9159133893936,14.646633679431034,2856.2253020995386,2886.745015382436,2825.705588816641,15.259856641448742,2.730219292509444,True
Glassell Park,2025-12-31,2811.9039812050114,2646.1462,2917.8929663953236,2802.536075288596,2793.9112693993447,17.99271180566666,2845.401077842841,2879.8576081061105,2810.9445475795715,17.228265131634735,1.9443104899099066,False
Hancock Park,2022-01-31,2149.117127346717,2136.7673,2067.204225063358,2140.6879401417946,2115.2267205119733,33.89040683474377,2149.126760047845,2151.120922689834,2147.132597405856,0.9970813209945893,0.009660898091709204,False
Hancock Park,2022-02-28,2147.6066209241617,2149.9988,2040.0452792727303,2140.8470687087993,2110.2643453845913,37.34227553957044,2148.0047754065004,2169.8587702542063,2126.1507805587944,10.926997423852878,0.03643768425396971,False
Hancock Park,2022-03-31,2159.407381101957,2223.2524,2026.3767280342624,2139.1436757678393,2127.0152753464035,32.39210575555353,2169.2444589610946,2192.0558891563055,2146.4330287658836,11.40571509760543,0.8624691890277033,False
Hancock Park,2022-04-30,2186.5399470997686,2204.8882,2032.5830969259273,2138.1791340902255,2123.2191588070204,63.32078829274815,2185.955999844402,2208.8519084075115,2163.0600912812924,11.4479542815547,0.05100887376860191,False
Hancock Park,2022-05-31,2213.387589416105,2197.6936,2043.4741663662355,2139.2317779734353,2125.0581599224656,88.32942949363951,2207.3517464288657,2230.2552673973023,2184.448225460429,11.451760484218424,0.5270668200131085,False
Hancock Park,2022-06-30,2229.4736527106515,2219.4507,2052.5204345676284,2142.286197464304,2135.684488914611,93.7891637960406,2227.705927622177,2250.6101358073583,2204.801719436996,11.45210409259051,0.1543581050817176,False
Hancock Park,2022-07-31,2244.068974784181,2228.31,2067.10134790026,2146.3622638273605,2144.66280021734,99.40617456684096,2243.5334905298914,2266.43776076441,2220.6292202953728,11.452135117259441,0.04675846454300941,False
Hancock Park,2022-08-31,2252.209844182576,2209.6802,2086.651952891076,2150.7388768550877,2147.176950662684,105.0328935198918,2252.024898793576,2274.9291746306617,2229.1206229564905,11.452137918542768,0.016149420322558318,False
Hancock Park,2022-09-30,2254.250991898294,2151.0583,2103.125949117971,2153.816642803194,2136.236846102239,118.01414579605536,2246.7608831024613,2269.665159445415,2223.8566067595075,11.452138171476937,0.6540358382985271,False
Hancock Park,2022-10-31,2245.69954081936,2140.5835,2117.9703485989485,2155.2528880729096,2138.544041182484,107.15549963687636,2242.5471168513463,2265.4513932399764,2219.6428404627163,11.452138194314934,0.2752694659959739,False
Hancock Park,2022-11-30,2237.0106354784944,2127.7126,2131.4457222044734,2154.9687697133904,2139.0449836848697,97.9656517936246,2231.3936247391644,2254.2979011319185,2208.48934834641,11.452138196377028,0.490477030411859,False
Hancock Park,2022-12-31,2233.6495842605714,2121.0852,2132.364580966102,2152.965724855429,2136.6252325921905,97.02435166838086,2208.1725809777927,2231.0768573709192,2185.268304584666,11.45213819656322,2.2246503511613076,True
Hancock Park,2023-01-31,2257.25964186995,2350.8757,2291.7827674110817,2210.076311897134,2279.1769240112785,-21.917282141328545,2288.4356934318794,2311.3399698250396,2265.531417038719,11.452138196580032,2.7222908944651607,True
Hancock Park,2023-02-28,2271.2628984447883,2369.246,2294.426725557088,2207.132647409049,2284.4522305665314,-13.189332121743064,2282.190157022406,2305.094433415569,2259.285880629243,11.452138196581547,0.9541675432573475,False
Hancock Park,2023-03-31,2295.162584514165,2378.3274,2291.3108846058776,2204.6010981631043,2285.1993755215744,9.963208992590353,2289.210635981325,2312.1149123744885,2266.3063595881617,11.452138196581686,0.5197237778198478,False
Hancock Park,2023-04-30,2290.667202542659,2378.9321,2302.9621586644134,2203.109168226044,2288.6785746119717,1.9886279306874712,2289.2708912962203,2312.1751676893837,2266.366614903057,11.452138196581698,0.12192581169134406,False
Hancock Park,2023-05-31,2290.317052944481,2357.491,2326.4583807460363,2202.60756345821,2289.849041457399,0.4680114870820944,2284.748631857395,2307.6529082505585,2261.8443554642317,11.452138196581698,0.48623418497391463,False
Hancock Park,2023-06-30,2269.9575026963316,2343.0452,2343.1229214337327,2202.696160081074,2291.0713792219926,-21.113876525661,2271.210509692057,2294.11478608522,2248.3062332988934,11.452138196581698,0.10941249338093496,False
Hancock Park,2023-07-31,2258.8173135228917,2348.9067,2356.1522136416356,2203.1001949215793,2297.2801027009496,-38.46278917805785,2264.699196103454,2287.6034724966175,2241.7949197102907,11.452138196581698,0.5136056231998698,False
Hancock Park,2023-08-31,2269.4900045281715,2347.563,2376.543229172112,2203.59554936961,2303.801906267582,-34.31190173941059,2268.079143516214,2290.9834199093775,2245.1748671230507,11.452138196581698,0.1231962963166635,False
Hancock Park,2023-09-30,2278.1571713454787,2361.236,2395.448178522244,2204.048313828563,2314.306144716716,-36.14897337123739,2273.144050159505,2296.048326552668,2250.2397737663414,11.452138196581698,0.43774543194848786,False
Hancock Park,2023-10-31,2258.6376577723477,2361.113,2401.834744097845,2204.42127048506,2316.5185507246497,-57.88089295230202,2261.753652717299,2284.657929110462,2238.8493763241354,11.452138196581698,0.2720884859004165,False
Hancock Park,2023-11-30,2248.8377687776547,2362.5974,2406.362811809159,2204.5326767165607,2318.5002999770463,-69.66253119939165,2255.2067500178377,2278.111026411001,2232.3024736246743,11.452138196581698,0.5561390480358275,False
Hancock Park,2023-12-31,2245.2481294670415,2356.216,2424.5669176588003,2204.3862037557706,2322.5553724983474,-77.30724303130592,2261.104553170802,2284.0088295639653,2238.2002767776385,11.452138196581698,1.3845819372532069,False
Hancock Park,2024-01-31,2256.1767472786705,2211.813,2349.4852667189434,2248.948035902966,2271.0773830057524,-14.900635727081864,2237.290227114716,2260.1945035078793,2214.3859507215525,11.452138196581698,1.649169772776606,False
Hancock Park,2024-02-29,2232.532425207902,2199.6047,2358.264336189543,2244.8730487716352,2268.819592244497,-36.28716703659438,2231.9408943803664,2254.84517077353,2209.036617987203,11.452138196581698,0.05165243528023212,False
Hancock Park,2024-03-31,2232.1385206715813,2216.055,2355.135291292397,2242.6346373106885,2271.87399789856,-39.735477226978674,2230.940496859745,2253.8447732529085,2208.0362204665817,11.452138196581698,0.10461136516390838,False
Hancock Park,2024-04-30,2219.243695989322,2221.839,2362.0448385509967,2239.4708538268146,2274.7148671278237,-55.47117113850163,2227.7756758213727,2250.679952214536,2204.8713994282093,11.452138196581698,0.7450119513181559,False
Hancock Park,2024-05-31,2247.3678174357915,2234.9553,2377.274157827012,2235.5886968097675,2282.2316470463184,-34.863829610526864,2243.1804203121596,2266.084696705323,2220.2761439189962,11.452138196581698,0.3656432578874485,False
Hancock Park,2024-06-30,2243.674182389918,2239.0564,2383.6846688179135,2231.082371197702,2283.9070303001117,-40.23284791019387,2245.92492286919,2268.8291992623535,2223.0206464760267,11.452138196581698,0.19653451946456163,False
Hancock Park,2024-07-31,2261.497411595389,2251.3535,2387.953713810504,2227.0880331161206,2287.5145596920547,-26.01714809666555,2254.2667245498233,2277.1710009429867,2231.36244815666,11.452138196581698,0.6313831456740827,False
Hancock Park,2024-08-31,2241.123520549539,2236.2773,2404.2816601911786,2224.1723142727787,2287.324072243136,-46.200551693596935,2247.035907006072,2269.9401833992356,2224.131630612909,11.452138196581698,0.516269219763274,False
Hancock Park,2024-09-30,2255.890808390815,2226.45,2419.4136702339392,2222.5993220416844,2288.804984257974,-32.914175867158974,2251.10434299094,2274.0086193841034,2228.2000665977766,11.4521381965817,0.4179538627226918,False
Hancock Park,2024-10-31,2236.9636730018983,2208.6973,2417.2458558778076,2222.3878221409736,2282.702706818453,-45.73903381655464,2239.7952089113005,2262.699485304464,2216.890932518137,11.452138196581704,0.24724954050719264,False
Hancock Park,2024-11-30,2239.5473082846106,2208.8823,2413.4920000668826,2224.0346891672957,2282.1273922871474,-42.58008400253675,2238.623970180705,2261.5282465738683,2215.7196937875415,11.452138196581744,0.08062582613394206,False
Hancock Park,2024-12-31,2211.224283879958,2205.7058,2431.540451583511,2226.1144517197818,2287.9139801594215,-76.68969627946353,2242.311050726589,2265.2153271197535,2219.406774333425,11.452138196582204,2.714494558646164,True
Hancock Park,2025-01-31,2279.718903246752,2218.1409,2283.1920330698767,2288.0863061620203,2265.5575858300294,14.16131741672234,2268.4774919687493,2291.381768361924,2245.5732155755745,11.452138196587295,0.981599337627309,False
Hancock Park,2025-02-28,2302.01382056712,2196.226,2282.427913922061,2286.283874800648,2258.085502146225,43.928318420895266,2291.222494044065,2314.1267704373527,2268.3182176507776,11.45213819664367,0.9422979646538547,False
Hancock Park,2025-03-31,2332.1899342155957,2266.9795,2273.5847766199668,2285.537179275257,2276.038434916112,56.15149929948347,2321.8196902120703,2344.7239666066066,2298.915413817534,11.452138197268036,0.9055290650390481,False
Hancock Park,2025-04-30,2303.924673013656,2223.8992,2275.0949825399284,2285.4451586283203,2263.624170700225,40.300502313431025,2305.162566636515,2328.066843044881,2282.258290228149,11.452138204182967,0.10809279452510581,False
Hancock Park,2025-05-31,2321.8767890848485,2267.371,2285.3182028425717,2285.7012667736767,2280.094606483099,41.782182601749355,2319.405954988851,2342.3102315503847,2296.5016784273175,11.452138280766851,0.21575307888042544,False
Hancock Park,2025-06-30,2314.799594546382,2264.8699,2288.794467326567,2285.998182792134,2280.605916379301,34.19367816708109,2313.666659409106,2336.570937666995,2290.762381151217,11.452139128944554,0.09892781807228798,False
Hancock Park,2025-07-31,2308.885336510984,2263.067,2288.4766424944005,2286.013804901963,2279.9676538447293,28.917682666254677,2304.932896067939,2327.837193113204,2282.028599022674,11.452148522632607,0.3451265438779918,False
Hancock Park,2025-08-31,2289.419590172309,2256.5461,2296.2425779555706,2285.806437444098,2280.5082564353834,8.911333736925826,2290.9417609677107,2313.8462660848872,2268.037255850534,11.452252558588272,0.1329145324280205,False
Hancock Park,2025-09-30,2271.9841856316716,2233.1965,2303.716142070199,2285.255221224029,2275.793690174299,-3.8095045426275647,2274.174191852796,2297.0810012704833,2251.2673824351086,11.453404708843584,0.1912100615392789,False
Hancock Park,2025-10-31,2266.9239359575913,2241.7195,2297.467735517828,2284.637826883533,2276.0476626763366,-9.123726718745274,2265.9414135471325,2288.8737279478964,2243.0090991463685,11.466157200381936,0.08568890103558188,False
Hancock Park,2025-11-30,2251.8482817169493,2257.7598,2288.1881232727183,2283.7852448895856,2277.459954703943,-25.611672986993653,2257.2669946742913,2280.4799067340814,2234.054082614501,11.606456029895,0.4668705881206281,False
Hancock Park,2025-12-31,2249.5618806706184,2234.064,2293.6857645204013,2282.705791783415,2271.7930595422526,-22.231178871634256,2250.337334400578,2276.457115571795,2224.2175532293613,13.059890585608422,0.05937674012525752,False
Highland Park,2022-01-31,2415.628115303055,2541.2356,2400.6877182334256,2462.583322929371,2465.638524886039,-50.01040958298381,2415.694101265555,2417.6843244968313,2413.703878034279,0.9951116156380108,0.0663101111475096,False
Highland Park,2022-02-28,2442.4215303357287,2559.4355,2410.302011444553,2463.6236192691154,2474.6429061590748,-32.22137582334608,2442.8197301652813,2460.0310054071265,2425.608454923436,8.60563762092258,0.04627197270330633,False
Highland Park,2022-03-31,2487.7599610602447,2610.4438,2438.8638104807674,2462.772355475503,2499.017764152973,-11.257803092728407,2486.0950345611,2503.9204556223162,2468.2696134998837,8.912710530608184,0.18680360946975189,False
Highland Park,2022-04-30,2518.154670320333,2612.8118,2459.197903581688,2463.3910184109245,2506.676093975888,11.478576344445171,2509.3958769730566,2527.2656792711164,2491.526074674997,8.934901149029773,0.9802898981624019,False
Highland Park,2022-05-31,2525.0583057157887,2685.2395,2470.9570616767055,2466.4430709162666,2533.3468137946325,-8.288508078843734,2534.5698728915636,2552.4429383240686,2516.6968074590586,8.936532716252415,1.0643464828180178,False
Highland Park,2022-06-30,2554.8509875317227,2664.771,2497.5404927627183,2471.7804091137946,2537.9918242204385,16.859163311284192,2556.3304262837737,2574.2037319352253,2538.457120632322,8.936652825725849,0.16554730045422508,False
Highland Park,2022-07-31,2592.273848017195,2651.5486,2539.0597238672667,2478.0996450829484,2550.10377087283,42.17007714436522,2588.4528866636606,2606.326210000679,2570.579563326642,8.936661668509227,0.427560255830562,False
Highland Park,2022-08-31,2621.3562804386424,2658.1123,2565.3017077938184,2484.2705784915106,2563.0263546171386,58.32992582150382,2613.9091140167075,2631.7824386557936,2596.0357893776213,8.93666231954314,0.8333274937910397,False
Highland Park,2022-09-30,2619.44563242793,2653.8474,2574.3726057514837,2488.4849824727085,2566.311025232096,53.13460719583372,2615.1547877613066,2633.0281124962553,2597.281463026358,8.936662367474357,0.48013950682961837,False
Highland Park,2022-10-31,2604.6382644266705,2635.5078,2592.533644182753,2490.7174256209364,2567.658213032022,36.9800513946484,2606.0666393135,2623.9399640555066,2588.193314571494,8.936662371003209,0.15983314865581497,False
Highland Park,2022-11-30,2584.7728019309193,2580.3635,2617.838368834254,2490.7531601518044,2559.549584070706,25.223217860213936,2590.3177229211174,2608.1910476636435,2572.444398178591,8.936662371263012,0.6204688902451767,False
Highland Park,2022-12-31,2618.169215132277,2621.9043,2626.388169758176,2488.501104167334,2573.9603197266374,44.20889540563939,2607.9384913210697,2625.811816063634,2590.0651665785053,8.936662371282141,1.144803660999365,False
Highland Park,2023-01-31,2635.039835904211,2639.4133,2661.9534854543504,2589.7179991368,2628.451492427003,6.588343477208127,2645.62018175871,2663.493506501277,2627.7468570161427,8.93666237128355,1.1839258778151518,False
Highland Park,2023-02-28,2670.5159630869725,2647.6802,2684.3356098368927,2586.859697895427,2637.2620965395267,33.253866547445796,2658.324960213789,2676.198284956356,2640.451635471222,8.936662371283655,1.3641561416391452,False
Highland Park,2023-03-31,2642.58257107404,2676.892,2715.879509246081,2584.9504549878607,2655.7143532624455,-13.131782188405396,2656.8159955642873,2674.689320306855,2638.9426708217197,8.936662371283663,1.5927002591097912,False
Highland Park,2023-04-30,2675.705991196391,2689.0347,2739.6516193159864,2583.8729020646533,2666.8028838402092,8.903107356181863,2675.7953180228606,2693.668642765428,2657.921993280293,8.936662371283663,0.009995546733033104,False
Highland Park,2023-05-31,2693.5584638395917,2712.2847,2757.0461130065432,2583.482082242597,2679.3584653800785,14.199998459513154,2696.416486480138,2714.2898112227053,2678.5431617375702,8.936662371283663,0.31980872932290066,False
Highland Park,2023-06-30,2736.236037958876,2740.2708,2784.0756891558285,2583.552653683571,2696.6856573093455,39.550380649530325,2727.401853710379,2745.2751784529464,2709.5285289678113,8.936662371283663,0.988532840515345,False
Highland Park,2023-07-31,2732.9666507323573,2726.0996,2824.1461794872394,2584.1655299808026,2705.920872609336,27.045778123021137,2733.008482651196,2750.8818073937637,2715.1351579086286,8.936662371283663,0.004680933110605387,False
Highland Park,2023-08-31,2742.0672068500885,2718.0818,2853.107565992275,2584.826044040739,2713.3413954961675,28.725811353921017,2736.882276019328,2754.7556007618955,2719.0089512767604,8.936662371283663,0.5801864957570194,False
Highland Park,2023-09-30,2728.5793070021955,2716.1619,2860.362311775936,2585.3924569328624,2715.3752392752835,13.204067726911944,2725.2235000679852,2743.096824810553,2707.3501753254177,8.936662371283663,0.3755100943768921,False
Highland Park,2023-10-31,2710.1239954831954,2724.752,2864.132977465577,2585.6955086031508,2719.30197438958,-9.177978906384396,2708.8909610763462,2726.764285818914,2691.0176363337787,8.936662371283663,0.13797482261739144,False
Highland Park,2023-11-30,2679.228899769549,2713.4429,2877.728846425037,2585.860724041884,2720.476141887357,-41.24724211780767,2687.3930485643937,2705.266373306961,2669.519723821826,8.936662371283663,0.9135568119864287,False
Highland Park,2023-12-31,2667.6796601136266,2699.215,2895.213326744178,2585.9123390096233,2722.020942127983,-54.34128201435624,2682.241402810223,2700.1147275527906,2664.3680780676555,8.936662371283663,1.629438606419051,False
Highland Park,2024-01-31,2686.698583995347,2637.202,2790.9296617507152,2671.654021437225,2700.7792273441696,-14.080643348822832,2682.7977094630896,2700.671034205657,2664.924384720522,8.936662371283663,0.4365023949463363,False
Highland Park,2024-02-29,2696.9984042951437,2614.2192,2816.8315635777726,2655.7785090627317,2696.587898150978,0.410506144165538,2692.771157209018,2710.6444819515855,2674.8978324664504,8.936662371283663,0.473023026468923,False
Highland Park,2024-03-31,2715.746870433226,2654.9348,2832.2194225408193,2640.932088734051,2708.3459340086474,7.400936424578504,2710.422078589365,2728.2954033319324,2692.5487538467974,8.936662371283663,0.5958367471745271,False
Highland Park,2024-04-30,2695.189420839079,2638.9294,2843.976859993768,2632.122959209809,2704.183411783511,-8.993990944431971,2701.732871170982,2719.6061959135495,2683.8595464284144,8.936662371283663,0.7322029246183774,False
Highland Park,2024-05-31,2716.848408924238,2643.0154,2863.4088256318214,2622.053499178292,2708.0972066167087,8.751202307529184,2713.9242265840344,2731.797551326602,2696.050901841467,8.936662371283663,0.3272119070233338,False
Highland Park,2024-06-30,2721.6955880118744,2661.3499,2889.074135974999,2609.458684249747,2717.3954585886295,4.300129423244925,2725.7779892278622,2743.65131397043,2707.9046644852947,8.936662371283663,0.45681497653281966,False
Highland Park,2024-07-31,2739.9523637674256,2663.7866,2915.8737876443984,2594.0037657424896,2721.2561506687184,18.696213098707176,2740.182648506999,2758.0559732495667,2722.3093237644316,8.936662371283663,0.025768539724165387,False
Highland Park,2024-08-31,2761.769637735208,2675.9905,2934.633235191825,2584.5520249028264,2727.603458360197,34.166179375011325,2757.524545355932,2775.3978700984994,2739.6512206133643,8.936662371283663,0.47501988977080095,False
Highland Park,2024-09-30,2756.605579701037,2675.6023,2938.4266768724096,2579.422526712524,2726.8407889295777,29.764790771459506,2759.449653936243,2777.3229786788106,2741.5763291936755,8.936662371283663,0.31824792230736115,False
Highland Park,2024-10-31,2766.6996359264813,2668.5828,2930.528817483014,2577.419948985305,2721.3897350424413,45.30990088403996,2762.2516721567877,2780.124996899355,2744.37834741422,8.936662371283663,0.49772091413111086,False
Highland Park,2024-11-30,2769.9246854199782,2687.9316,2927.852201006309,2578.1483238843903,2726.559423305684,43.36526211429418,2766.970641957263,2784.8439666998306,2749.0973172146955,8.936662371283663,0.33055332479628075,False
Highland Park,2024-12-31,2754.7190903094324,2685.8213,2945.3469170531257,2583.048524318988,2733.5267098168883,21.19238049254409,2767.7067277520773,2785.580052494645,2749.8334030095098,8.936662371283694,1.4532984338588486,False
Highland Park,2025-01-31,2800.4539063484667,2669.9756,2778.8698629086334,2767.904994521558,2742.25217577292,58.20173057554666,2795.6152459305367,2813.4885706731047,2777.7419211879687,8.93666237128408,0.5414393216939158,False
Highland Park,2025-02-28,2805.0167875536554,2665.763,2791.79463717537,2760.1994347309733,2742.409968619989,62.606818933666545,2805.4877839049686,2823.361108647547,2787.61445916239,8.936662371289335,0.05270383183540472,False
Highland Park,2025-03-31,2840.1288674839284,2723.8247,2801.528352414424,2759.007607234223,2762.543960544085,77.58490693984322,2836.2581682120117,2854.131492954733,2818.3848434692904,8.936662371360715,0.43312582558672547,False
Highland Park,2025-04-30,2831.475330759068,2686.75,2806.198509441785,2756.332072933192,2752.0124252764717,79.4629054825964,2828.788827881427,2846.6621526260874,2810.915503136767,8.936662372330241,0.3006159081216767,False
Highland Park,2025-05-31,2830.9014759788633,2724.6838,2815.060447535706,2755.708677088302,2766.051400664339,64.85007531452447,2840.633040275773,2858.506365046771,2822.759715504775,8.936662385498988,1.0889484089508719,False
Highland Park,2025-06-30,2862.9007453918407,2719.7766,2833.0066714581776,2755.7240324347667,2770.521920224198,92.37882516764284,2861.9515548205513,2879.8248799492826,2844.07822969182,8.93666256436572,0.10621309279507318,False
Highland Park,2025-07-31,2887.5842132246507,2725.435,2854.079996264661,2756.3272619697436,2779.402578314915,108.18163490973576,2885.8228285712407,2903.696158558947,2867.9494985835345,8.936664993853137,0.19709641713665726,False
Highland Park,2025-08-31,2895.2072008955956,2724.5972,2865.219314592401,2755.94706813259,2782.6932048323833,112.51399606321228,2900.6573872928175,2918.5307832782437,2882.7839913073913,8.936697992713148,0.609865791097247,False
Highland Park,2025-09-30,2929.1398839166354,2684.9941,2862.8907749617556,2755.870958406997,2770.055536348289,159.08434756834686,2910.2285942155027,2928.102886602035,2892.35430182897,8.937146193266203,2.116032262538279,True
Highland Park,2025-10-31,2896.1590346611483,2698.639,2853.6205065780887,2756.4101836789814,2771.2704510635535,124.8885835975948,2896.646708595034,2914.533172052711,2878.760245137357,8.943231728838514,0.05452994489315924,False
Highland Park,2025-11-30,2889.014801158036,2705.1956,2846.9288495365345,2757.877456572719,2771.5624070284334,117.45239412960244,2883.096146229831,2901.1471126107754,2865.0451798488866,9.025483190472125,0.6557715300932897,False
Highland Park,2025-12-31,2837.1176289709197,2678.6199,2848.6342446234084,2757.3909815990814,2764.000753629667,73.11687534125258,2850.1103304901103,2870.2631362816746,2829.957524698546,10.07640289578228,1.2894186189929793,False
Koreatown,2022-01-31,2411.248313666638,2078.5005,2275.7464019074955,2356.806313804601,2246.8102858093935,164.43802785724438,2411.290141793964,2413.284195442335,2409.2960881455924,0.9970268241856245,0.04195286013554112,False
Koreatown,2022-02-28,2458.198989711655,2101.459,2271.426443330295,2354.4541937792387,2251.374622057934,206.82436765372088,2455.0352636242865,2478.863697799209,2431.206829449364,11.914217087461441,0.2655420882033997,False
Koreatown,2022-03-31,2500.0325082988497,2179.2817,2270.746261719069,2350.530334807926,2272.9619901161777,227.070518182672,2500.873677827364,2524.9749048898952,2476.772450764833,12.05061353126552,0.06980304576476516,False
Koreatown,2022-04-30,2528.961210593856,2172.9207,2261.4917503114148,2348.205727531338,2267.140066046916,261.8211445469401,2523.2723097581556,2547.379826232558,2499.164793283753,12.053758237201333,0.4719607543996566,False
Koreatown,2022-05-31,2522.0164232869342,2177.441,2248.0385659269764,2348.819983794758,2264.272266834332,257.74415645260206,2521.778934859716,2545.8865971653404,2497.671272554092,12.053831152812087,0.019702319039506384,False
Koreatown,2022-06-30,2518.8124787415613,2153.3503,2254.851272341959,2352.0007613373073,2260.500410972572,258.31206776898944,2518.2607867140964,2542.3684524015184,2494.1531210266744,12.053832843710898,0.04576901257553771,False
Koreatown,2022-07-31,2522.848453603882,2144.8171,2285.293831343967,2356.303818757208,2269.605998967105,253.24245463677696,2525.016627513684,2549.1242932795294,2500.9089617478385,12.053832882922636,0.1798742299700513,False
Koreatown,2022-08-31,2536.6660716206065,2132.8013,2311.2270987838633,2360.9236190407987,2276.2972889469834,260.3687826736232,2539.5898624974357,2563.6975282650997,2515.4821967297717,12.053832883831952,0.24256109260692046,False
Koreatown,2022-09-30,2578.3692467144515,2168.1074,2316.6130042582176,2363.540452188427,2289.6022345609476,288.76701215350386,2574.5742294939837,2598.68189526169,2550.4665637262774,12.053832883853039,0.31483904363757204,False
Koreatown,2022-10-31,2575.215067957272,2137.8118,2315.8002708522017,2364.1674222418874,2280.5086722373994,294.7063957198725,2569.251263106174,2593.3589288738813,2545.143597338467,12.053832883853524,0.4947641885875906,False
Koreatown,2022-11-30,2543.793193389198,2118.333,2319.0100717737664,2362.9884869920065,2275.309423037572,268.4837703516264,2539.6791960253277,2563.786861793035,2515.5715302576205,12.053832883853534,0.341302007427726,False
Koreatown,2022-12-31,2489.887567121656,2045.6093,2317.538696138962,2360.039920722073,2251.989046927866,237.8985201937894,2472.5718975923437,2496.679563360051,2448.4642318246365,12.053832883853534,1.4365280887660152,False
Koreatown,2023-01-31,2478.1947515390534,2117.9849,2566.4680271324883,2496.1424740236826,2406.3331407882692,71.86161075078417,2501.415789562993,2525.5234553307,2477.3081237952856,12.053832883853534,1.9264443292374016,False
Koreatown,2023-02-28,2489.504023708986,2101.8936,2608.711353470356,2495.517030543266,2415.253724079181,74.25029962980489,2494.417101038031,2518.524766805738,2470.309435270324,12.053832883853534,0.4075946109681135,False
Koreatown,2023-03-31,2510.805339391621,2129.7268,2620.1717328116856,2494.769430611331,2427.085872921712,83.7194664699091,2513.514970169115,2537.622635936822,2489.4073044014076,12.053832883853534,0.22479412161714526,False
Koreatown,2023-04-30,2537.003385676437,2143.2026,2613.362871344371,2493.9737684974866,2428.569242136208,108.43414354022887,2535.0509066877207,2559.158572455428,2510.9432409200135,12.053832883853534,0.1619799283688425,False
Koreatown,2023-05-31,2541.8791115305303,2122.626,2613.2080880019344,2493.170263088553,2422.0687701424326,119.81034138809764,2539.3891820425215,2563.4968478102287,2515.2815162748143,12.053832883853534,0.20656744704652769,False
Koreatown,2023-06-30,2546.4563958557696,2132.3018,2620.195098743465,2492.418821855022,2426.9925182566894,119.4638775990802,2543.4016089324905,2567.5092747001977,2519.2939431647833,12.053832883853534,0.2534286770174857,False
Koreatown,2023-07-31,2535.4140941274313,2140.6355,2634.122254509965,2491.755347958416,2433.84159810979,101.57249601764124,2534.923716035073,2559.0313818027803,2510.816050267366,12.053832883853534,0.04068233703557433,False
Koreatown,2023-08-31,2528.2153969277647,2141.2458,2661.2815980778246,2491.228439220308,2442.806006479369,85.4093904483957,2526.2470394515244,2550.3547052192316,2502.139373683817,12.053832883853534,0.1632972261664563,False
Koreatown,2023-09-30,2503.79402864553,2136.2551,2685.0862356355083,2490.803623402281,2449.0249022106977,54.76912643483229,2505.5360991092152,2529.6437648769224,2481.428433341508,12.053832883853534,0.14452419234827024,False
Koreatown,2023-10-31,2483.716753059963,2138.0303,2680.6689047524183,2490.3273632204628,2447.9190715041054,35.79768155585771,2485.7213267380994,2509.8289925058066,2461.613660970392,12.053832883853534,0.1663017644087639,False
Koreatown,2023-11-30,2470.9900553972843,2134.6638,2662.1022654220283,2489.8414921326616,2440.5956373876,30.39441800968416,2469.14860766257,2493.2562734302774,2445.040941894863,12.053832883853534,0.15276864636585039,False
Koreatown,2023-12-31,2461.8956762467756,2125.6938,2674.8824386976567,2489.389029655943,2441.970637396461,19.92503885031465,2452.5844633166125,2476.6921290843197,2428.4767975489053,12.053832883853534,0.7724690571171757,False
Koreatown,2024-01-31,2441.112053775336,2459.012,2600.034554695716,2441.1213075038618,2498.996670338199,-57.8846165628629,2447.731396594414,2471.8390623621212,2423.623730826707,12.053832883853534,0.5491483810476149,False
Koreatown,2024-02-29,2421.406934215586,2458.9717,2636.3521370210105,2439.997703831338,2510.572636423031,-89.16570220744507,2428.66518454503,2452.7728503127373,2404.557518777323,12.053832883853534,0.6021528913965134,False
Koreatown,2024-03-31,2441.723390534434,2483.9534,2649.634107163287,2441.930980420934,2523.147668521804,-81.4242779873698,2444.8499880128593,2468.9576537805665,2420.742322245152,12.053832883853534,0.25938616421498517,False
Koreatown,2024-04-30,2468.595416064632,2490.7695,2649.324933400175,2444.732284043067,2526.121113158001,-57.52569709336922,2466.1877321877528,2490.29539795546,2442.0800664200456,12.053832883853534,0.1997442554647443,False
Koreatown,2024-05-31,2478.0641513795053,2494.7075,2651.859189740277,2446.721703321512,2528.8731718862023,-50.809020506696925,2475.9421419370888,2500.049807704796,2451.8344761693816,12.053832883853534,0.1760443720352747,False
Koreatown,2024-06-30,2469.7309279548267,2472.7515,2656.800611623677,2446.9350332959484,2524.0215366010098,-54.290608646183045,2468.0790172889,2492.1866830566073,2443.971351521193,12.053832883853534,0.1370444306365775,False
Koreatown,2024-07-31,2459.108383088767,2480.9885,2665.4851411068016,2445.2878265472473,2528.7443496567257,-69.6359665679588,2461.994913964765,2486.1025797324723,2437.887248197058,12.053832883853534,0.23946995959020856,False
Koreatown,2024-08-31,2472.6456856230925,2486.1992,2682.7651976223437,2442.809383558975,2535.0955826584727,-62.44989703538022,2471.1608756549294,2495.2685414226366,2447.0532098872222,12.053832883853534,0.1231815623493664,False
Koreatown,2024-09-30,2470.4226709022287,2491.8708,2695.2736557531157,2440.0556906510333,2539.9054358974745,-69.48276499524582,2471.7785848867115,2495.8862506544187,2447.6709191190043,12.053832883853534,0.11248820158891307,False
Koreatown,2024-10-31,2464.7960075843203,2461.104,2685.4691775287206,2437.5750132801595,2526.5475094286753,-61.75150184435506,2460.627122232041,2484.7347879997483,2436.519456464334,12.053832883853534,0.3458555788014089,False
Koreatown,2024-11-30,2437.4355488681726,2459.9539,2667.9215638523606,2434.9806368254717,2519.442315249323,-82.00676638115056,2436.055268994225,2460.1629347619323,2411.947603226518,12.053832883853534,0.11450962412556413,False
Koreatown,2024-12-31,2398.5470187008136,2439.522,2677.848512288642,2432.286373138322,2515.616961562507,-117.06994286169356,2408.249664901586,2432.3573306692933,2384.141999133879,12.053832883853534,0.8049428166305557,False
Koreatown,2025-01-31,2410.989216241989,2465.925,2554.3773353365577,2467.934794000217,2495.9064161188317,-84.91719987684246,2410.34601232115,2434.453678088857,2386.2383465534426,12.053832883853534,0.053360945560092354,False
Koreatown,2025-02-28,2434.998970716213,2459.8645,2578.3371161356627,2468.1157866428994,2502.0812163427054,-67.0822456264923,2435.292402516115,2459.4000682838223,2411.184736748408,12.053832883853534,0.024343443491043885,False
Koreatown,2025-03-31,2478.140677182568,2501.6064,2592.2571630137704,2471.0680794345,2520.255357371006,-42.11468018843789,2473.622848940949,2497.7305147086563,2449.515183173242,12.053832883853536,0.37480428685242684,False
Koreatown,2025-04-30,2471.3418870566165,2475.8713,2597.4702621549727,2475.59126562658,2515.960523846251,-44.618636789634365,2468.164523647746,2492.2721894154533,2444.056857880039,12.05383288385361,0.2635977648645337,False
Koreatown,2025-05-31,2469.9581451755944,2537.9958,2600.8844627183003,2480.1405145143426,2537.3473785357623,-67.38923336016796,2473.3937921115444,2497.501457879258,2449.286126343831,12.053832883856845,0.2850252667515362,False
Koreatown,2025-06-30,2472.841021625159,2541.7654,2602.524727314156,2483.2559478438025,2540.1707843917497,-67.32976276659065,2476.2725556360047,2500.380221403997,2452.1648898680123,12.053832883996272,0.28468405369670574,False
Koreatown,2025-07-31,2487.778485054238,2499.2515,2608.078893774088,2484.1462192264125,2529.6264717630384,-41.84798670880036,2481.9771355255402,2506.0848013055574,2457.869469745523,12.053832890008657,0.48128670579908145,False
Koreatown,2025-08-31,2497.6861773681135,2586.6038,2622.874424018,2482.824436529967,2560.142193829991,-62.456016461877425,2501.3649689184863,2525.4726352170387,2477.257302619934,12.053833149276302,0.305196820112091,False
Koreatown,2025-09-30,2499.9798448681463,2556.8853,2633.544353233681,2479.982776285101,2553.731476734727,-53.75163186658074,2501.1867153962676,2525.294404055225,2477.07902673731,12.053844329478887,0.10012328798444124,False
Koreatown,2025-10-31,2495.6959787072533,2497.7314,2623.8438306978724,2476.3566487953817,2531.496871630081,-35.80089292282764,2490.8798401492277,2514.98849301975,2466.7711872787054,12.054326435261244,0.39953609850336497,False
Koreatown,2025-11-30,2488.142531044599,2553.2236,2604.534044816929,2472.300984206591,2540.2016698216075,-52.05913877700869,2488.784833709635,2512.9350289428453,2464.634638476425,12.075097616604939,0.05319233722973711,False
Koreatown,2025-12-31,2479.592133241318,2560.6536,2603.211729851437,2468.0853546579524,2540.4239827700353,-60.83184952871716,2481.2383918599035,2507.116623358715,2455.360160361092,12.939115749405866,0.12723115313259237,False
Leimert Park,2022-01-31,1865.7875551969555,1933.7906,1856.4513024664109,1906.5161113309837,1898.1218521459512,-32.33429694899587,1865.792142562363,1867.7893385133755,1863.7949466113507,0.9985979755061433,0.004593805990167821,False
Leimert Park,2022-02-28,1862.5112852142336,1925.7706,1848.4707612314744,1904.4656028529264,1892.3265994804729,-29.815314266239056,1863.4558168947838,1894.5507037010507,1832.3609300885169,15.547443403133432,0.060751575384562724,False
Leimert Park,2022-03-31,1882.3739490780183,2000.3079,1840.692299073268,1901.17872778156,1910.8215173704148,-28.447568292396458,1886.7657859277278,1919.4176786957726,1854.1138931596831,16.325946384022405,0.2690096331149026,False
Leimert Park,2022-04-30,1894.2060346579033,2018.8429,1837.6627663854952,1900.4868742335964,1915.1050622912128,-20.899027633309288,1902.1700211944146,1934.978206378468,1869.3618360103612,16.404092592026736,0.4854877822091422,False
Leimert Park,2022-05-31,1944.1162941447749,2056.6167,1842.5738263587964,1902.8201618573748,1928.8857470225007,15.230547122274174,1938.5057977383049,1971.33005092081,1905.6815445557997,16.41212659125253,0.3418506658388707,False
Leimert Park,2022-06-30,1971.0752056354863,2098.7761,1854.603949815761,1907.89499704426,1947.3464193721816,23.728786263304528,1971.4662157438586,2004.292124736036,1938.6403067516812,16.412954496088652,0.023823261572266285,False
Leimert Park,2022-07-31,2007.8292951856852,2110.0588,1870.1069455184645,1913.7325975574845,1958.0066671929865,49.8226279926987,1997.187607276168,2030.0136869411126,1964.3615276112232,16.41303983247234,0.648367883807822,False
Leimert Park,2022-08-31,2004.293408519213,2146.1606,1886.4358721903816,1919.834821232932,1976.457913657059,27.835494862154064,2015.4210499945834,2048.2471472520815,1982.5949527370851,16.413048628749138,0.6779752939438352,False
Leimert Park,2022-09-30,2047.8618124192344,2154.9954,1904.4928531440528,1923.9480194628468,1986.5916273692856,61.27018504994885,2041.3136218281359,2074.1397208990384,2008.4875227572331,16.41304953545131,0.39896245807125474,False
Leimert Park,2022-10-31,2048.9268294992553,2154.9692,1924.193691863787,1926.2335926388355,1993.9424620554228,54.984367443832525,2055.0216613610846,2087.8477606189094,2022.19556210326,16.413049628912336,0.37134060981449807,False
Leimert Park,2022-11-30,2097.565286599867,2165.2603,1937.767499718996,1926.3171731797615,2001.53671915,96.02856744986684,2077.7238606449814,2110.5499599220734,2044.8977613678892,16.41304963854611,1.2088811268930122,False
Leimert Park,2022-12-31,2094.1172913334535,2144.0225,1940.971482576362,1924.8686895297456,1995.7098055957445,98.40748573770908,2058.5172934007555,2091.343392679834,2025.6911941216772,16.413049639539143,2.1690056810190415,True
Leimert Park,2023-01-31,2103.819445730027,2266.8352,2095.6700052168703,2039.5608487725956,2126.0532837908654,-22.23383806083848,2124.367939008572,2157.194038287855,2091.541839729289,16.4130496396415,1.2519607091418317,False
Leimert Park,2023-02-28,2075.906442165006,2270.0393,2099.0486838121888,2031.5799831563909,2125.171043498782,-49.26460133377668,2088.4956434889627,2121.3217427682666,2055.669544209659,16.41304963965205,0.767023898220138,False
Leimert Park,2023-03-31,2065.347929599052,2272.2922,2106.610575222061,2024.448679644213,2125.7019023080234,-60.35397270897147,2072.1115632732813,2104.9376625525874,2039.285463993975,16.413049639653135,0.4120887841445302,False
Leimert Park,2023-04-30,2065.12395011052,2273.1882,2120.8304096189468,2019.620196451974,2128.8809960123913,-63.75704590187115,2068.0866965499868,2100.9127958292934,2035.2605972706804,16.41304963965325,0.180511635723299,False
Leimert Park,2023-05-31,2051.285725448517,2215.192,2145.0962746751807,2018.0599693819147,2118.985071186439,-67.69934573792216,2055.240614599231,2088.0667138785375,2022.4145153199242,16.413049639653263,0.24096004308360663,False
Leimert Park,2023-06-30,2075.496760443095,2226.7607,2174.1581448983393,2018.662556011017,2132.272954234223,-56.77619379112821,2071.256626151939,2104.0827254312458,2038.4305268726325,16.413049639653263,0.25833921066858717,False
Leimert Park,2023-07-31,2081.548888966023,2244.264,2201.7434698409297,2021.1556723210529,2147.5474447203997,-65.99855575437687,2083.1714149419736,2115.99751422128,2050.345315662667,16.413049639653263,0.09885585010614224,False
Leimert Park,2023-08-31,2102.9295995881484,2265.8691,2224.9796958744955,2024.2340746113784,2162.827525749972,-59.89792616182376,2097.4213579071534,2130.24745718646,2064.5952586278468,16.413049639653263,0.3356013537137771,False
Leimert Park,2023-09-30,2094.2575851380952,2264.8853,2248.8555289833635,2027.651789880125,2171.6915259599737,-77.43394082187842,2097.346687502206,2130.1727867815125,2064.5205882228993,16.413049639653263,0.18821013949567367,False
Leimert Park,2023-10-31,2094.9439031262964,2289.7234,2276.1832334643755,2030.257839350282,2189.115527756374,-94.17162463007752,2110.267239215622,2143.0933384949285,2077.4411399363153,16.413049639653263,0.9336068808912188,False
Leimert Park,2023-11-30,2123.325714392182,2290.203,2297.6831298375846,2032.1780307896183,2197.0768581478915,-73.75114375570956,2135.7258067241464,2168.551906003453,2102.89970744484,16.413049639653263,0.7555020301925716,False
Leimert Park,2023-12-31,2140.438097179246,2291.561,2308.8286680708347,2032.642610542196,2201.3389899283607,-60.90089274911452,2175.2887760292792,2208.114875308586,2142.4626767499726,16.413049639653263,2.123351820285838,True
Leimert Park,2024-01-31,2219.4051997706124,2095.824,2185.667396563939,2097.351608796316,2126.0865632864866,93.31863648412582,2185.3745207940224,2218.200620073329,2152.5484215147158,16.413049639653263,2.0733915818812467,True
Leimert Park,2024-02-29,2225.354070100533,2093.474,2184.2821214350233,2065.829123664478,2113.2469952097044,112.1070748908287,2209.013116159347,2241.839215438654,2176.1870168800406,16.413049639653263,0.9956074154403814,False
Leimert Park,2024-03-31,2230.4049117866875,2088.814,2179.695041609559,2035.4129258866203,2099.06839165274,131.3365201339475,2207.8509302396747,2240.6770295189813,2175.024830960368,16.413049639653263,1.3741493524019985,False
Leimert Park,2024-04-30,2172.1693180293505,2098.6492,2182.6239821682675,2009.0266668269292,2093.200716238537,78.96860179081341,2182.6174881761517,2215.4435874554583,2149.791388896845,16.413049639653263,0.6365770146209195,False
Leimert Park,2024-05-31,2163.305515801167,2094.9922,2196.874996951682,1989.541884113069,2089.59876571518,73.7067500859871,2174.650872713448,2207.4769719927544,2141.824773434141,16.413049639653263,0.691240028785292,False
Leimert Park,2024-06-30,2193.1190206830324,2098.3508,2216.0052005079765,1984.2816144473843,2094.977163979311,98.14185670372126,2191.953855790657,2224.7799550699638,2159.1277565113505,16.413049639653263,0.07099015218051827,False
Leimert Park,2024-07-31,2217.3226499336915,2101.9912,2234.56176124966,1983.483467544169,2101.9034218771612,115.4192280565303,2209.131797236212,2241.9578965155188,2176.3056979569055,16.413049639653263,0.49904514226900076,False
Leimert Park,2024-08-31,2224.115799105799,2106.4521,2250.4207938203103,1988.0465316893471,2110.1696803283035,113.94611877749549,2215.889611606978,2248.715710886285,2183.0635123276716,16.413049639653263,0.5011979902829665,False
Leimert Park,2024-09-30,2213.7347685216537,2122.6372,2265.2605403586367,1994.2719369355416,2122.220010518485,91.51475800316848,2214.6206376694,2247.4467369487065,2181.7945383900933,16.413049639653266,0.05397346420413398,False
Leimert Park,2024-10-31,2203.594522359607,2097.014,2282.197960112893,2008.2136663792571,2125.323537663857,78.27098469574958,2205.6767593066133,2238.50285858592,2172.8506600273067,16.413049639653302,0.12686471993037157,False
Leimert Park,2024-11-30,2228.8350594136173,2125.3232,2300.291818606477,2027.5246831331824,2146.9223484220106,81.91271099160667,2218.217764437489,2251.0438637167967,2185.3916651581817,16.413049639653654,0.6468813049835681,False
Leimert Park,2024-12-31,2206.8297665465634,2114.416,2317.072664993887,2054.1945001316003,2159.089412968527,47.74035357803632,2206.083098383852,2238.9091976631657,2173.256999104538,16.413049639657054,0.04549234777506197,False
Leimert Park,2025-01-31,2219.75669946754,2110.6636,2299.3203815592965,2209.886544111938,2209.7839149365755,9.972784530964418,2231.403830830571,2264.2299301099515,2198.577731551191,16.413049639690037,0.7096262797968996,False
Leimert Park,2025-02-28,2186.9369412185415,2025.5026,2306.9786161035527,2201.71198791933,2183.8267045209636,3.110236697577875,2196.7953773984023,2229.6214766784224,2163.969278118382,16.413049640010044,0.6006462168872262,False
Leimert Park,2025-03-31,2198.2329205625706,2078.2302,2299.379743964619,2191.9051648174286,2193.445074075351,4.787846487219667,2211.916887120798,2244.7429864070273,2179.090787834569,16.41304964311453,0.8337248011450924,False
Leimert Park,2025-04-30,2214.3919526316886,2030.593,2290.827058712671,2172.187885639059,2169.0711277375276,45.32082489416098,2212.693021156937,2245.5191205034016,2179.8669218104724,16.41304967323239,0.10351101760736284,False
Leimert Park,2025-05-31,2245.1974256760836,2076.9734,2298.8977524855227,2160.0311170660443,2181.1006450655186,64.09678061056502,2247.4333549980474,2280.2594549288824,2214.6072550672125,16.41304996541758,0.13622875244470875,False
Leimert Park,2025-06-30,2288.47236444778,2077.554,2319.8523717178123,2142.314016124642,2181.636292606623,106.8360718411568,2273.8900848408093,2306.716190440851,2241.063979240768,16.413052800020722,0.8884562656173026,False
Leimert Park,2025-07-31,2279.88341430272,2076.6475,2339.119692866282,2116.613026542278,2178.2115981921347,101.6718161105855,2275.4497674031322,2308.2759280023215,2242.623606803943,16.4130802995946,0.2701288737980649,False
Leimert Park,2025-08-31,2264.5067546703895,2070.0293,2351.019885225002,2082.5570148095317,2167.548668568622,96.95808610176756,2263.405546208509,2296.232240371267,2230.578852045751,16.413347081379033,0.06709225459924383,False
Leimert Park,2025-09-30,2253.937441888598,2057.6353,2361.34319753944,2062.84386739558,2159.951830623107,93.98561126549112,2252.8463417372786,2285.6782117598455,2220.014471714712,16.41593501128347,0.06646591558171534,False
Leimert Park,2025-10-31,2266.5637478732106,2096.9888,2373.3835762335375,2052.723273942334,2171.947109708906,94.61663816430472,2260.312692486467,2293.1947332683944,2227.4306517045393,16.4410203909637,0.38021091357427494,False
Leimert Park,2025-11-30,2263.00370278958,2091.073,2386.322380750252,2064.642076664848,2178.871201967858,84.13250082172272,2253.732819025834,2287.097670170547,2220.367967881121,16.68242557235666,0.5557275659932169,False
Leimert Park,2025-12-31,2216.762412446216,2054.1567,2404.1037101260217,2101.5645460357705,2187.391866351502,29.370546094713973,2235.4387208396074,2273.1681430854323,2197.7092985937825,18.864711122912567,0.9900129539120092,False
Los Feliz,2022-01-31,2445.2074743380053,2502.04,2301.7727793676763,2407.7606890511333,2400.913626202246,44.29384813575916,2445.2150129378683,2447.208361134885,2443.221664740852,0.9966740985082663,0.007563756095024656,False
Los Feliz,2022-02-28,2442.5090709039737,2510.815,2293.1247941867864,2407.061212215773,2400.4193753856403,42.08969551833343,2445.446082892269,2460.7860288413394,2430.106136943198,7.669972974535307,0.38292338111449914,False
Los Feliz,2022-03-31,2429.031241595342,2551.4336,2287.6601562126634,2403.868236671148,2409.573503809871,19.45773778547118,2456.061891826394,2473.9830171510475,2438.1407665017405,8.96056266232679,3.0166242031353114,True
Los Feliz,2022-04-30,2440.963636036193,2553.4211,2281.7104065051726,2401.729220437336,2407.4085678554725,33.555068180720355,2462.135688237803,2480.9247161093035,2443.346660366303,9.3945139357502,2.253661266976768,True
Los Feliz,2022-05-31,2483.458872143071,2587.9983,2280.42702536825,2402.1373974961934,2417.4728432355573,65.98602890751363,2485.746895913773,2504.847980837727,2466.6458109898194,9.550542461976878,0.23957003253121367,False
Los Feliz,2022-06-30,2513.4673898701467,2593.073,2289.0097960368903,2405.368095614739,2423.023885779849,90.44350409029768,2505.418517914083,2524.6341210812257,2486.2029147469407,9.607801583571316,0.8377433565498593,False
Los Feliz,2022-07-31,2550.704848959063,2595.1375,2301.547361491436,2410.201386606376,2429.5759640448396,121.12888491422336,2524.0731841268753,2543.3311129135614,2504.815255340189,9.62896439334297,2.7657870272053042,True
Los Feliz,2022-08-31,2558.682352194248,2602.7888,2312.8225212685275,2416.001044256227,2437.739048389421,120.94330380482688,2537.6618371084282,2556.9354497111312,2518.3882245057252,9.636806301351543,2.1812740037183063,True
Los Feliz,2022-09-30,2565.5568318730934,2582.9236,2328.863484436531,2419.901746489983,2438.5474691622817,127.00936271081171,2538.625619565896,2557.9050493446357,2519.3461897871566,9.639714889369793,2.793776848001792,True
Los Feliz,2022-10-31,2540.7696176875575,2552.7102,2351.631059607092,2421.394181087654,2437.5933057558973,103.17631193166017,2531.0746967967752,2550.356284941623,2511.7931086519275,9.640794072423862,1.0056143516701628,False
Los Feliz,2022-11-30,2517.5514637044394,2477.3306,2364.9208164136794,2420.345984657594,2419.0621104652487,98.48935323919068,2503.516057677637,2522.798446752419,2484.2336686028552,9.641194537391007,1.45577458869974,False
Los Feliz,2022-12-31,2501.594254903753,2453.2004,2359.052759555959,2416.809132845972,2408.5980911730603,92.99616373069284,2480.505675343053,2499.788361642536,2461.22298904357,9.641343149741594,2.1873072259016313,True
Los Feliz,2023-01-31,2507.984263166673,2388.51,2566.61646471269,2521.0715632778165,2496.4950468966435,11.489216270029374,2550.568996129973,2569.8517927313706,2531.2861995285757,9.64139830069882,4.416862740339749,True
Los Feliz,2023-02-28,2511.0169770335815,2407.3457,2587.003696849471,2515.3424107905375,2506.7422746089737,4.274702424607767,2553.6593185105744,2572.9421560459627,2534.376480975186,9.641418767694228,4.422828471640242,True
Los Feliz,2023-03-31,2555.429010714475,2432.8574,2575.8769700737216,2509.8948661996205,2508.673170346056,46.755840368419285,2559.1244819723256,2578.4073346987084,2539.841629245943,9.641426363191309,0.38329092758784256,False
Los Feliz,2023-04-30,2565.768516837494,2431.4902,2568.605098774914,2506.160882590866,2504.4773604452575,61.29115639223664,2559.389458401277,2578.6723167651876,2540.106600037366,9.641429181955276,0.661629962655321,False
Los Feliz,2023-05-31,2586.847848155164,2451.9849,2588.285080724895,2504.2843752410936,2516.414203028273,70.43364512689095,2574.187746956166,2593.4706074122196,2554.9048865001123,9.641430228026834,1.3130936890530036,False
Los Feliz,2023-06-30,2576.2533385893953,2449.5742,2611.067185939373,2503.793396610008,2523.0419209807224,53.211417608672946,2580.502804390511,2599.78566562298,2561.2199431580416,9.64143061623469,0.4407505447949388,False
Los Feliz,2023-07-31,2597.9027208048183,2451.7446,2622.45465663957,2504.232127908794,2527.61731984184,70.2854009629782,2585.830957359067,2605.113818879673,2566.5480958384605,9.641430760303052,1.2520717861641621,False
Los Feliz,2023-08-31,2591.6337179518414,2445.4849,2637.8167486602433,2505.2866932886623,2531.2143711045373,60.41934684730404,2587.1541626968365,2606.4370243243757,2567.8713010692973,9.641430813769679,0.4646151942470168,False
Los Feliz,2023-09-30,2608.529608050985,2455.4998,2657.5332570152023,2506.625763679468,2541.22160658932,67.3080014616653,2593.7644502227,2613.047311889931,2574.481588555469,9.641430833615473,1.5314280699386777,False
Los Feliz,2023-10-31,2595.3139949640517,2504.724,2660.321442441606,2508.1442200609913,2557.4219346547857,37.89206030926607,2602.865949708259,2622.14881139024,2583.583088026278,9.641430840990662,0.7832815337187512,False
Los Feliz,2023-11-30,2610.6073048993353,2487.3235,2653.1420339704496,2509.644894062966,2550.4027960666845,60.204508832650845,2590.641388302877,2609.9242499903876,2571.358526615367,9.641430843755186,2.070845800722793,True
Los Feliz,2023-12-31,2596.0865850751757,2482.12,2672.33559238176,2511.039364912576,2555.7079879314333,40.378597143742354,2585.7353564921186,2605.018218181829,2566.452494802408,9.641430844855286,1.073619542460786,False
Los Feliz,2024-01-31,2599.62281838632,2522.2732,2667.2963960810744,2583.5026634536503,2592.8943566531375,6.728461733182485,2610.115269374821,2629.3981310657477,2590.832407683894,9.641430845463367,1.0882669954071469,False
Los Feliz,2024-02-29,2586.366457177294,2525.5183,2686.940801714923,2577.331198112956,2598.071186451361,-11.704729274067176,2605.11628239884,2624.399144091295,2585.8334207063854,9.641430846227482,1.9447139642593343,False
Los Feliz,2024-03-31,2586.897425190865,2552.6638,2686.234374622114,2574.710680914138,2604.982239313066,-18.08481412220135,2606.5524241889266,2625.8352858848507,2587.2695624930025,9.641430847961969,2.0385977234728054,True
Los Feliz,2024-04-30,2586.2588313910933,2552.8606,2687.2528825918175,2570.860878031508,2603.9513724568983,-17.692541065805017,2604.9744946961273,2624.2573564011577,2585.691632991097,9.641430852515319,1.9411707216403093,False
Los Feliz,2024-05-31,2614.9950263181336,2571.0532,2704.286998444427,2566.9306351560704,2613.564506942846,1.4305193752875311,2618.7329072642888,2638.015768993769,2599.4500455348084,9.641430864740158,0.3876894409882847,False
Los Feliz,2024-06-30,2636.9070097739395,2568.9766,2721.9606751240244,2563.3912754724984,2617.4741530689366,19.432856705002905,2627.724982920553,2647.0078447158826,2608.4421211252234,9.641430897664856,0.9523510505154298,False
Los Feliz,2024-07-31,2647.966126561565,2570.6938,2732.620668799266,2561.7068841759583,2620.8869845802665,27.07914198129856,2633.918150908582,2653.2010128813386,2614.6352889358254,9.64143098637819,1.4570425965046239,False
Los Feliz,2024-08-31,2641.7265019528045,2577.322,2746.3425434940295,2561.4422618873273,2627.3061076932077,14.420394259596833,2639.595539861479,2658.878402312328,2620.3126774106304,9.641431225424476,0.22102134416472394,False
Los Feliz,2024-09-30,2646.9036834055723,2583.436,2761.5264937122824,2564.3070667130455,2635.2142321395836,11.689451265988737,2646.2276610691006,2665.510524808225,2626.944797329976,9.641431869562108,0.07011638363641726,False
Los Feliz,2024-10-31,2644.987952064643,2542.4646,2763.666042026135,2568.3577083410346,2625.1733308331436,19.814621231499583,2634.7412660236455,2654.024133234179,2615.458398813112,9.641433605266647,1.0627761855635942,False
Los Feliz,2024-11-30,2625.3015136495055,2552.1057,2758.9759086722584,2572.7950638237726,2628.1494310646067,-2.847917415101165,2633.702850977302,2652.9857275419545,2614.41997441265,9.641438282326238,0.8713780115652899,False
Los Feliz,2024-12-31,2618.3260632485167,2546.102,2773.3547985348296,2575.744937755941,2632.2002460046856,-13.87418275616892,2635.84551131691,2655.1284130873205,2616.562609546499,9.641450885205401,1.8170966443551926,False
Los Feliz,2025-01-31,2640.738958853258,2535.8774,2723.168858929356,2634.7787178457925,2634.427262086774,6.311696766483692,2640.5568016536085,2659.839771343754,2621.273831963463,9.641484845072572,0.018893064957048154,False
Los Feliz,2025-02-28,2663.7337536056752,2526.377,2737.9818070128495,2627.0696030660547,2633.6270009988675,30.10675260680773,2642.1951448576074,2661.478297564323,2622.911992150892,9.641576353357664,2.233930213935171,True
Los Feliz,2025-03-31,2646.345207023765,2593.6946,2735.3214927687736,2622.510835232519,2651.1840069253253,-4.838799901560378,2656.7906530753826,2676.074298933256,2637.507007217509,9.641822928936758,1.0833476322652216,False
Los Feliz,2025-04-30,2632.186077454411,2559.5674,2736.604751033064,2621.8133437957863,2641.147032219491,-8.960954765079805,2646.4110347744318,2665.696009423681,2627.1260601251824,9.64248732462473,1.4752373351781263,False
Los Feliz,2025-05-31,2659.8119943751085,2600.4312,2755.4180708382196,2623.097572774244,2660.058043859072,-0.2460494839633611,2668.545845822742,2687.834400601918,2649.2572910435665,9.644277389587868,0.9055993607159124,False
Los Feliz,2025-06-30,2688.510503688723,2584.562,2774.40758039263,2624.5900596192473,2662.143471746433,26.36703194228994,2676.044800841122,2695.342999397904,2656.7466022843405,9.649099278390873,1.2919032621623754,False
Los Feliz,2025-07-31,2698.444301408787,2593.5647,2783.969552313854,2619.4755996088397,2666.1006048780996,32.34369653068734,2682.290093645146,2701.61425454494,2662.965932745352,9.662080449897024,1.6719181578635978,False
Los Feliz,2025-08-31,2682.9277944994715,2591.7444,2794.6157878361732,2615.1945994927414,2667.489265516252,15.438528983219385,2681.9167744743786,2701.310720975375,2662.5228279733824,9.696973250498203,0.10426140177279732,False
Los Feliz,2025-09-30,2687.186537518142,2582.5586,2807.336306889353,2611.6564623967456,2667.6367850503184,19.54975246782351,2680.04883398063,2699.6295880282873,2660.468079932973,9.790377023828535,0.7290529785368738,False
Los Feliz,2025-10-31,2678.5400926621446,2594.4568,2808.0847167625725,2612.478166641288,2671.7457081872376,6.7943844749070195,2680.352751274434,2700.428229363138,2660.27727318573,10.037739044352087,0.1805843529577986,False
Los Feliz,2025-11-30,2673.3064631526345,2612.1018,2801.0864404355457,2615.819498485978,2675.945660793687,-2.6391976410523057,2681.2021629251285,2702.5537493974675,2659.8505764527895,10.675793236169573,0.7395890488350332,False
Los Feliz,2025-12-31,2668.794811201853,2573.1956,2810.669216241571,2623.635156025741,2670.377381593126,-1.5825703912728386,2674.262931359525,2698.723969489903,2649.8018932291466,12.230519065189194,0.44708815088350884,False
Mar Vista,2022-01-31,2810.264665185173,2825.6462,2669.4636227897445,2800.9847328760097,2764.8849455631007,45.37971962207211,2810.302879311846,2812.2986405956926,2808.3071180279994,0.9978806419232975,0.03829528771758158,False
Mar Vista,2022-02-28,2851.5731276392826,2839.2742,2675.3195240961013,2796.9796807500416,2769.4109081987194,82.16221944056315,2844.4447340608135,2871.3028535517333,2817.5866145698938,13.429059745459783,0.5308185165808726,False
Mar Vista,2022-03-31,2860.791509356669,2871.836,2684.9380524557173,2792.5413761728832,2780.6805149132156,80.11099444345336,2867.379876647693,2894.955826759663,2839.803926535723,13.787975055985129,0.4778342910756717,False
Mar Vista,2022-04-30,2898.2476321220697,2888.961,2679.7004439363213,2791.920830186608,2783.8390925770677,114.408539545002,2898.7944798389058,2926.4089933205,2871.1799663573115,13.807256740797126,0.039605819367738215,False
Mar Vista,2022-05-31,2943.746333017937,2926.7297,2669.8913098764933,2796.3301060389613,2793.5218377791343,150.22449523880277,2938.1102945290395,2965.7269069570566,2910.4936821010224,13.808306214008512,0.40816291277624095,False
Mar Vista,2022-06-30,2955.5890244779644,2925.4358,2678.615232307059,2804.2037296894587,2798.935780475073,156.65324400289137,2958.9649227558693,2986.5816495059835,2931.348196005755,13.808363375057057,0.24448214344925645,False
Mar Vista,2022-07-31,2986.839400563588,2899.7559,2699.1763427509463,2812.769882204691,2801.22846239545,185.61093816813764,2985.199304643924,3012.8160376209894,2957.5825716668583,13.808366488532695,0.11877552061195965,False
Mar Vista,2022-08-31,3011.1169751211633,2904.712,2706.326071751941,2820.6903102411034,2808.0079258981423,203.10904922302095,3011.7904624260213,3039.4071957422602,2984.1737291097825,13.80836665811934,0.048773857259529624,False
Mar Vista,2022-09-30,3038.3039399081763,2883.1138,2702.1847322755234,2825.141919650464,2801.831357087327,236.4725828208493,3027.1215291909066,3054.7382625256196,2999.5047958561936,13.808366667356488,0.809828633505733,False
Mar Vista,2022-10-31,3026.311018371349,2881.481,2705.4775570076013,2826.0526895586,2802.769055270451,223.54196310089765,3021.4078880280786,3049.024621363798,2993.791154692359,13.80836666785962,0.35508401954099117,False
Mar Vista,2022-11-30,2999.6136440599253,2856.9326,2712.9484991116224,2823.458038302736,2796.938131866061,202.67551219386405,2996.5788131399468,3024.1955464757207,2968.962079804173,13.808366667887025,0.21978203438343927,False
Mar Vista,2022-12-31,2982.3438177651196,2792.7527,2709.839772861646,2817.7858926016097,2774.621727595235,207.72209016988472,2947.622101330857,2975.238834666634,2920.0053679950797,13.808366667888519,2.5145418892926026,True
Mar Vista,2023-01-31,2999.601077514034,2966.6472,2993.801974024164,2977.90652116408,2979.7944560276433,19.806621486390668,3038.7200711902924,3066.3368045260695,3011.1033378545153,13.8083666678886,2.8329920973854126,True
Mar Vista,2023-02-28,3035.0483691277955,2993.424,3030.245911111622,2974.6268072011044,2998.630624779925,36.417744347870666,3041.988931126283,3069.6056644620603,3014.372197790506,13.808366667888606,0.5026345374794897,False
Mar Vista,2023-03-31,3052.5016673500977,3002.3176,3042.059443484754,2972.1868048301576,3004.290255839078,48.21141151101983,3049.558621729061,3077.175355064838,3021.941888393284,13.808366667888606,0.21313495576195324,False
Mar Vista,2023-04-30,3043.3338992979607,2982.0525,3043.84772784253,2970.71666203383,2998.278176382106,45.05572291585531,3038.045574808088,3065.662308143865,3010.428841472311,13.808366667888606,0.38297972622213233,False
Mar Vista,2023-05-31,3020.869549296969,2992.6914,3057.305254834161,2969.810419948171,3005.571246494385,15.298302802584203,3026.520889113231,3054.137622449008,2998.904155777454,13.808366667888606,0.4092692458197439,False
Mar Vista,2023-06-30,3029.230329532478,3009.9758,3075.456693152952,2968.953401308827,3016.420814552953,12.809514979525376,3032.783616342064,3060.400349677841,3005.1668830062868,13.808366667888606,0.25732853801424144,False
Mar Vista,2023-07-31,3044.883950112654,3020.9412,3090.930082714174,2968.222946389804,3024.542942479802,20.34100763285187,3045.266608606726,3072.883341942503,3017.649875270949,13.808366667888606,0.027712075077266564,False
Mar Vista,2023-08-31,3055.5356806030477,3019.3044,3108.2159751760923,2967.6994414547744,3029.573273055483,25.962407547564908,3055.6213945750087,3083.238127910786,3028.0046612392316,13.808366667888606,0.006207393963419822,False
Mar Vista,2023-09-30,3065.793876545469,3013.8384,3121.5267727765467,2967.1472244258825,3032.134265906072,33.659610639397215,3063.722683359913,3091.33941669569,3036.105950024136,13.808366667888606,0.14999552328465102,False
Mar Vista,2023-10-31,3073.7409066311134,3037.4412,3116.54437818437,2966.5715197136788,3037.330427595526,36.41047903558729,3069.2435682020546,3096.8603015378317,3041.6268348662775,13.808366667888606,0.32569662538440597,False
Mar Vista,2023-11-30,3060.562410395754,3047.7112,3105.243606383596,2965.977906355369,3036.445502147828,24.11690824792595,3057.3583982198465,3084.9751315556236,3029.7416648840695,13.808366667888606,0.23203411747733602,False
Mar Vista,2023-12-31,3044.195883748184,3037.4417,3121.6964462108535,2965.4718667831257,3038.626104157498,5.569779590685812,3040.4705760518896,3068.0873093876667,3012.8538427161125,13.808366667888606,0.2697862667754648,False
Mar Vista,2024-01-31,3028.84963064393,2995.7957,3140.153581604151,3057.2449960542367,3066.2783937661948,-37.42876312226463,3039.6735621137746,3067.2902954495516,3012.0568287779975,13.808366667888606,0.7838676160864714,False
Mar Vista,2024-02-29,3043.11336266875,2995.4875,3183.226444439612,3048.3347226981177,3077.1221676525415,-34.00880498379138,3049.324303262816,3076.941036598593,3021.707569927039,13.808366667888606,0.4497954565482074,False
Mar Vista,2024-03-31,3072.941720462444,3019.3213,3195.2595428294185,3042.5333852398476,3086.0755383007527,-13.13381783830846,3072.724714217907,3100.3414475536842,3045.10798088213,13.808366667888606,0.015715562137016057,False
Mar Vista,2024-04-30,3090.6562238018896,3029.3506,3191.4066671444484,3035.363670170157,3085.1440046932485,5.512219108641148,3085.6937668876226,3113.3105002233997,3058.0770335518455,13.808366667888606,0.35938044158498667,False
Mar Vista,2024-05-31,3096.144923780874,3036.4832,3199.0991739188757,3028.361326216652,3087.224658692337,8.92026508853678,3089.1788018883717,3116.795535224149,3061.5620685525946,13.808366667888606,0.5044855814596064,False
Mar Vista,2024-06-30,3075.258898073624,3036.052,3214.8223867981783,3024.042758796695,3090.692817698769,-15.43391962514488,3076.5096099182965,3104.1263432540736,3048.8928765825194,13.808366667888606,0.09057637835437796,False
Mar Vista,2024-07-31,3061.835781976234,3029.2842,3228.8798202325415,3018.55517727193,3091.282854136482,-29.4470721602479,3064.1117739989872,3091.7285073347643,3036.49504066321,13.808366667888606,0.16482702667489987,False
Mar Vista,2024-08-31,3058.02000213755,3034.1262,3245.0919735954008,3014.569933577722,3096.612606643191,-38.59260450564125,3062.18494089095,3089.8016742267273,3034.568207555173,13.808366667888606,0.30162428696723603,False
Mar Vista,2024-09-30,3072.244609467607,3044.1877,3259.1246635263255,3015.0742380124007,3104.445778544548,-32.201169076940914,3073.2494629968114,3100.8661963325885,3045.6327296610343,13.808366667888606,0.07277135324147256,False
Mar Vista,2024-10-31,3077.595811723638,3031.6963,3255.051952512672,3020.339595276508,3101.3159709574647,-23.72015923382696,3075.8813763942208,3103.498109729998,3048.2646430584437,13.808366667888606,0.12415916881482883,False
Mar Vista,2024-11-30,3079.1257836344193,3022.0056,3242.153960979245,3026.9868439606607,3096.6183741448754,-17.49259051045601,3072.6282971771193,3100.2450305128964,3045.011563841342,13.808366667888606,0.4705470682281712,False
Mar Vista,2024-12-31,3055.5557363869034,3012.968,3257.100183109441,3034.2075366120876,3101.53203845389,-45.97630206698659,3062.624840895472,3090.241574231249,3035.008107559695,13.808366667888606,0.5119435682345006,False
Mar Vista,2025-01-31,3068.8955474498516,3001.322,3190.2379565136725,3126.507039494567,3110.1469736212257,-41.25142617137408,3074.123713008684,3101.740446344461,3046.5069796729067,13.808366667888626,0.3786230247784529,False
Mar Vista,2025-02-28,3094.51002537014,3000.4165,3225.765437028607,3124.3386241482076,3120.8160160792313,-26.305990709091475,3100.8419916114262,3128.4587249472042,3073.2252582756482,13.808366667888977,0.45856011713721667,False
Mar Vista,2025-03-31,3164.284718363292,3061.1978,3241.3277777735793,3125.3974886807528,3144.523525456714,19.76119290657789,3156.543570774729,3184.1603041105195,3128.926837438938,13.808366667895406,0.5606128348949067,False
Mar Vista,2025-04-30,3168.3196594630526,3036.9507,3242.197683819593,3127.796424018462,3138.4509219965175,29.868737466535094,3162.9716750407274,3190.588408376754,3135.3549417047007,13.808366668013445,0.3873002902537796,False
Mar Vista,2025-05-31,3182.365004293344,3071.76,3248.025928288621,3130.503593246039,3151.787022675033,30.57798161831124,3175.3414625107607,3202.9581958511217,3147.7247291703998,13.808366670180577,0.5086439218524236,False
Mar Vista,2025-06-30,3149.6986505372124,3062.511,3257.3726329030615,3132.186803336169,3152.734993013676,-3.0363424764636875,3157.6367958313785,3185.2535292513135,3130.0200624114436,13.808366709967355,0.5748793796653237,False
Mar Vista,2025-07-31,3167.675447670227,3074.2898,3265.266705408895,3131.769306440676,3158.711001552486,8.964446117741318,3164.9495989617203,3192.566333842562,3137.3328640808786,13.80836744042079,0.19740557443116183,False
Mar Vista,2025-08-31,3153.2868491871836,3072.0337,3277.4880997569444,3130.097444403524,3161.4567125409867,-8.169863353803066,3162.1680116941784,3189.7847733960884,3134.5512499922684,13.808380850955071,0.6431718965767644,False
Mar Vista,2025-09-30,3187.681908201884,3061.1426,3290.9147318293044,3128.049120841022,3161.8797876322888,25.802120569595445,3179.4278778687208,3207.0451319793806,3151.810623758061,13.808627055329861,0.5977444603372127,False
Mar Vista,2025-10-31,3179.274286039494,3075.3843,3290.0180066710423,3125.3663068655387,3164.8471199072233,14.42716613227094,3178.4471240630523,3206.073416845035,3150.82083128107,13.813146390991214,0.05988222758447715,False
Mar Vista,2025-11-30,3177.675953565589,3084.254,3278.401298320246,3122.6820617181957,3162.664548017927,15.011405547662434,3170.233549096123,3198.0252622608637,3142.4418359313827,13.895856582370225,0.5355844326684002,False
Mar Vista,2025-12-31,3130.157423982606,3061.9343,3285.7547693420206,3119.3771186017248,3157.1979273705,-27.040503387894205,3139.994842959484,3170.6653993363047,3109.324286582663,15.335278188410374,0.6414894369440001,False
Mid-Wilshire,2022-01-31,2715.14796657889,2759.334,2590.6661365155346,2693.1164157998487,2679.0492963350575,36.09867024383266,2715.164536691699,2717.1618677004644,2713.167205682934,0.9986655043826115,0.016592254934519646,False
Mid-Wilshire,2022-02-28,2747.6569782700676,2759.2158,2607.2381801741726,2698.0894553588355,2686.334153456005,61.32282481406264,2746.0470161474,2780.460635880777,2711.633396414023,17.206809866688346,0.09356540429082112,False
Mid-Wilshire,2022-03-31,2772.5945178377165,2803.8347,2603.816298277504,2700.548897714899,2699.45365278393,73.14086505378646,2777.920055899522,2813.0699501614213,2742.770161637623,17.574947130949553,0.30301872427241566,False
Mid-Wilshire,2022-04-30,2814.0379061049925,2799.1758,2589.5034978376807,2703.7670903581975,2694.5222534038285,119.51565270116409,2807.7657680736156,2842.9472631349495,2772.5842730122818,17.590747530667006,0.356558924905081,False
Mid-Wilshire,2022-05-31,2827.6478065754613,2808.864,2585.7453753097175,2708.850837919086,2698.0599880882473,129.587818487214,2827.208896803771,2862.391762495937,2792.026031111605,17.59143284608315,0.0249502002071724,False
Mid-Wilshire,2022-06-30,2839.391424109584,2780.5747,2602.1279786250584,2715.2984195310523,2697.4064746265444,141.9849494830396,2841.14017806719,2876.323103234794,2805.957252899586,17.591462583802077,0.09940924174332408,False
Mid-Wilshire,2022-07-31,2854.120706035129,2713.3608,2630.006004190223,2721.9408205104996,2688.9878508873653,165.13285514776362,2852.5680302397773,2887.7509579882344,2817.38510249132,17.591463874228495,0.08826302379210757,False
Mid-Wilshire,2022-08-31,2875.0062926265005,2694.3606,2651.4697902631797,2727.315643339066,2692.3934815604252,182.6128110660752,2871.1484190075676,2906.331346868017,2835.965491147118,17.591463930224783,0.21930372776488796,False
Mid-Wilshire,2022-09-30,2873.829744997573,2680.5117,2656.30764398587,2730.4901142509075,2691.028430401097,182.8013145964765,2873.350489000731,2908.5334168660406,2838.1675611354217,17.59146393265467,0.027243667633583785,False
Mid-Wilshire,2022-10-31,2859.3778884273615,2636.4758,2649.5970065449333,2731.058050791997,2675.855699337454,183.52218908990744,2860.3028853481474,2895.4858132136674,2825.1199574826273,17.59146393276011,0.05258214573816096,False
Mid-Wilshire,2022-11-30,2869.6676276014127,2628.9233,2647.878284733628,2728.7570831821113,2672.1771797859005,197.4904478155122,2861.5326399588794,2896.715567824409,2826.34971209335,17.591463932764682,0.46243949161941444,False
Mid-Wilshire,2022-12-31,2894.2793145473634,2632.674,2664.405949499286,2723.893076431908,2676.9593809814723,217.319933565891,2846.746423643708,2881.9293515092377,2811.5634957781785,17.591463932764885,2.7020429373193147,True
Mid-Wilshire,2023-01-31,2893.07647300204,2989.5105,2982.2663137880145,2815.7904329348585,2922.752505535501,-29.676032533460784,2929.9533455224027,2965.1362733879323,2894.770417656873,17.591463932764885,2.096293556940131,True
Mid-Wilshire,2023-02-28,2881.975091240094,2986.7024,3025.736086880161,2813.5023055412994,2935.433613352861,-53.45852211276679,2891.0040232125207,2926.1869510780502,2855.821095346991,17.591463932764885,0.5132564294707281,False
Mid-Wilshire,2023-03-31,2861.1299663571517,2974.5146,3044.3431686337026,2811.256709693702,2937.10826664379,-75.97830028663839,2868.21465322732,2903.3975810928496,2833.0317253617904,17.591463932764885,0.402734354185578,False
Mid-Wilshire,2023-04-30,2866.8750978383523,2963.7935,3051.261679023219,2809.448212986228,2935.519845230537,-68.64474739218485,2863.478737061521,2898.6616649270504,2828.2958091959913,17.591463932764885,0.1930686830773011,False
Mid-Wilshire,2023-05-31,2850.2922341068515,2946.066,3067.399564018864,2808.093523034644,2935.052262227147,-84.76002812029537,2849.644630193576,2884.8275580591057,2814.4617023280466,17.591463932764885,0.03681353157317594,False
Mid-Wilshire,2023-06-30,2846.6095615748677,2957.7114,3092.5491535432952,2807.141172053905,2946.493814920528,-99.88425334566044,2845.7711371551272,2880.954065020657,2810.5882092895977,17.591463932764885,0.047660866797007456,False
Mid-Wilshire,2023-07-31,2833.9488197921487,2961.9978,3123.205583661129,2806.5641206052246,2957.694574687203,-123.74575489505423,2839.134185278862,2874.3171131443914,2803.9512574133323,17.591463932764885,0.2947660014870932,False
Mid-Wilshire,2023-08-31,2840.9211732273193,2935.9348,3153.02636730894,2806.2894156637476,2959.657840917728,-118.73666769040892,2838.861557325472,2874.0444851910015,2803.6786294599424,17.591463932764885,0.11708041516888237,False
Mid-Wilshire,2023-09-30,2841.0683031431067,2947.7075,3168.7630245560695,2806.143397066947,2968.324874646069,-127.25657150296227,2839.0956888829655,2874.278616748495,2803.912761017436,17.591463932764885,0.11213474140408349,False
Mid-Wilshire,2023-10-31,2829.446067438184,2957.2253,3167.052888542313,2806.157600509922,2970.610328959623,-141.16426152143913,2827.0130050847038,2862.1959329502333,2791.830077219174,17.591463932764885,0.13830925961570498,False
Mid-Wilshire,2023-11-30,2795.3758405046856,2926.996,3171.0586118625833,2806.137747202942,2962.8896179000512,-167.51377739536565,2797.6035157766296,2832.786443642159,2762.4205879111,17.591463932764885,0.12663387647508545,False
Mid-Wilshire,2023-12-31,2751.970723808199,2884.706,3209.108903752442,2805.8311013968346,2962.709960665943,-210.7392368577439,2782.4377482235814,2817.620676089111,2747.254820358052,17.591463932764885,1.7319209199705536,False
Mid-Wilshire,2024-01-31,2749.2909890534797,2773.0466,2998.180337685029,2734.7572894010596,2833.275427011466,-83.9844379579863,2729.6868148359417,2764.8697427014713,2694.503886970412,17.591463932764885,1.1144140295157707,False
Mid-Wilshire,2024-02-29,2758.5472707247563,2796.12,3039.4457330561354,2712.263838675158,2845.4793773922006,-86.93210666744426,2759.5889866590715,2794.771914524601,2724.406058793542,17.591463932764885,0.059217125857427555,False
Mid-Wilshire,2024-03-31,2784.7550325929424,2825.2854,3037.4818651622377,2695.6938525268743,2847.410374332928,-62.65534173998549,2782.35253798227,2817.5354658477995,2747.1696101167404,17.591463932764885,0.13657161328295997,False
Mid-Wilshire,2024-04-30,2792.464097853209,2826.4092,3029.406105692144,2686.098159235368,2841.521791093691,-49.05769324048197,2790.067841742645,2825.250769608175,2754.8849138771157,17.591463932764885,0.1362169810517204,False
Mid-Wilshire,2024-05-31,2799.970081530058,2835.8708,3039.010482863609,2683.586628678416,2846.59452306403,-46.624441533972,2801.534563836883,2836.7174917024126,2766.3516359713535,17.591463932764885,0.08893417352388874,False
Mid-Wilshire,2024-06-30,2822.6689712229986,2851.8171,3050.307178578322,2685.8189580375765,2855.9229112006337,-33.25393997763513,2821.964183550569,2857.1471114160986,2786.7812556850395,17.591463932764885,0.04006418537551241,False
Mid-Wilshire,2024-07-31,2841.549440738074,2864.3186,3059.4137702704493,2689.5868489657514,2864.0664537463335,-22.51701300825971,2839.0883803214183,2874.271308186948,2803.9054524558887,17.591463932764885,0.13990083057685065,False
Mid-Wilshire,2024-08-31,2852.88730200072,2856.732,3077.8970734803434,2693.5898395138256,2869.3908849009467,-16.503582900226775,2845.9885845072363,2881.171512372766,2810.8056566417067,17.591463932764885,0.39216278508310365,False
Mid-Wilshire,2024-09-30,2823.084700872034,2857.8245,3089.412210515699,2696.955523713988,2874.770671707107,-51.68597083507302,2832.187163701575,2867.3700915671047,2797.0042358360456,17.591463932764885,0.5174363463528014,False
Mid-Wilshire,2024-10-31,2830.914875910445,2831.5193,3072.2576961621576,2699.027175217651,2862.003775617425,-31.0888997069801,2827.6267077672287,2862.8096356327583,2792.443779901699,17.591463932764885,0.18691839143772507,False
Mid-Wilshire,2024-11-30,2817.702203953145,2834.3289,3056.6369564992424,2700.1931602742206,2858.112501705274,-40.41029775212928,2822.0483767677397,2857.2313046332692,2786.86544890221,17.591463932764885,0.24706146280579358,False
Mid-Wilshire,2024-12-31,2850.7311139703916,2851.9248,3092.012699194091,2701.8342642853363,2875.674026950815,-24.942912980423444,2850.9996849428017,2886.182612808331,2815.816757077272,17.591463932764885,0.01526711894381867,False
Mid-Wilshire,2025-01-31,2861.63916809483,2791.9858,2969.244041290836,2865.372637769055,2877.7661610637624,-16.126992968932427,2865.289682977261,2900.4726108427903,2830.106755111731,17.591463932764885,0.20751626438299933,False
Mid-Wilshire,2025-02-28,2901.6589824887164,2781.9465,2992.365102124978,2861.0552750570264,2880.8075784924154,20.851403996301087,2891.5126967129413,2926.6956245784713,2856.3297688474113,17.591463932764928,0.5767732468876268,False
Mid-Wilshire,2025-03-31,2909.1650213377548,2845.345,2996.7683154223514,2860.4567833873725,2900.9949706671814,8.170050670573346,2904.3533648735565,2939.5362927390884,2869.1704370080247,17.591463932765883,0.27352223100095735,False
Mid-Wilshire,2025-04-30,2881.339358487048,2817.019,2995.4459348859455,2862.807104303818,2892.960289369688,-11.620930882640096,2874.4945642804573,2909.6774921460333,2839.3116364148814,17.59146393278792,0.38909747527843763,False
Mid-Wilshire,2025-05-31,2839.7338430122145,2864.4731,3001.606847145011,2865.9543599220424,2910.349709668309,-70.61586665609457,2849.4651299597112,2884.6480578263026,2814.28220209312,17.591463933295728,0.553182326318296,False
Mid-Wilshire,2025-06-30,2831.06521447498,2852.6975,3013.1885012501975,2868.788351965166,2911.707424132082,-80.64220965710183,2837.6836544652265,2872.866582355223,2802.50072657523,17.591463944998104,0.3762301993272071,False
Mid-Wilshire,2025-07-31,2850.9306839450674,2857.3826,3028.0339147117174,2870.55455347557,2918.6694295323005,-67.7387455872331,2851.420146745575,2886.6030751749304,2816.2372183162197,17.591464214677725,0.02782388061938875,False
Mid-Wilshire,2025-08-31,2869.4986132962135,2857.2483,3042.646301353031,2870.877676175906,2923.578933352285,-54.08032005607129,2864.5768415947173,2899.7597824535274,2829.393900735907,17.591470429404936,0.2797817111679007,False
Mid-Wilshire,2025-09-30,2855.3977248287315,2843.177,3045.4823556196743,2869.4330329612626,2919.774335953382,-64.37661112465048,2854.2107233109314,2889.3939506035276,2819.027496018335,17.591613646298132,0.06747541987856001,False
Mid-Wilshire,2025-10-31,2840.689177968033,2849.441,3032.443938691689,2865.950994764,2916.047249229003,-75.35807126096961,2840.3506449824386,2875.5404724548093,2805.160817510068,17.5949137361853,0.019240389039588635,False
Mid-Wilshire,2025-11-30,2819.0813081645774,2847.6096,3024.3127899509827,2861.408155208414,2911.1289560500772,-92.04764788549984,2824.280776290774,2859.6223624647973,2788.939190116751,17.670793087011525,0.29424079030590117,False
Mid-Wilshire,2025-12-31,2822.822514780627,2807.9382,3043.700064044348,2856.0313867219993,2903.6848508387857,-80.86233605815869,2821.32934529163,2860.003551643718,2782.655138939542,19.337103176043875,0.07721784771126508,False
Palms,2022-01-31,2396.366444537334,2476.5947,2254.966724398836,2384.594926559877,2369.252374435842,27.11407010149196,2396.3808073909404,2398.3769303707877,2394.384684411093,0.9980614899235751,0.014390750076722483,False
Palms,2022-02-28,2409.480910767149,2488.4487,2256.8015414134065,2380.7309049409123,2371.971113599596,37.50979716755319,2408.575142447154,2435.7765048863057,2381.3737800080025,13.600681219575693,0.066597275879477,False
Palms,2022-03-31,2421.6933441234783,2520.2712,2259.7572655281706,2375.2512578169585,2380.431574802505,41.261769320973144,2424.8453655369385,2453.0950454708077,2396.5956856030693,14.124839966934669,0.22315448660709736,False
Palms,2022-04-30,2433.858890069356,2524.7139,2258.1832156104833,2372.4199490825076,2380.1904851539293,53.66840491542689,2438.2110438539057,2466.541876295006,2409.8802114128052,14.165416220550306,0.307237974071195,False
Palms,2022-05-31,2468.036971783568,2556.7312,2261.3477528731382,2373.6658376040596,2391.2700246818576,76.76694710171023,2470.901567891271,2499.238800578914,2442.564335203628,14.168616343821343,0.20217895919883305,False
Palms,2022-06-30,2508.8123755433603,2570.9336,2276.6505006876805,2378.3462383944234,2402.308216849056,106.50415869430437,2508.819135505344,2537.156873680058,2480.48139733063,14.168869087357141,0.00047709961446747786,False
Palms,2022-07-31,2546.2517657957737,2571.4167,2296.212136063082,2384.3034152308924,2411.125634891056,135.12613090471768,2544.5283615051603,2572.8661396073767,2516.190583402944,14.168889051108273,0.12163298640991785,False
Palms,2022-08-31,2572.246813081917,2549.9504,2307.234267614409,2390.5818190215887,2410.677419724034,161.5693933578832,2567.8023739415744,2596.1401551976196,2539.464592685529,14.168890628022558,0.3136758730013681,False
Palms,2022-09-30,2584.487796596936,2531.3313,2310.1719485187737,2393.9174185870843,2407.317883218521,177.169913378415,2579.9911228819956,2608.328904387158,2551.653341376833,14.168890752581335,0.3173624379133137,False
Palms,2022-10-31,2591.575022133839,2520.9277,2309.3358747451884,2394.2047264837997,2404.0377022207276,187.53731991311133,2583.9892185199246,2612.3270000447646,2555.6514369950846,14.168890762420101,0.5353844373393132,False
Palms,2022-11-30,2587.9828174412,2514.9653,2302.32576500561,2391.5631994151727,2398.9593831550214,189.0234342861786,2572.2378274494627,2600.575608975857,2543.9000459230683,14.168890763197252,1.1112365988113606,False
Palms,2022-12-31,2567.8905269382044,2494.871,2289.5750045306463,2386.4599905580376,2386.846615638631,181.0439112995732,2524.4947599409397,2552.832541467457,2496.1569784144226,14.168890763258638,3.062749772845082,True
Palms,2023-01-31,2563.0930671789192,2710.466,2533.551654001922,2530.295709852104,2585.2358944497414,-22.14282727082218,2607.4428834156915,2635.7806649422187,2579.1051018891644,14.168890763263489,3.130083853879362,True
Palms,2023-02-28,2561.92035439218,2726.2632,2557.345912378394,2524.7834256074425,2595.7812265431057,-33.86087215092584,2584.1125448532466,2612.450326379774,2555.774763326719,14.168890763263875,1.5662616655174233,False
Palms,2023-03-31,2596.060453667148,2732.0059,2561.533851273603,2520.3075570089673,2597.2240266109948,-1.1635729438467024,2592.4942012391525,2620.8319827656806,2564.1564197126245,14.168890763263905,0.2516959503086097,False
Palms,2023-04-30,2595.6141657427797,2751.1604,2560.887792903409,2517.47900471374,2601.6889552198177,-6.074789477037939,2597.3391515987946,2625.6769331253226,2569.0013700722666,14.168890763263907,0.12174459409835081,False
Palms,2023-05-31,2605.757484951191,2726.6245,2578.610668959206,2516.2410553973764,2599.75307399872,6.004410952471062,2598.955781201791,2627.293562728319,2570.617999675263,14.168890763263905,0.4800448996497737,False
Palms,2023-06-30,2598.216656168955,2730.2246,2606.1830148319905,2515.7395540168036,2609.757243432769,-11.540587263813904,2600.0031816015585,2628.3409631280865,2571.6654000750304,14.168890763263907,0.12608788233264592,False
Palms,2023-07-31,2610.4143761262926,2761.329,2628.3829275158555,2515.5626742471463,2626.328622590492,-15.91424646419955,2610.9034606447185,2639.2412421712465,2582.5656791181905,14.168890763263905,0.03451819385528609,False
Palms,2023-08-31,2612.0822177618443,2771.7253,2645.2627159351546,2515.548465655739,2635.010848887913,-22.92863112606892,2614.814081327897,2643.151862854425,2586.476299801369,14.168890763263907,0.192807158285641,False
Palms,2023-09-30,2624.335811225057,2774.6543,2658.145385876518,2515.4926078728704,2640.1240129154794,-15.788201690422284,2620.1799170608056,2648.5176985873336,2591.8421355342775,14.168890763263905,0.29331118651105315,False
Palms,2023-10-31,2612.880292428429,2775.575,2656.960039862556,2515.4627436970113,2639.9964011008724,-27.11610867244326,2612.6617091648495,2640.9994906913776,2584.3239276383215,14.168890763263907,0.015426984869702046,False
Palms,2023-11-30,2597.24039326374,2765.8787,2645.426860455321,2515.1844478710505,2633.182327562132,-35.94193429839197,2598.0550345005504,2626.3928160270784,2569.7172529740224,14.168890763263905,0.057495060823513695,False
Palms,2023-12-31,2577.056037231609,2740.7812,2649.7404585263644,2514.541289722635,2626.866655708346,-49.81061847673709,2585.445000137719,2613.782781664247,2557.107218611191,14.168890763263907,0.5920691351463888,False
Palms,2024-01-31,2572.618985881258,2555.1047,2670.295190144465,2586.483610704574,2604.805367942573,-32.186382061314816,2572.517820225685,2600.8556017522133,2544.180038699157,14.168890763263905,0.00713998415202752,False
Palms,2024-02-29,2586.7843194346046,2555.5103,2700.612975335423,2575.0931455403543,2610.727598795323,-23.943279360718407,2587.3881012113097,2615.7258827378378,2559.0503196847817,14.168890763263907,0.04261320002864314,False
Palms,2024-03-31,2602.1240086256807,2583.128,2706.332224476045,2566.287670180368,2617.6122106764915,-15.488202050810742,2604.331201947247,2632.668983473775,2575.993420420719,14.168890763263905,0.15577742512709727,False
Palms,2024-04-30,2621.0789432948013,2586.4414,2706.5580582755774,2552.556245362258,2613.58992444986,7.489018844941256,2614.4267402915934,2642.7645218181215,2586.0889587650654,14.168890763263907,0.4694935623161349,False
Palms,2024-05-31,2620.439461870065,2593.164,2722.966981614341,2533.853975788491,2614.0942655310055,6.345196339059385,2616.814578765148,2645.152360291676,2588.47679723862,14.168890763263905,0.25583393668027915,False
Palms,2024-06-30,2607.418197428363,2592.1138,2744.3586446103013,2514.656408197873,2613.7383110114833,-6.320113583120474,2611.6754570957414,2640.0132386222695,2583.3376755692134,14.168890763263907,0.3004652753348777,False
Palms,2024-07-31,2614.2635580774536,2595.5642,2759.9289546180544,2502.465087401714,2615.399512903493,-1.135954826039324,2616.383184892892,2644.72096641942,2588.045403366364,14.168890763263905,0.14959723025306937,False
Palms,2024-08-31,2624.8417479169707,2596.4739,2775.667002825938,2496.522839902237,2618.67187728419,6.169870632780658,2626.600363902637,2654.938145429165,2598.262582376109,14.168890763263907,0.12411811297076772,False
Palms,2024-09-30,2650.1538860286587,2602.6926,2788.7868420147847,2497.91133151408,2625.382061517354,24.771824511304654,2643.4897023272056,2671.8274838537336,2615.1519208006775,14.168890763263905,0.47033912591295735,False
Palms,2024-10-31,2640.782730710924,2586.2278,2783.4335751968865,2503.2077276974765,2620.652589111115,20.13014159980912,2636.683022762253,2665.020804288781,2608.345241235725,14.168890763263908,0.2893457232662851,False
Palms,2024-11-30,2626.2773836899764,2590.3115,2768.0766419450515,2514.998696328443,2621.1659907246467,5.111392965329742,2627.5792837008457,2655.9170652273738,2599.2415021743177,14.168890763263914,0.09188439883564722,False
Palms,2024-12-31,2621.119170497035,2576.9502,2776.3538676826433,2531.108298231836,2625.876037136649,-4.7568666396136905,2625.0665647567434,2653.4043462832715,2596.7287832302154,14.168890763264024,0.27859585643477625,False
Palms,2025-01-31,2645.1712977098623,2557.0881,2716.6679816221304,2661.314245344707,2648.4511115626938,-3.279813852831466,2647.6786812698406,2676.0164627963713,2619.34089974331,14.168890763265392,0.17696399810698962,False
Palms,2025-02-28,2663.1765015767605,2553.3699,2740.1046628338313,2658.3818561683097,2653.9997531621316,9.176748414628946,2657.8757923015496,2686.213573828115,2629.5380107749843,14.168890763282732,0.37410898002023485,False
Palms,2025-03-31,2671.230673969042,2609.8274,2748.764391571322,2658.0171258908476,2673.605599289964,-2.3749253209221024,2672.3813657501855,2700.71914727719,2644.043584223181,14.168890763502239,0.08121255217066119,False
Palms,2025-04-30,2664.507664924721,2576.8147,2752.4643084166332,2659.5453045993913,2665.525226451336,-1.017561526614827,2661.3170025715217,2689.6547841040842,2632.979221038959,14.168890766281212,0.22518787134280807,False
Palms,2025-05-31,2666.0189605552077,2608.5522,2765.0077122303674,2661.143665221579,2679.751771973108,-13.732811417900392,2666.6914856083517,2695.029267211278,2638.3537040054257,14.168890801462982,0.04746490477574365,False
Palms,2025-06-30,2660.561415608639,2605.1392,2779.7409188143506,2662.587687254746,2684.136301048093,-23.574885439454192,2663.460819373372,2691.7986018671004,2635.1230368796437,14.168891246864254,0.20463166186898413,False
Palms,2025-07-31,2662.334645357212,2603.9795,2792.67798234303,2662.3250277566763,2687.9684601157105,-25.633814758498374,2665.0101901942803,2693.347983965567,2636.6723964229936,14.168896885643425,0.18883226102738,False
Palms,2025-08-31,2672.344715378664,2613.4478,2808.917672081437,2661.758906857778,2695.957189503437,-23.61247412477269,2675.6368306738227,2703.974767218618,2647.2988941290273,14.168968272397723,0.23234686037432545,False
Palms,2025-09-30,2687.5457703996253,2596.5962,2822.2149863818636,2661.2968594206627,2695.1432779142856,-7.597507514660265,2683.515488401908,2711.8552323972285,2655.1757444065875,14.169871997660302,0.28442613987893106,False
Palms,2025-10-31,2689.156238236012,2608.7192,2817.7538671633506,2660.689914611507,2697.068148157998,-7.91190992198608,2686.7206784331615,2715.083294793834,2658.3580620724892,14.181308180336146,0.1717443673151579,False
Palms,2025-11-30,2683.5827221991053,2620.465,2802.8225800435584,2660.531966792685,2695.585824454407,-12.00310225530211,2682.0393410577035,2710.689942766179,2653.388739349228,14.325300854237637,0.10773813101927888,False
Palms,2025-12-31,2665.558292275097,2594.4556,2805.3528047027075,2659.9347272904965,2688.4250713583747,-22.866779083277834,2668.8410815625034,2700.914764984592,2636.767398140415,16.0368417110441,0.2047029798329161,False
Santa Monica,2022-01-31,3223.886939663373,3167.9978,3088.435074659127,3237.4001049062545,3167.4130104088554,56.47392925451777,3223.916636367285,3225.910705839162,3221.9225668954077,0.9970347359385641,0.02978502407527719,False
Santa Monica,2022-02-28,3253.0675864324858,3222.352,3092.805030278072,3229.888378361566,3182.3241495552184,70.74343687726741,3257.0450805064997,3279.9985875215366,3234.091573491463,11.476753507518533,0.346569617265247,False
Santa Monica,2022-03-31,3297.1193454048102,3263.265,3098.884458957905,3220.7261871653027,3193.170432834512,103.94891257029848,3297.4562534537968,3320.933446856058,3273.9790600515357,11.738596701130417,0.028700879438771646,False
Santa Monica,2022-04-30,3332.0669763503925,3278.9365,3092.5497103083717,3216.810711687861,3194.311048545109,137.7559278052836,3329.1229400541583,3352.624201806628,3305.6216783016885,11.750630876234869,0.25054282827340546,False
Santa Monica,2022-05-31,3353.696575192056,3284.54,3085.132700523864,3220.333974784397,3194.8400554659174,158.85651972613869,3351.7788347266605,3375.2812150978316,3328.2764543554895,11.751190185585582,0.16319542390829436,False
Santa Monica,2022-06-30,3372.39359873373,3265.3264,3098.563598553041,3229.2633241660797,3196.8436766053037,175.54992212842626,3370.4381293529054,3393.940561740417,3346.935696965394,11.751216193755711,0.16640570192211704,False
Santa Monica,2022-07-31,3390.9774681109516,3248.6836,3130.878813188061,3239.3479485168773,3206.285867421348,184.69160068960355,3390.9571407485096,3414.459575554865,3367.4547059421543,11.75121740317761,0.0017298090680552597,False
Santa Monica,2022-08-31,3398.48114179733,3193.948,3157.592332270071,3248.479085865545,3202.134942078865,196.34619971846496,3397.825043072903,3421.3274779917388,3374.3226081540674,11.751217459417743,0.055832404270833365,False
Santa Monica,2022-09-30,3409.419472993901,3192.4253,3166.4904330655168,3252.2529610225724,3206.019092410206,203.40038058369464,3410.85620537708,3434.3586403011464,3387.353770453014,11.751217462033,0.12226242826316898,False
Santa Monica,2022-10-31,3425.8007999435613,3194.778,3163.528700913219,3250.697251423525,3205.167103956381,220.6336959871801,3423.250152004531,3446.75258692884,3399.747717080222,11.751217462154614,0.21705393037564527,False
Santa Monica,2022-11-30,3433.9724923955696,3191.0571,3152.7380993691204,3244.7011485648363,3198.266439046754,235.7060533488157,3422.3185556551853,3445.8209905795056,3398.816120730865,11.75121746216027,0.9917216465437378,False
Santa Monica,2022-12-31,3407.3387300432805,3181.3406,3136.3964742798735,3235.366819131995,3186.501683657429,220.8370463858514,3383.274790639336,3406.7772255636573,3359.772355715015,11.751217462160536,2.047782662601014,True
Santa Monica,2023-01-31,3408.255473742664,3228.0203,3386.8004652015,3377.5043155982007,3335.887078179592,72.36839556307223,3436.72800222467,3460.2304371489913,3413.2255673003488,11.751217462160549,2.422942860980954,True
Santa Monica,2023-02-28,3432.31939327619,3265.7234,3419.69465269445,3370.646669290143,3355.490836595048,76.82855668114235,3441.6302274171708,3465.132662341492,3418.1277924928495,11.751217462160549,0.7923293193270121,False
Santa Monica,2023-03-31,3471.6081299106413,3282.7778,3436.911313284282,3365.1212199823863,3364.2330048041013,107.37512510654004,3462.234190178248,3485.736625102569,3438.7317552539266,11.751217462160549,0.7976994515335049,False
Santa Monica,2023-04-30,3452.8140255643084,3304.0308,3438.8045236614053,3361.801635512957,3369.982698667432,82.83132689687636,3453.102313833348,3476.6047487576693,3429.5998789090268,11.751217462160549,0.024532629893252757,False
Santa Monica,2023-05-31,3433.1126179215867,3284.2349,3446.8469714987714,3360.456550023018,3366.2244593370187,66.88815858456792,3435.284975801364,3458.7874107256853,3411.7825408770427,11.751217462160549,0.18486236723333593,False
Santa Monica,2023-06-30,3426.4850249436954,3281.1194,3465.8208584427534,3360.4456828090533,3371.560593488704,54.92443145499146,3432.759635817799,3456.26207074212,3409.2572008934776,11.751217462160549,0.5339541106245768,False
Santa Monica,2023-07-31,3458.2288386828404,3301.3237,3488.803570934175,3361.3129243618987,3385.518855580689,72.70998310215145,3456.7575637567907,3480.259998681112,3433.2551288324694,11.751217462160549,0.12520191457058177,False
Santa Monica,2023-08-31,3471.6345844857283,3299.8552,3511.126009928012,3362.781186848579,3393.0022197587305,78.63236472699782,3470.0831225868833,3493.5855575112046,3446.580687662562,11.751217462160549,0.13202563075021903,False
Santa Monica,2023-09-30,3487.294877017806,3311.6965,3527.3204611725387,3364.3034327430887,3402.459174444539,84.8357025732671,3480.9560314477458,3504.458466372067,3457.4535965234245,11.751217462160549,0.539420326879091,False
Santa Monica,2023-10-31,3462.3424890971323,3309.0686,3527.7539487087683,3365.5341545206893,3402.2728014488225,60.06968764830981,3464.1012143827443,3487.6036493070656,3440.598779458423,11.751217462160549,0.14966324040708864,False
Santa Monica,2023-11-30,3446.1010840513713,3291.6409,3516.5289795669632,3366.0245342854305,3393.5340075370978,52.567076514273595,3443.7115285909886,3467.21396351531,3420.2090936666673,11.751217462160549,0.20334535260229872,False
Santa Monica,2023-12-31,3427.260972477872,3286.6345,3519.1226556251954,3365.716781186129,3392.7805702592473,34.48040221862493,3424.489921413809,3447.9923563381303,3400.9874864894878,11.751217462160549,0.23580969977178712,False
Santa Monica,2024-01-31,3442.588242794147,3388.487,3528.906027779819,3428.5002126728073,3449.7256580530825,-7.137415258935562,3455.0611740820445,3478.563609006366,3431.5587391577233,11.751217462160549,1.0614160887964885,False
Santa Monica,2024-02-29,3478.596025803723,3420.0432,3570.4537144284545,3406.991984758349,3464.9239729104793,13.672052893243745,3479.470281044708,3502.972715969029,3455.9678461203866,11.751217462160549,0.07439699274190657,False
Santa Monica,2024-03-31,3488.9347323894835,3429.9246,3588.0763446101237,3384.6973303987374,3465.4428652361407,23.49186715334281,3491.6941704172823,3515.1966053416036,3468.191735492961,11.751217462160549,0.23482145865618193,False
Santa Monica,2024-04-30,3511.585302071431,3443.1707,3585.0559142730413,3359.2295671156057,3458.968733196811,52.61656887462004,3504.7975692598893,3528.3000041842106,3481.295134335568,11.751217462160549,0.5776195383688976,False
Santa Monica,2024-05-31,3504.076986994173,3455.644,3587.0162602268433,3341.2077834061415,3456.6686410236903,47.408345970482515,3502.7099576636647,3526.212392587986,3479.2075227393434,11.751217462160549,0.11633086816295338,False
Santa Monica,2024-06-30,3502.6038606649113,3460.3286,3601.815420288895,3333.1668336641064,3459.9816455681266,42.62221509678466,3502.335378877245,3525.8378138015664,3478.832943952924,11.751217462160549,0.022847146544788637,False
Santa Monica,2024-07-31,3502.985475091687,3453.7456,3623.6781217359858,3331.4087581242543,3464.5886483446984,38.39682674698861,3502.4888336822646,3525.991268606586,3478.9863987579433,11.751217462160549,0.04226297492995829,False
Santa Monica,2024-08-31,3502.646779679746,3450.4563,3646.902760483196,3332.2205974578324,3471.5826683671603,31.064111312585737,3503.6124135036107,3527.114848427932,3480.1099785792894,11.751217462160549,0.0821730876951531,False
Santa Monica,2024-09-30,3509.9291469256787,3454.5469,3661.5679336172384,3336.489489231713,3479.234615202071,30.694531723607724,3508.148823445265,3531.6512583695862,3484.6463885209437,11.751217462160549,0.15150119420659255,False
Santa Monica,2024-10-31,3497.642477948722,3444.216,3656.0277693714647,3343.758452077918,3477.0080046209464,20.634473327775595,3497.7275052500167,3521.229940174338,3474.2250703256955,11.751217462160549,0.0072356163517689805,False
Santa Monica,2024-11-30,3492.69611840438,3459.1426,3640.241895437365,3358.0512548284273,3481.5481676234263,11.14795078095358,3494.3155391270366,3517.817974051358,3470.8131042027153,11.751217462160549,0.13780876121927466,False
Santa Monica,2024-12-31,3493.301404880672,3461.3162,3646.382914034442,3379.1119677370707,3492.030848021027,1.2705568596452397,3501.4662138822277,3524.968648806549,3477.9637789579065,11.751217462160549,0.6948053698179417,False
Santa Monica,2025-01-31,3547.491316551217,3416.828,3596.696837813069,3535.974411774466,3520.4252447974313,27.066071753785764,3549.8223823990497,3573.324817323371,3526.3199474747285,11.75121746216055,0.19836802895998562,False
Santa Monica,2025-02-28,3590.9892990544936,3437.926,3632.2100294277034,3530.087425148297,3536.2900271266176,54.699271927876,3592.299346651399,3615.8017815757203,3568.7969117270777,11.751217462160609,0.11148186134832352,False
Santa Monica,2025-03-31,3649.549319802265,3481.3516,3651.407172938638,3527.359532396869,3554.6072896812257,94.94203012103937,3640.966289100942,3664.4687240252656,3617.4638541766185,11.751217462161836,0.7303950183592316,False
Santa Monica,2025-04-30,3650.5983013715654,3466.1943,3651.491612660523,3526.539815312784,3549.800045226051,100.7982561455142,3642.021782300106,3665.5242172244825,3618.51934737573,11.75121746218825,0.7298408945079384,False
Santa Monica,2025-05-31,3629.978727796468,3489.8281,3652.510328500891,3524.403206105756,3556.410747543956,73.56798025251192,3630.026857374642,3653.529292300155,3606.5244224491294,11.751217462756303,0.0040957099369315735,False
Santa Monica,2025-06-30,3614.08329632839,3484.253,3663.2957123980623,3520.857673057527,3556.995352931831,57.08794339655924,3612.1431467139737,3635.6455816639177,3588.6407117640297,11.751217474972,0.1651020089533356,False
Santa Monica,2025-07-31,3585.257122745083,3491.6477,3680.863908521135,3514.138103715356,3562.52341553033,22.73370721475294,3593.6677468570765,3617.170182332408,3570.165311381745,11.751217737665746,0.7157236205298074,False
Santa Monica,2025-08-31,3597.8484860471017,3495.2146,3699.976118826728,3509.6717571454433,3568.252289618778,29.596196428323765,3599.388233656992,3622.8906804305707,3575.885786883413,11.75122338678952,0.13102870721620294,False
Santa Monica,2025-09-30,3605.715927324312,3486.6238,3711.7068507126473,3509.3715764827953,3569.4501970469214,36.2657302773905,3604.9705740136687,3628.4732637502825,3581.467884277055,11.7513448683069,0.06342706459233423,False
Santa Monica,2025-10-31,3613.9120931037087,3510.6343,3706.505922657914,3513.0064766920127,3576.256046756351,37.65604634735746,3614.034402243897,3637.542316196936,3590.526488290858,11.753956976519387,0.010405784224728694,False
Santa Monica,2025-11-30,3616.600642732378,3508.5056,3692.2444079178113,3519.9555636829546,3573.4803329484334,43.120309783944776,3613.8656086016936,3637.485587667203,3590.245629536184,11.809989532754733,0.2315864989366192,False
Santa Monica,2025-12-31,3604.5447390162713,3490.7473,3695.291246367135,3525.3491892443976,3571.1767245355745,33.36801448069673,3606.366009574584,3632.2788958021165,3580.4531233470516,12.956443113766255,0.14056871480198124,False
Silver Lake,2022-01-31,2534.7129374462484,2633.3333,2471.6815289547817,2561.4067041536528,2553.2524790854136,-18.539541639165236,2534.728841343094,2536.7226336598374,2532.73504902635,0.9968961583718949,0.01595341355499794,False
Silver Lake,2022-02-28,2545.189675519411,2664.477,2458.0356118119,2563.391907908231,2558.788283133804,-13.598607614392677,2547.7487555179787,2569.613440265096,2525.8840707708614,10.932342373558553,0.23408341129310128,False
Silver Lake,2022-03-31,2565.3882892312886,2715.1401,2452.0287906106296,2563.5769313418523,2572.01767151674,-6.629382285451356,2574.0316645463,2596.5903890712448,2551.472940021355,11.279362262472468,0.7663000004978715,False
Silver Lake,2022-04-30,2612.1509708153544,2719.9749,2461.357510090886,2565.099698697102,2577.1107663395023,35.04020447585208,2610.9891438503128,2633.592266099701,2588.3860216009243,11.301561124694203,0.10280234307409174,False
Silver Lake,2022-05-31,2646.84452333549,2725.6416,2477.25966315793,2568.8154672810715,2585.4378412925703,61.40668204291978,2648.652080798482,2671.258087361107,2626.0460742358573,11.30300328131247,0.1599183346590108,False
Silver Lake,2022-06-30,2698.984874076602,2725.4478,2488.8105913162217,2574.20787252939,2591.195807172832,107.78906690377016,2687.6797558195076,2710.2859499459537,2665.0735616930615,11.303097063222939,1.0001788168197026,False
Silver Lake,2022-07-31,2701.7377463469056,2727.8545,2495.6686419314437,2580.3469218054493,2596.45668450728,105.28106183962564,2701.6066391773466,2724.212845501643,2679.00043285305,11.303103162148236,0.011599219042973202,False
Silver Lake,2022-08-31,2719.76010557416,2728.739,2501.4129300776062,2586.715535317225,2600.979396664966,118.78070890919436,2714.5100244850264,2737.11623160259,2691.903817367463,11.303103558781691,0.46448137515382265,False
Silver Lake,2022-09-30,2718.3626832802574,2734.423,2510.118458531137,2591.0583171636126,2607.165200978353,111.19748230190451,2717.6505766708797,2740.256783840032,2695.0443695017275,11.303103584576098,0.06300098052003,False
Silver Lake,2022-10-31,2715.784005030662,2713.3557,2525.7799614607684,2593.030909070575,2606.7744469551753,109.00955807548644,2712.664789331984,2735.2709965044914,2690.058582159477,11.303103586253593,0.2759609935550354,False
Silver Lake,2022-11-30,2698.4357495650593,2653.2122,2544.4103426606052,2592.339418035232,2594.6956931669856,103.74005639807363,2689.202549841817,2711.8087570145426,2666.5963426690914,11.303103586362687,0.8168729627686924,False
Silver Lake,2022-12-31,2671.8612696287955,2640.718,2555.050670748718,2588.8923455799486,2593.2002877242385,78.66098190455705,2656.2291404755338,2678.8353476482735,2633.622933302794,11.303103586369785,1.3829944156472496,False
Silver Lake,2023-01-31,2667.602760469268,2624.9553,2766.929173640616,2686.4156774562543,2694.654096192524,-27.05133572325576,2692.1842248444527,2714.7904320171933,2669.578017671712,11.303103586370241,2.1747535237205518,True
Silver Lake,2023-02-28,2681.211804936617,2648.0747,2786.8474489133555,2681.639512353829,2706.3800605856195,-25.168255649002276,2691.9089198240526,2714.5151269967932,2669.302712651312,11.303103586370273,0.9463874055680198,False
Silver Lake,2023-03-31,2712.926559887869,2666.5657,2796.7644696159045,2677.2700197347144,2713.567198046593,-0.6406381587239594,2710.3752731276413,2732.981480300382,2687.7690659549007,11.303103586370277,0.22571559558625584,False
Silver Lake,2023-04-30,2725.43014634021,2667.8384,2819.246770613945,2674.0593329988887,2720.1893586643655,5.240787675844331,2722.7241997517317,2745.3304069244723,2700.117992578991,11.303103586370273,0.23939854796580637,False
Silver Lake,2023-05-31,2731.308327806114,2665.3833,2858.667424137209,2672.2808628173175,2731.826444043023,-0.5181162369090089,2734.199009996196,2756.8052171689365,2711.5928028234553,11.303103586370277,0.2557423423961305,False
Silver Lake,2023-06-30,2750.1420521143,2671.4658,2886.8021780747617,2671.411947642167,2742.6225248787096,7.519527235590431,2751.123903043619,2773.7301102163597,2728.5176958708785,11.303103586370273,0.08686560473836392,False
Silver Lake,2023-07-31,2773.6105385814653,2703.3928,2897.4242655191215,2671.2592524984657,2755.6218885725207,17.98865000894466,2772.3889136306902,2794.995120803431,2749.7827064579496,11.303103586370277,0.10807871841211737,False
Silver Lake,2023-08-31,2785.8970595136875,2696.998,2909.3858420798156,2671.873501927391,2757.891415720638,28.00564379304933,2780.265424849961,2802.8716320227018,2757.6592176772206,11.303103586370273,0.49823790569652143,False
Silver Lake,2023-09-30,2783.4024904382436,2708.099,2927.159230013283,2672.401480000779,2767.280568916884,16.12192152135958,2783.005249164166,2805.6114563369065,2760.3990419914253,11.303103586370277,0.03514444247023261,False
Silver Lake,2023-10-31,2785.133055949716,2715.4053,2936.87017446115,2673.2176948183583,2772.9771078834865,12.155948066229485,2781.187929913332,2803.7941370860726,2758.5817227405914,11.303103586370273,0.3490303351418311,False
Silver Lake,2023-11-30,2767.559882816573,2714.7073,2941.86772759878,2673.9727427710227,2774.7000561527557,-7.14017333618267,2766.811111569302,2789.4173187420424,2744.2049043965612,11.303103586370277,0.06624474781524865,False
Silver Lake,2023-12-31,2747.582819148826,2710.6636,2963.9417144300673,2674.549949367749,2781.0012746673688,-33.41845551854294,2755.3829878172055,2777.989194989946,2732.776780644465,11.303103586370273,0.6900908765345232,False
Silver Lake,2024-01-31,2748.041033230026,2696.5469,2835.087922749557,2784.4296286815356,2774.9005285155577,-26.859495285531462,2748.528664695241,2771.1348718679815,2725.9224575225003,11.303103586370277,0.043141378034549864,False
Silver Lake,2024-02-29,2750.695036567575,2701.965,2852.973157147942,2775.8513431764923,2779.2537999435226,-28.55876337594782,2753.189607653774,2775.7958148265147,2730.5834004810336,11.303103586370273,0.22069788752537225,False
Silver Lake,2024-03-31,2765.2610038949197,2722.6064,2860.8761180233355,2769.6305076183035,2785.7321774202,-20.471173525280392,2765.4046742983646,2788.010881471105,2742.798467125624,11.303103586370277,0.012710703942507786,False
Silver Lake,2024-04-30,2778.2219429705865,2734.1182,2874.8047874842437,2761.9139403101512,2790.918706316794,-12.696763346207716,2776.640567018079,2799.2467741908195,2754.0343598453383,11.303103586370273,0.13990634864352333,False
Silver Lake,2024-05-31,2789.0441863120936,2742.7573,2901.767495679968,2754.338320531499,2799.606864154341,-10.562677842247467,2787.9364878420597,2810.5426950148003,2765.330280669319,11.303103586370277,0.09799949726990462,False
Silver Lake,2024-06-30,2792.512981904531,2745.4238,2923.68708440063,2747.3452775172027,2805.05835178183,-12.54536987729898,2793.5850176054346,2816.191224778175,2770.978810432694,11.303103586370273,0.09484436657272229,False
Silver Lake,2024-07-31,2800.6993430674847,2756.267,2933.9155204448743,2742.021027503992,2809.7082871751063,-9.008944107621572,2800.7651019200753,2823.371309092816,2778.1588947473347,11.303103586370277,0.005817769609017016,False
Silver Lake,2024-08-31,2810.1725224219517,2773.2676,2943.228669381479,2735.8794630106863,2815.593695357357,-5.421172935405139,2809.3237721915207,2831.9299793642613,2786.71756501878,11.303103586370273,0.07509001604688531,False
Silver Lake,2024-09-30,2822.316238702663,2786.3918,2954.2606909426604,2735.5612463073703,2823.045918902643,-0.7296801999796116,2817.60209460175,2840.208301774491,2794.9958874290096,11.303103586370277,0.41706634471852955,False
Silver Lake,2024-10-31,2797.614291396575,2752.0347,2956.749858333091,2739.8445897556717,2815.1842168613484,-17.569925464773405,2800.3069435574594,2822.9131507302,2777.7007363847188,11.303103586370273,0.2382223729904606,False
Silver Lake,2024-11-30,2806.7709872593528,2768.9841,2954.199718162414,2748.866721701294,2822.751230395084,-15.980243135731143,2804.3006161258286,2826.906823298569,2781.694408953088,11.303103586370279,0.21855688682862892,False
Silver Lake,2024-12-31,2782.363020740384,2759.6887,2965.5258297351797,2761.45214165548,2828.3788801137616,-46.01585937337768,2800.9785743999387,2823.5847815726793,2778.372367227198,11.303103586370282,1.6469417891146876,False
Silver Lake,2025-01-31,2816.5106714470057,2710.504,2851.95042482073,2838.415357629336,2804.6486334856654,11.86203796134032,2808.8122820220274,2831.418489194768,2786.206074849287,11.303103586370405,0.6810863369818557,False
Silver Lake,2025-02-28,2818.835455778484,2705.114,2862.619256761167,2838.1623100856764,2806.469922254241,12.365533524243348,2825.443265281034,2848.0494724537784,2802.83705810829,11.303103586372226,0.584601339464926,False
Silver Lake,2025-03-31,2876.7751987729253,2737.7444,2868.9079581378837,2840.918559051427,2819.3249980286014,57.450200744323865,2867.488830116894,2890.0950372896946,2844.8826229440933,11.303103586400267,0.8215768861031015,False
Silver Lake,2025-04-30,2882.3326600465207,2707.1555,2880.3557095941032,2844.96693829523,2815.4639330589907,66.86872698752995,2872.608022678644,2895.2142298523067,2850.001815504981,11.303103586831407,0.8603510783182479,False
Silver Lake,2025-05-31,2883.040671611685,2773.8552,2900.1605006936047,2849.0426869172256,2843.460863181761,39.579808429924014,2888.42116009622,2911.0273672831418,2865.814952909298,11.303103593460973,0.4760186824163427,False
Silver Lake,2025-06-30,2889.253974798242,2772.4758,2915.4831275190622,2852.278233774226,2849.311947982012,39.94202681622983,2893.7981874005354,2916.404394791339,2871.1919800097317,11.30310369540196,0.4020322842938964,False
Silver Lake,2025-07-31,2900.6446002109587,2777.9504,2922.7758309823,2853.4905923280394,2853.808332491869,46.83626771908985,2907.7102347363916,2930.3164452622323,2885.104024210551,11.303105262920404,0.6251056107882563,False
Silver Lake,2025-08-31,2941.868614633534,2751.593,2929.360828538421,2852.3142812479414,2847.6692471597485,94.19936747378551,2926.363986554874,2948.9702452872593,2903.7577278224885,11.30312936619276,1.3717111042997274,False
Silver Lake,2025-09-30,2923.816206423945,2757.4495,2935.475943489986,2849.3458957602875,2850.3415969118037,73.47460951214134,2920.0859380912643,2942.692938069481,2897.4789381130477,11.303499989108369,0.33001002636129756,False
Silver Lake,2025-10-31,2905.6555387533617,2746.7195,2933.2491168028137,2845.264711408129,2844.8856070248517,60.76993172851007,2897.56124352619,2920.1796383789915,2874.9428486733887,11.309197426400782,0.7157267589226648,False
Silver Lake,2025-11-30,2857.8123481321127,2778.1172,2926.6390563607333,2839.9880001929273,2850.132410060842,7.679938071270499,2868.1234592205824,2890.9163526693546,2845.33056577181,11.396446724386177,0.9047654351209566,False
Silver Lake,2025-12-31,2844.2202485017397,2761.2385,2930.031257153202,2834.2980185193146,2844.099431656444,0.1208168452958489,2849.8463058844027,2875.171477706842,2824.5211340619635,12.662585911219582,0.44430556425564244,False
University Park,2022-01-31,1938.5388859226664,1932.9624,1937.5164751808984,2019.536051282364,1966.543346936763,-28.004461014096933,1938.6257422561057,1940.6238388098748,1936.6276457023366,0.9990482768845544,0.08693907449674346,False
University Park,2022-02-28,2060.253898941469,2007.3142,1935.0904426134448,2016.3698695582216,1986.796701460083,73.45719748138549,2020.3627611851043,2055.081680853367,1985.6438415168418,17.359459834131222,2.2979480994537202,True
University Park,2022-03-31,2123.228539694509,2217.8562,1932.3901733372948,2016.5843636173304,2048.9275773575373,74.30096233697168,2113.110403620508,2150.837699577404,2075.383107663612,18.863647978447972,0.5363827866273477,False
University Park,2022-04-30,2133.0572555257786,2220.3538,1932.363672601306,2020.1800322830832,2050.997704178058,82.05955134772057,2137.9681025670407,2176.215793966294,2099.7204111677875,19.123845699626507,0.2567918145663584,False
University Park,2022-05-31,2216.244711579443,2239.7432,1935.1045877146391,2025.576977163127,2059.699937384811,156.54477419463183,2173.2578149115448,2211.5991532985595,2134.91647652453,19.170669193507415,2.2423263482128974,True
University Park,2022-06-30,2134.7535399161957,2225.514,1937.8158642212284,2031.8536594501372,2058.6676519059993,76.08588801019641,2165.550679548872,2203.908981742439,2127.1923773553044,19.17915109678362,1.6057613531071904,False
University Park,2022-07-31,2146.154827012595,2106.794,1938.8679368965747,2037.120985071438,2025.47424713955,120.68057987304496,2149.5125841049967,2187.8739628636818,2111.1512053463116,19.18068937934256,0.17505924965696912,False
University Park,2022-08-31,2186.6739161091673,2114.9072,1938.870733949812,2040.76979089916,2029.2525933665047,157.4213227426626,2173.044399322691,2211.4063361682356,2134.682462477146,19.18096842277226,0.7105750074219019,False
University Park,2022-09-30,2178.6920004809467,2103.3584,1938.8698343023184,2042.8994425532435,2026.5886886645828,152.10331181636388,2179.5877389035527,2217.949776989607,2141.2257008174984,19.18101904302727,0.04669920926149134,False
University Park,2022-10-31,2250.369308367068,2272.6475,1938.8705023758444,2043.59079930574,2077.455975580075,172.91333278699267,2240.355373080631,2278.717429532488,2201.993316628774,19.18102822592846,0.5220749984445209,False
University Park,2022-11-30,2205.253050088176,2232.8533,1938.8696160137752,2043.6348329407813,2065.575064765529,139.67798532264715,2230.626243426892,2268.98830321045,2192.264183643334,19.18102989177906,1.3228274742620754,False
University Park,2022-12-31,2320.1608644068083,2248.564,1938.872313219481,2042.664097676296,2069.9131914536774,250.2476729531309,2256.7493783887867,2295.1114387767416,2218.387318000832,19.181030193977545,3.3059478736899153,True
University Park,2023-01-31,2304.754895351188,2069.7393,2191.706017882877,2244.6353544968424,2174.8530604945668,129.90183485662146,2334.407822088179,2372.7698825857765,2296.045761590581,19.181030248798745,1.545950678190926,False
University Park,2023-02-28,2340.743258784054,2094.4,2212.335291306571,2242.4194656309996,2188.2234113479212,152.51984743613275,2343.4415396653844,2381.803600182872,2305.079479147897,19.181030258743743,0.14067444988747055,False
University Park,2023-03-31,2356.1793311351453,2097.6184,2238.870178101821,2239.841063099386,2197.0010536943346,159.1782774408107,2349.9704200039782,2388.332480525074,2311.6083594828824,19.181030260547846,0.32370060646328896,False
University Park,2023-04-30,2343.8783972209862,2108.023,2259.4059299981845,2237.5161782044656,2206.0380844772403,137.84031274374593,2351.954367906442,2390.316428428192,2313.5923073846916,19.181030260875126,0.42103946302187323,False
University Park,2023-05-31,2360.367235336461,2121.9265,2264.825607617783,2236.038024196109,2211.4384420502834,148.92879328617755,2356.5506536915123,2394.912714213381,2318.1885931696434,19.181030260934495,0.19897688450719037,False
University Park,2023-06-30,2349.5684282283937,2135.1233,2258.8829189241724,2234.849864285079,2212.979282345291,136.5891458831029,2354.3342340353515,2392.6962945572423,2315.972173513461,19.181030260945267,0.24846453707843238,False
University Park,2023-07-31,2371.3061488473745,2148.178,2257.1550986663774,2235.062182227135,2216.3896898590533,154.9164589883212,2357.6750588459417,2396.037119367836,2319.3129983240474,19.18103026094722,0.7106547358970212,False
University Park,2023-08-31,2359.8544355600475,2212.3604,2266.6269798718777,2236.084414771683,2239.0873016091728,120.76713395087472,2369.7556458652944,2408.1177063871896,2331.393585343399,19.181030260947576,0.5161980438685654,False
University Park,2023-09-30,2348.5155435716824,2171.968,2278.42237062242,2237.3544814838892,2231.380907038809,117.13463653287364,2359.093568517495,2397.4556290393903,2320.7315079955997,19.18103026094764,0.5514836688326622,False
University Park,2023-10-31,2360.98485798286,2116.6323,2286.6472712002083,2238.918246057117,2218.1356773337484,142.84918064911153,2351.077702489148,2389.4397630110434,2312.715641967253,19.181030260947654,0.5165079953352436,False
University Park,2023-11-30,2382.0120439130405,2180.0647,2294.522572728895,2240.146645427753,2240.1577241447803,141.8543197682602,2370.663170765573,2409.025231287468,2332.3011102436776,19.181030260947654,0.5916717187322887,False
University Park,2023-12-31,2377.0838769717434,2088.3613,2307.6199482645325,2241.5840798589875,2217.6036821405755,159.48019483116786,2336.8910381401374,2375.2530986620327,2298.528977618242,19.181030260947654,2.095447338534449,True
University Park,2024-01-31,2381.228851099715,2287.5068,2426.3127010819476,2294.0132617856634,2335.7979628406856,45.430888259029416,2412.766880597787,2451.128941119682,2374.4048200758916,19.181030260947654,1.6442302135271956,False
University Park,2024-02-29,2382.822611014709,2294.0815,2463.477605811533,2247.430155969398,2332.7888230616063,50.03378795310255,2391.8427463038233,2430.2048068257186,2353.480685781928,19.181030260947654,0.47026333631185235,False
University Park,2024-03-31,2377.625786720965,2293.77,2486.475914043711,2211.6772947856507,2327.0510085053265,50.57477821563862,2375.1695224333284,2413.5315829552237,2336.807461911433,19.181030260947654,0.12805695277782175,False
University Park,2024-04-30,2352.183401755694,2298.833,2497.7221126392315,2187.0052543719185,2323.140912472282,29.042489283412124,2358.423413012911,2396.7854735348064,2320.061352491016,19.181030260947658,0.3253220066426053,False
University Park,2024-05-31,2318.1981689077897,2278.1062,2504.75463089802,2172.19330632606,2313.781059713692,4.41710919409752,2341.0559323431003,2379.4179928649955,2302.693871821205,19.181030260947686,1.191685905940712,False
University Park,2024-06-30,2340.355568225055,2281.3796,2505.453977527556,2167.5509253577334,2313.270831755447,27.084736469607833,2350.2249184421844,2388.58697896408,2311.8628579202887,19.18103026094784,0.5145370231795074,False
University Park,2024-07-31,2374.8021453110596,2281.3315,2503.6957698149154,2159.884109567756,2309.8347330044603,64.96741230659927,2364.10472305615,2402.4667835780474,2325.7426625342523,19.181030260948674,0.5577084287861166,False
University Park,2024-08-31,2385.3267868510293,2309.5803,2509.686965579914,2153.9582497732367,2318.064809426824,67.26197742420527,2381.373269339139,2419.7353298610456,2343.0112088172323,19.181030260953275,0.20611601441854577,False
University Park,2024-09-30,2392.262982614734,2316.52,2521.002997851841,2150.8180505125915,2322.7164334998615,69.5465491148725,2392.004217103467,2430.366277625424,2353.64215658151,19.18103026097863,0.013490699280035422,False
University Park,2024-10-31,2384.2516758155666,2278.9875,2527.6114985434533,2147.549195345882,2312.468902115193,71.78277370037358,2387.535782265485,2425.897842787722,2349.1737217432483,19.1810302611184,0.17121637385993058,False
University Park,2024-11-30,2408.2267565412226,2284.4612,2533.7431098348984,2145.3139209559176,2315.303880732678,92.92287580854465,2398.6910278268383,2437.0530883506162,2360.3289673030604,19.181030261888896,0.497143718518579,False
University Park,2024-12-31,2428.5930545105366,2321.317,2557.788866231157,2140.71536162269,2332.5665885180897,96.0264659924469,2416.8954623370114,2455.257522869284,2378.533401804739,19.181030266136194,0.6098521302100546,False
University Park,2025-01-31,2398.3436193679995,2327.575,2509.147324487253,2172.663098197848,2330.196331712583,68.14728765541668,2406.415588944782,2444.7776495238804,2368.0535283656836,19.181030289549163,0.4208308652206366,False
University Park,2025-02-28,2407.70220333668,2327.0823,2537.826662814646,2138.5792813821254,2326.9005201689383,80.80168316774188,2401.256075935705,2439.6181367729287,2362.8940150984818,19.181030418611698,0.3360678366559249,False
University Park,2025-03-31,2351.3527782981646,2311.5789,2554.813071837506,2130.6878703593256,2324.9564620259957,26.39631627216886,2392.460442646126,2430.822504906248,2354.098380386004,19.181031130060944,2.1431415260103064,True
University Park,2025-04-30,2412.250308902318,2302.9824,2558.1941180356803,2129.0197425792853,2322.8859576150603,89.3643512872577,2415.346582868071,2453.708652971832,2376.98451276431,19.181035051880546,0.16142371648683104,False
University Park,2025-05-31,2456.842283340546,2334.1038,2558.405543674959,2130.0339627730796,2332.635710972563,124.20657236798296,2452.448810550129,2490.8109238914385,2414.0866972088197,19.181056670654673,0.2290526983765256,False
University Park,2025-06-30,2544.562637244341,2343.84,2561.2288627763833,2136.0369718406614,2338.703794546771,205.85884269757025,2482.4697944198256,2520.8321461045766,2444.1074427350745,19.181175842375485,3.237176036672734,True
University Park,2025-07-31,2481.1898713203595,2335.9182,2567.2341791577646,2138.49845952183,2339.232446436916,141.9574248834433,2458.90525051547,2497.2689160271543,2420.5415850037857,19.181832755842137,1.1617565994305117,False
University Park,2025-08-31,2397.656159586564,2392.8499,2575.330410995662,2139.3846566917396,2359.2572737450796,38.39888584148457,2437.593525406751,2475.9644325008426,2399.222618312659,19.185453547045945,2.081648249880413,True
University Park,2025-09-30,2377.2337884222497,2312.0242,2582.8902201680103,2139.0183706740568,2337.456592471303,39.77719595094686,2405.3589598577432,2443.7697612220354,2366.948158493451,19.205400682146195,1.464440752178366,False
University Park,2025-10-31,2422.9957283333856,2336.0115,2588.7736948542492,2136.8671137317515,2345.775534288622,77.2201940447635,2425.0066655226774,2463.6366420695717,2386.376688975783,19.314988273447174,0.10411278328421981,False
University Park,2025-11-30,2475.135180510702,2363.8457,2597.727198865603,2139.6950495482056,2358.104107481287,117.03107302941498,2450.2200221786266,2490.0365383481885,2410.4035060090646,19.908258084780922,1.2514986601769582,False
University Park,2025-12-31,2437.5754271938627,2335.725,2619.697238820061,2148.2183762809004,2360.1169208199804,77.4585063738823,2445.8388094291836,2491.6476733001227,2400.0299455582444,22.904431935469546,0.3607765630247562,False
Vermont Square,2022-01-31,1985.823608276622,1961.0942,1909.1409393311897,1987.0980344001428,1953.5561722787213,32.26743599790075,1985.803443008726,1987.8009695555215,1983.8059164619303,0.9987632733977991,0.020190237498034364,False
Vermont Square,2022-02-28,1984.466764626622,1988.316,1908.6636487061648,1986.783272491528,1961.420059498143,23.04670512847906,1986.0615352596521,2013.9973700172493,1958.125700502055,13.96791737879855,0.11417383054606112,False
Vermont Square,2022-03-31,1944.8551377985284,1909.8271,1926.432992913224,1985.7364762093491,1943.4404922258975,1.4146455726308886,1961.1949735579194,1992.6288690940228,1929.761078021816,15.716947768051671,1.0396316123292835,False
Vermont Square,2022-04-30,1932.4380798044149,1877.528,1937.3748825058065,1985.185416924285,1937.196838963678,-4.758759159263036,1955.42907318968,1987.7344946586547,1923.123651720705,16.152710734487446,1.4233520149620293,False
Vermont Square,2022-05-31,1966.161108495764,1969.2874,1926.2919543605344,1985.5856271192376,1961.114322390681,5.0467861050829015,1990.186889618035,2022.7214717039294,1957.6523075321404,16.267291042947296,1.4769380497386473,False
Vermont Square,2022-06-30,2046.922608698104,2100.7383,1906.8752204976677,1987.4349663048445,1994.6803065355891,52.24230216251499,2045.4221899817526,2078.017795408037,2012.8265845554683,16.29780271314209,0.0920626382488365,False
Vermont Square,2022-07-31,2113.749401030516,2149.8384,1897.0198577776464,1991.00055623136,2007.422836614644,106.32656441587189,2079.1577623630337,2111.7696711056037,2046.5458536204635,16.305954371285107,2.121411470841849,True
Vermont Square,2022-08-31,2107.614521770407,2157.5103,1903.0101660875644,1995.927457863228,2013.5218824172828,94.09263935312424,2090.658587370638,2123.2748555827784,2058.042319158498,16.30813410607005,1.039722526138691,False
Vermont Square,2022-09-30,2052.590840568695,2111.1375,1922.905694348415,2000.0726446114627,2007.7702111279757,44.820629440719586,2082.666257851403,2115.283692046375,2050.0488236564306,16.308717097486223,1.844131398226426,False
Vermont Square,2022-10-31,2066.69962790106,2037.0651,1952.397389956634,2002.0006126528629,1996.0878342772269,70.61179362383314,2082.2989189354003,2114.916665003252,2049.6811728675484,16.308873033925977,0.956491045845132,False
Vermont Square,2022-11-30,2116.021582936281,2061.1797,1972.09505457766,2001.792154437652,2009.730746728298,106.29083620798292,2114.287835763284,2146.9056652511526,2081.6700062754153,16.308914743934224,0.1063067162441813,False
Vermont Square,2022-12-31,2207.430105771435,2112.05,1967.673098592766,2000.2151953583816,2022.893119869388,184.5369859020473,2145.014772755105,2177.6326245563273,2112.3969209538823,16.308925900611346,3.8270658263104886,True
Vermont Square,2023-01-31,2224.238519292455,2133.487,2106.492295193586,2131.322072557587,2123.7621380692945,100.4763812231604,2235.316299897469,2267.93415766712,2202.698442127818,16.308928884825384,0.6792463610856124,False
Vermont Square,2023-02-28,2223.3297399598773,2095.7974,2101.7511445625123,2125.0550535449147,2108.605334405067,114.72440555481036,2214.5850207887147,2247.202880154815,2181.9671614226145,16.308929683050174,0.5361920944995585,False
Vermont Square,2023-03-31,2179.6564049314534,2102.7493,2104.5883820576128,2120.2997228972768,2109.859640587365,69.79676434408839,2206.323401437351,2238.9412612304736,2173.7055416442286,16.308929896561292,1.6351162619914896,False
Vermont Square,2023-04-30,2208.8351807161885,2138.9155,2107.9552074410944,2118.5557844809746,2121.1386701278648,87.69651058832369,2220.1059464002496,2252.7238063075933,2187.488086492906,16.30892995367177,0.6910794092050724,False
Vermont Square,2023-05-31,2213.6271972329405,2121.7378,2112.8459048871405,2119.54835995702,2117.9875076230237,95.6396896099168,2224.538297833546,2257.1561577714415,2191.9204378956506,16.30892996894782,0.6690261479257076,False
Vermont Square,2023-06-30,2254.2255927046645,2106.565,2127.934634742028,2121.622683008488,2119.207350695651,135.01824200901365,2238.259543868881,2270.8774038149486,2205.641683922813,16.30892997303389,0.9789758649030303,False
Vermont Square,2023-07-31,2230.387490484746,2068.7312,2145.1486987157036,2123.6790442892693,2114.348275059506,116.0392154252404,2238.705598407812,2271.3234583560657,2206.0877384595583,16.308929974126848,0.5100339465042543,False
Vermont Square,2023-08-31,2262.1185284586263,2103.967,2147.0311948932053,2124.8939744531344,2125.9547897176985,136.16373874092778,2259.3664096320276,2291.984269580866,2226.748549683189,16.308929974419193,0.16874919625186557,False
Vermont Square,2023-09-30,2263.4157458428253,2131.8809,2145.3914892190046,2126.3365848453022,2134.2924756184643,129.12327022436102,2275.5179475765754,2308.1358075255703,2242.9000876275804,16.308929974497392,0.7420598252156254,False
Vermont Square,2023-10-31,2342.6357064343715,2178.2712,2166.286098336828,2128.8368895139806,2155.9941989811527,186.64150745321876,2310.4882692325896,2343.1061291816263,2277.870409283553,16.308929974518314,1.9711555100364493,False
Vermont Square,2023-11-30,2330.4876261050645,2149.1233,2202.609037379793,2131.6122929035946,2160.314472330828,170.17315377423665,2313.587536722006,2346.2053966710537,2280.9696767729583,16.30892997452392,1.0362475894553171,False
Vermont Square,2023-12-31,2347.683109638009,2103.0354,2224.555234549008,2133.5593995124937,2154.5114057751707,193.1717038628381,2298.9461975304002,2331.564057479451,2266.3283375813494,16.308929974525473,2.988357430797235,True
Vermont Square,2024-01-31,2327.328215518913,2169.8577,2380.354864378869,2253.927124274022,2270.582673534371,56.74554198454189,2384.2123229565514,2416.8301829056036,2351.594463007499,16.308929974526084,3.4879116834525563,True
Vermont Square,2024-02-29,2338.489159191274,2155.4565,2388.515862156443,2225.3655005138717,2258.392662256975,80.09649693429901,2366.8561711187153,2399.4740310677694,2334.2383111696613,16.308929974526965,1.73935457165824,False
Vermont Square,2024-03-31,2377.40247193441,2178.9226,2389.1590663595,2198.7345698286117,2255.75392868666,121.64854324775024,2371.836974778346,2404.454834727406,2339.219114829286,16.3089299745299,0.3412545863734519,False
Vermont Square,2024-04-30,2371.5082764609897,2194.058,2395.032562755599,2167.305943810481,2250.5758901586164,120.93238630237327,2371.769973340622,2404.3878332897034,2339.1521133915408,16.308929974540767,0.01604623233286575,False
Vermont Square,2024-05-31,2360.560496570848,2197.9915,2414.929665445589,2127.049219188512,2243.4134157743606,117.14708079648744,2369.836488969972,2402.4543489191346,2337.218629020809,16.30892997458136,0.5687676878797998,False
Vermont Square,2024-06-30,2381.842182993514,2177.8486,2438.2325209381315,2103.282552034106,2236.288342222275,145.5538407712393,2372.1213128285995,2404.7391727780655,2339.5034528791334,16.308929974733125,0.596045857944969,False
Vermont Square,2024-07-31,2389.7195310041,2212.6062,2452.5660049081566,2094.0337849436837,2247.990593694422,141.72893730967826,2388.8520374680925,2421.4698974186936,2356.2341775174914,16.308929975300515,0.05319132136747164,False
Vermont Square,2024-08-31,2408.9117404941694,2217.6504,2459.936149561024,2099.3617800100023,2253.908751319105,155.0029891750646,2399.407668571292,2432.0255285261355,2366.7898086164487,16.308929977421737,0.5827526349188645,False
Vermont Square,2024-09-30,2380.8060195945063,2236.0066,2474.363888984507,2104.542037864907,2266.0847445482495,114.72127504625678,2411.937427089548,2444.555287060252,2379.3195671188437,16.308929985352055,1.9088565285345953,False
Vermont Square,2024-10-31,2412.1411562792305,2181.93,2501.9592314984056,2105.6026356200973,2259.4321643139174,152.7089919653131,2419.6702678721454,2452.2881279021453,2387.0524078421454,16.308930015000044,0.4616557665875979,False
Vermont Square,2024-11-30,2494.0721497970867,2254.8596,2533.6377627642896,2101.6767644284246,2290.2516959095447,203.82045388754204,2468.268767719113,2500.886627970795,2435.650907467431,16.30893012584092,1.5821627699089589,False
Vermont Square,2024-12-31,2536.645016903237,2246.246,2562.8953807245043,2111.6210552364105,2301.031665002213,235.6133519010241,2485.1975153908697,2517.815376471323,2452.5796543104166,16.308930540226523,3.1545600953983177,True
Vermont Square,2025-01-31,2510.7644074609098,2278.2988,2532.9085824481404,2176.05000799586,2324.57348041933,186.19092704157993,2491.6995134524723,2524.3173776313383,2459.081649273606,16.30893208943312,1.1689848171665482,False
Vermont Square,2025-02-28,2467.71023825858,2256.5015,2538.4116088255946,2157.1323393802177,2312.866860424273,154.84337783430692,2454.36008109336,2486.9779568558365,2421.7422053308833,16.30893788123834,0.8185791897823179,False
Vermont Square,2025-03-31,2425.1379806789146,2299.7917,2544.0122708262843,2155.84924572159,2327.1848010939693,97.95317958494525,2437.027980358377,2469.645899426875,2404.410061289879,16.308959534248988,0.7290471012085697,False
Vermont Square,2025-04-30,2382.20091256811,2253.1396,2549.082131951162,2123.654417997291,2302.985170894567,79.2157416735431,2386.537410559528,2419.155491529807,2353.9193295892487,16.309040485139484,0.26589534759632616,False
Vermont Square,2025-05-31,2320.1387943296045,2226.6335,2559.7809606127994,2110.905312865839,2293.873668117627,26.26512621197753,2353.0895295658747,2385.708215809049,2320.4708433227006,16.309343121587045,2.0203594326526284,True
Vermont Square,2025-06-30,2340.2160746291543,2216.6833,2578.694927201792,2103.964854546467,2294.5792614843176,45.63681314483665,2344.3104141396484,2376.931363134214,2311.689465145083,16.310474497282826,0.2510251623069559,False
Vermont Square,2025-07-31,2334.9117919948017,2222.0103,2595.537230091341,2098.418031759356,2299.683730961341,35.22806103346056,2341.775589697889,2374.404996741249,2309.1461826545287,16.31470352168002,0.4207123770137136,False
Vermont Square,2025-08-31,2348.7060080249257,2225.4707,2600.361088563905,2084.10224291047,2297.0087024684435,51.697305556482206,2334.5549419416334,2367.2159505321806,2301.893933351086,16.330504295273617,0.8665418910990106,False
Vermont Square,2025-09-30,2300.86065933709,2205.4053,2607.37370963622,2074.466086291454,2289.7576438423835,11.103015494706597,2316.380046572199,2349.1589296765524,2283.6011634678453,16.389441552176727,0.946913729563802,False
Vermont Square,2025-10-31,2323.7482658222298,2224.318,2635.680288608167,2069.296533436204,2302.85286251415,20.89540330807995,2325.546380425731,2358.762239801798,2292.330521049664,16.607929688033497,0.10826843780017927,False
Vermont Square,2025-11-30,2330.6217954333,2233.918,2675.758576462626,2085.9206002454616,2325.129495889908,5.492299543392164,2344.7045814203802,2379.5055369415395,2309.903625899221,17.400477760579612,0.8093332937611066,False
Vermont Square,2025-12-31,2351.326901936943,2193.7703,2706.281184628987,2080.908500236106,2321.358747324408,29.968154612535272,2344.162842512514,2384.3396133597553,2303.986071665273,20.08838542362049,0.3566269398853278,False
West Adams,2022-01-31,2584.0242858238175,2436.571,2552.70060303327,2618.176216078809,2542.241130576034,41.78315524778418,2584.086219551801,2586.0826249766405,2582.0898141269618,0.9982027124197309,0.06204524050333356,False
West Adams,2022-02-28,2620.430271483742,2427.0566,2581.0177956400735,2624.6939452229713,2551.171403877148,69.25886760659432,2608.0206857170097,2630.7803359602694,2585.26103547375,11.379825121629988,1.0904900227544247,False
West Adams,2022-03-31,2623.41881854841,2422.8845,2585.318143214245,2627.652950079837,2552.441846800815,70.97697174759514,2619.257185995303,2645.039421902344,2593.474950088262,12.891117953520535,0.3228294524092791,False
West Adams,2022-04-30,2631.8516763896805,2497.0193,2575.959152843419,2629.175971066983,2572.0760824225804,59.77559396710012,2647.167908575287,2673.749939743104,2620.5858774074704,13.291015583908267,1.1523748563372826,False
West Adams,2022-05-31,2671.396691135965,2517.1995,2564.94741109006,2630.690368120367,2575.0304807980788,96.36621033788606,2664.6169912522555,2691.42294039311,2637.811042111401,13.402974570427148,0.5058354653309549,False
West Adams,2022-06-30,2667.507161335763,2530.449,2555.8177008989305,2633.2789394187525,2576.932931353385,90.57422998237826,2678.261653353719,2705.1311758547395,2651.3921308526983,13.434761250510187,0.8004974416305574,False
West Adams,2022-07-31,2716.7843955031412,2535.7761,2561.2368490271074,2636.974631290128,2581.68601774584,135.09837775730102,2699.123139587448,2726.0107810489258,2672.23549812597,13.443820730739045,1.3137080786992446,False
West Adams,2022-08-31,2723.9077155418354,2554.8955,2591.2146409949164,2640.9371376504077,2598.778870155926,125.12884538590924,2725.154144399188,2752.04695554188,2698.2613332564965,13.446405571345872,0.0926960628855345,False
West Adams,2022-09-30,2738.6196580255755,2521.4233,2621.105638878578,2644.329069916032,2599.908773592488,138.71088443308736,2735.728234653403,2762.622521260358,2708.833948046448,13.44714330347754,0.21502138445082086,False
West Adams,2022-10-31,2748.91511112984,2472.2131,2624.3344644897043,2646.6538167514777,2587.125388825147,161.789722304693,2731.215155235141,2758.109862987409,2704.320447482873,13.447353876134006,1.3162408042931089,False
West Adams,2022-11-30,2777.0236628572093,2526.2412,2615.1119432628007,2647.7257657842124,2600.6264812941295,176.3971815630798,2745.8005939095738,2772.69542187339,2718.9057659457576,13.447413981908165,2.321864186409644,True
West Adams,2022-12-31,2807.0384090479724,2518.3245,2631.090659670352,2648.221750763691,2603.725015888803,203.3133931591697,2737.3073020044535,2764.2021642816526,2710.4124397272544,13.447431138599487,5.185459309883228,True
West Adams,2023-01-31,2780.8769334028625,2609.6353,2844.761020884761,2717.9775499565985,2727.494041932775,53.38289147008754,2821.174550425829,2848.0694224975164,2794.279678354141,13.447436035843815,2.9966766070191513,True
West Adams,2023-02-28,2775.8900599698445,2606.6836,2880.944075591183,2715.155628065188,2737.5259160125233,38.364143957321176,2807.664971803301,2834.559846670751,2780.7700969358507,13.447437433725,2.3628971665738105,True
West Adams,2023-03-31,2775.060465473533,2592.857,2897.264897605734,2712.8420732232908,2737.9297585267427,37.13070694679027,2797.4275755810877,2824.3224512465667,2770.5326999156086,13.447437832739633,1.6632990142156239,False
West Adams,2023-04-30,2808.82374106498,2637.6995,2902.90012517068,2711.6955350753797,2752.773796286426,56.04994477855371,2810.711139570655,2837.606015463926,2783.8162636773845,13.44743794663535,0.14035376194050167,False
West Adams,2023-05-31,2806.9349304385146,2594.482,2911.208117999798,2711.679556403,2742.593609467576,64.34132097093834,2799.7367390012173,2826.6316149595095,2772.841863042925,13.447437979146027,0.5352834824824799,False
West Adams,2023-06-30,2800.2797262249305,2593.5735,2921.674963407856,2711.7928938811124,2745.8236761379235,54.45605008700704,2799.250216866251,2826.1450928431027,2772.355340889399,13.447437988425955,0.07655802977490335,False
West Adams,2023-07-31,2792.1881488348317,2571.7188,2939.9397687047804,2712.0646763624395,2745.4278558461087,46.760292988722995,2794.7198399372546,2821.6147159194043,2767.824963955105,13.447437991074839,0.18826568318965498,False
West Adams,2023-08-31,2805.310115609297,2583.6338,2971.7732445848733,2711.9953057821044,2759.4864268807755,45.823688728521574,2805.6716890330026,2832.5665650166643,2778.776813049341,13.447437991830945,0.026887904123915042,False
West Adams,2023-09-30,2812.433656624356,2594.483,3001.8576841238223,2711.8024606455533,2772.602495769439,39.83116085491656,2815.8278302383733,2842.722706222467,2788.9329542542796,13.447437992046776,0.2524029940499207,False
West Adams,2023-10-31,2824.299796561379,2606.4114,3014.11119325975,2711.5528149055153,2780.1263738768635,44.17342268451557,2821.769772396598,2848.664648380815,2794.874896412381,13.4474379921084,0.18814172367884108,False
West Adams,2023-11-30,2827.6624082580374,2597.7065,3019.9958206659835,2711.2156573361003,2779.344114970544,48.31829328749336,2818.378419598502,2845.273295582754,2791.4835436142503,13.447437992126048,0.6903908876967807,False
West Adams,2023-12-31,2827.669943742879,2571.844,3048.80122682147,2710.4196346244253,2780.838554026539,46.8313897163398,2813.4945823085814,2840.3894582928438,2786.599706324319,13.447437992131286,1.0541310123200252,False
West Adams,2024-01-31,2825.2568149978815,2723.8977,2928.710857785763,2838.784920597271,2834.1619336201356,-8.905118622254122,2854.684667367571,2881.579543351838,2827.789791383304,13.44743799213349,2.188361259967924,True
West Adams,2024-02-29,2852.190376147639,2735.3784,2956.068649589456,2824.930742432151,2841.5039957363847,10.686380411254504,2861.8407723364576,2888.735648320731,2834.9458963521843,13.447437992136594,0.7176382733488025,False
West Adams,2024-03-31,2862.9010863211806,2750.4495,2963.3656131187745,2815.248833970309,2844.8344312832355,18.06665503794511,2868.9031900316845,2895.798066015977,2842.008314047392,13.447437992146158,0.4463380838451143,False
West Adams,2024-04-30,2890.980997867329,2752.5823,2965.6953195607184,2803.522314766029,2841.8974195245996,49.0835783427292,2872.1349389250604,2899.0298149094187,2845.240062940702,13.447437992179285,1.4014609280380579,False
West Adams,2024-05-31,2864.284820989082,2756.0618,2969.7625947373135,2786.5385453233794,2837.989531846587,26.29528914249522,2866.7445493544947,2893.639425339085,2839.8496733699044,13.447437992295244,0.18291427445084105,False
West Adams,2024-06-30,2856.041602860394,2754.9075,2970.3593031290175,2773.019909388399,2832.8330018891747,23.20860097121931,2861.104136238013,2887.999012223416,2834.20926025261,13.447437992701449,0.3764682444791201,False
West Adams,2024-07-31,2856.04952050711,2749.9487,2976.9083873586624,2760.3094573622075,2828.805987746117,27.243532760993276,2858.6485637192495,2885.5434397074987,2831.7536877310004,13.447437994124506,0.19327422899010122,False
West Adams,2024-08-31,2870.1989127166416,2799.4426,3000.623963074998,2756.502689487704,2850.031223258799,20.167689457842695,2882.500419662663,2909.3952956608828,2855.605543664443,13.447437999109944,0.9147844323719899,False
West Adams,2024-09-30,2911.673444330846,2819.7559,3024.247945589897,2757.39554354739,2864.2435251987404,47.429919132105624,2904.333598902961,2931.2284749361124,2877.4387228698097,13.447438016575601,0.5458173827147976,False
West Adams,2024-10-31,2922.852995641484,2778.3184,3029.12218345946,2764.059154311141,2855.9353031293385,66.91769251214555,2900.6663693432924,2927.5612454988195,2873.7714931877654,13.447438077763609,1.649877556854505,False
West Adams,2024-11-30,2924.719852937967,2804.7593,3029.941135262072,2775.33188845035,2868.287370726007,56.43248221196018,2908.651938636595,2935.546815220846,2881.757062052344,13.447438292125566,1.194868044037236,False
West Adams,2024-12-31,2884.2453932139965,2785.0815,3055.741177497286,2791.796177968597,2877.0323814797116,7.213011734284919,2906.50708027291,2933.401958359124,2879.6122021866963,13.447439043106844,1.655459226920262,False
West Adams,2025-01-31,2888.1609402875056,2784.0217,2955.6557020338546,2896.270414750322,2882.3414193244807,5.819520963024843,2909.9642135367726,2936.8590968848607,2883.0693301886845,13.447441674043946,1.621369607807088,False
West Adams,2025-02-28,2897.155378282934,2764.8816,2976.5888313699347,2889.4465491440465,2881.0101928185936,16.145185464340557,2915.6329367539497,2942.5278385361266,2888.738034971773,13.447450891088435,1.374056585662637,False
West Adams,2025-03-31,2958.3064776974516,2842.4922,2984.3869227569944,2887.9126229684884,2906.222008881453,52.08446881599866,2955.3463585347617,2982.2413248975895,2928.451392171934,13.447483181413972,0.22012439952925922,False
West Adams,2025-04-30,2961.404459105759,2804.4526,2984.424165973314,2887.198801246247,2894.5974726547943,66.80698645096481,2957.0216569318277,2983.916849540953,2930.1264643227023,13.447596304562746,0.3259171432135531,False
West Adams,2025-05-31,2987.321123328158,2823.188,2981.482444205854,2888.639261913386,2899.759979549795,87.5611437783632,2973.7046359739547,3000.6006211841695,2946.80865076374,13.447992605107288,1.0125293598768657,False
West Adams,2025-06-30,2977.4054230974416,2813.9187,2975.3700137758674,2891.9737705160887,2896.2038705547534,81.2015525426882,2976.140876774258,3003.039638545728,2949.2421150027876,13.449380885735083,0.09402264185891417,False
West Adams,2025-07-31,2996.4304336179157,2814.8457,2976.5572657772404,2895.216343237768,2898.074816364827,98.3556172530889,2983.490782500758,3010.399269230663,2956.5822957708533,13.454243364952484,0.9617524194074798,False
West Adams,2025-08-31,3013.779447014678,2811.4668,2995.7061025124913,2897.1172217508374,2904.0983358733083,109.68111114136993,2989.7399265606587,3016.6824553676133,2962.797397753704,13.471264403477432,1.7845036454016179,False
West Adams,2025-09-30,3008.171089623249,2816.8657,3017.477721033877,2897.869442395274,2913.1874269019495,94.98366272129942,2989.2948996395103,3016.3563513723966,2962.233447906624,13.530725866443241,1.3950611486854345,False
West Adams,2025-10-31,2977.1508903224094,2807.0798,3022.2519984403843,2897.450522285657,2911.6846855706717,65.46620475173768,2970.5945449905744,2998.0685629849077,2943.120526996241,13.737008997166633,0.4772760452012921,False
West Adams,2025-11-30,2925.6379443761734,2819.4639,3017.5379823742187,2897.840761881615,2913.973481025847,11.664463350326514,2953.023933507453,2981.896842708778,2924.151024306128,14.436454600662495,1.8970024060514656,False
West Adams,2025-12-31,2922.9371304573965,2806.9878,3028.5683645020663,2898.5654096736102,2914.158042182634,8.779088274762671,2944.4674543578158,2977.780948179247,2911.1539605363846,16.65674691071554,1.2925887631541417,False
West Hollywood,2022-01-31,2950.5384198946676,2861.3357,2816.175611022338,2932.197194015615,2872.6628920658927,77.87552782877492,2950.5709930177727,2952.5654851264344,2948.576500909111,0.997246054330936,0.03266307511268089,False
West Hollywood,2022-02-28,2981.9648735662568,2896.9968,2814.2761800464523,2934.3166077923324,2883.4815999442344,98.48327362202237,2979.265672104418,3002.582813534126,2955.94853067471,11.65857071485399,0.23152078634170553,False
West Hollywood,2022-03-31,3000.843079509488,2922.2021,2817.8866969019823,2933.608052439714,2891.9479026809204,108.8951768285674,2999.4773427818013,3023.4990376324913,2975.4556479311113,12.010847425345046,0.1137086067438853,False
West Hollywood,2022-04-30,3011.3905264315717,2937.1924,2808.4175879582945,2934.0509512571343,2893.4636268732843,117.92689955828746,3009.6364841476375,3033.701041818258,2985.571926477017,12.032278835310288,0.14577806137013896,False
West Hollywood,2022-05-31,3007.0683669010514,2927.9355,2797.772943468093,2937.2139513812817,2888.3496156608994,118.71875124015196,3009.181994312342,3033.249198289088,2985.114790335596,12.033601988373082,0.17564378575727088,False
West Hollywood,2022-06-30,3027.2317403286497,2935.1077,2817.9747099837937,2942.8936878604213,2899.275611949211,127.95612837943872,3029.568121082829,3053.635488584853,3005.5007535808045,12.03368375101217,0.19415341142242226,False
West Hollywood,2022-07-31,3063.8247915257516,2933.6404,2859.08988418472,2949.846936424289,2915.0032272324256,148.821564293326,3060.0624079450763,3084.1297855525004,3035.995030337652,12.033688803712034,0.3126542192439096,False
West Hollywood,2022-08-31,3073.7543333690155,2921.2517,2876.8072890504477,2957.296515708908,2919.9158234852207,153.8385098837948,3071.196303599323,3095.2636818312344,3047.1289253674117,12.033689115955651,0.21257236603985263,False
West Hollywood,2022-09-30,3067.5632385526615,2905.983,2870.2896329684145,2962.2655838382266,2915.037789464494,152.52544908816753,3066.72960411213,3090.796982382633,3042.662225841627,12.033689135251493,0.06927505193704639,False
West Hollywood,2022-10-31,3061.875704825795,2875.345,2877.049855368032,2964.3012931095113,2908.8669459246403,153.00875890115458,3059.0766899275136,3083.1440682004013,3035.009311654626,12.033689136443922,0.23259823851344824,False
West Hollywood,2022-11-30,3057.283840733396,2856.1997,2901.5310251051014,2963.3735123956335,2910.8914315459706,146.39240918742553,3053.261798817785,3077.32917709082,3029.19442054475,12.03368913651761,0.33423182755016995,False
West Hollywood,2022-12-31,3062.3846150829904,2852.4863,2913.444985090554,2959.5048731288293,2912.285938547868,150.0986765351222,3037.681803882554,3061.749182155598,3013.61442560951,12.033689136522165,2.0528044974118087,True
West Hollywood,2023-01-31,3060.113221068156,2915.5781,3127.4817829096223,3057.0897195526773,3038.0503918413247,22.062829226831127,3090.3651114015875,3114.4324896746325,3066.2977331285424,12.033689136522447,2.513933172536205,True
West Hollywood,2023-02-28,3094.076468926901,2927.4646,3161.3642249375607,3054.689080908605,3051.9139639530877,42.16250497381316,3099.857613793461,3123.924992066506,3075.790235520416,12.033689136522465,0.4804133459132006,False
West Hollywood,2023-03-31,3111.9708776766647,2940.934,3168.8452792055914,3052.40042351006,3057.5656113489867,54.40526632767797,3114.2687065905266,3138.3360848635716,3090.2013283174815,12.033689136522465,0.19094966521765963,False
West Hollywood,2023-04-30,3131.234283446348,2946.4844,3157.812354458493,3050.7131899198876,3054.9530529882795,76.28123045806842,3125.634573261401,3149.701951534446,3101.567194988356,12.033689136522465,0.4653361173589309,False
West Hollywood,2023-05-31,3136.8140939884315,2963.9456,3158.2465581112615,3049.582698385878,3059.8979507269532,76.91614326147828,3131.839467250833,3155.906845523878,3107.772088977788,12.033689136522465,0.4133916604482125,False
West Hollywood,2023-06-30,3126.9194938759274,2958.8582,3182.3785652591732,3049.062027884542,3066.1606304119855,60.75886346394191,3128.063444899806,3152.1308231728513,3103.996066626761,12.033689136522465,0.09506237114404617,False
West Hollywood,2023-07-31,3138.5152058929616,2976.179,3215.359541818224,3049.0479838311444,3082.235117520199,56.28008837276275,3136.697446512714,3160.764824785759,3112.630068239669,12.033689136522465,0.15105586974321855,False
West Hollywood,2023-08-31,3124.9106963896384,2960.1167,3234.5259161666654,3049.4253295345034,3083.908115024177,41.00258136546154,3126.8013442797956,3150.8687225528406,3102.7339660067505,12.033689136522465,0.15711290753289592,False
West Hollywood,2023-09-30,3124.680029321628,2969.7166,3235.951862936513,3049.991491085753,3087.459207237293,37.22082208433494,3123.0775001584757,3147.1448784315207,3099.0101218854306,12.033689136522465,0.13317023097736544,False
West Hollywood,2023-10-31,3116.8276252305714,2979.0725,3232.617270817254,3050.740280095679,3089.4314815176735,27.39614371289781,3114.1350688382286,3138.2024471112736,3090.0676905651835,12.033689136522465,0.2237515328473395,False
West Hollywood,2023-11-30,3102.78956050582,2983.5327,3242.1617459063345,3051.650557464843,3094.256972249224,8.532588256596227,3101.930343418906,3125.997721691951,3077.862965145861,12.033689136522465,0.07140097076236285,False
West Hollywood,2023-12-31,3099.3163877315283,2974.5908,3276.2328561338095,3052.6264913921364,3103.207041960836,-3.890654229307529,3091.8986868181796,3115.9660650912247,3067.8313085451346,12.033689136522465,0.6164112121420591,False
West Hollywood,2024-01-31,3088.4413522713658,3075.3655,3239.2858343740704,3134.8762507339925,3151.596077881575,-63.154725610209425,3104.4584279510746,3128.5258062241196,3080.3910496780295,12.033689136522465,1.3310195638830726,False
West Hollywood,2024-02-29,3114.1625559175154,3073.8218,3275.5354343906506,3129.4502686373453,3161.10607754803,-46.943521630514624,3114.5181648833545,3138.5855431563996,3090.4507866103095,12.033689136522465,0.02955111782506657,False
West Hollywood,2024-03-31,3126.5217467255934,3092.522,3286.4477501845977,3128.0457172588904,3169.7832545427923,-43.26150781719889,3124.552761534007,3148.620139807052,3100.485383260962,12.033689136522465,0.16362274009341532,False
West Hollywood,2024-04-30,3118.622926220515,3080.3018,3280.406163636593,3127.899909803294,3164.0788948511363,-45.4559686306211,3115.733733282496,3139.801111555541,3091.666355009451,12.033689136522465,0.24009203685091085,False
West Hollywood,2024-05-31,3107.302848520882,3090.4983,3282.932908842504,3127.159603206902,3167.6881540462095,-60.38530552532757,3109.666199557236,3133.733577830281,3085.5988212841908,12.033689136522465,0.19639455594852243,False
West Hollywood,2024-06-30,3109.338928316012,3097.9355,3301.7165462964917,3123.8607962345063,3174.8980681670705,-65.55913985105872,3112.5671185271467,3136.6344968001918,3088.4997402541017,12.033689136522465,0.26826272241441507,False
West Hollywood,2024-07-31,3124.9752365326754,3099.7136,3325.0378185195736,3118.830006985332,3181.2742846228325,-56.29904809015716,3121.9664170172464,3146.0337952902914,3097.8990387442013,12.033689136522465,0.25003300972740067,False
West Hollywood,2024-08-31,3119.955505401601,3105.1887,3338.4524396176303,3113.8730159508927,3185.508587518403,-65.55308211680222,3122.3899738636583,3146.4573521367033,3098.322595590613,12.033689136522465,0.20230441657709428,False
West Hollywood,2024-09-30,3119.7661649750435,3109.264,3339.0612203747655,3111.506142667437,3186.0512400712933,-66.28507509624978,3124.6512046951143,3148.7185829681594,3100.5838264220693,12.033689136522465,0.4059469760761213,False
West Hollywood,2024-10-31,3132.8967187504295,3093.5276,3333.5994979353404,3111.48547819372,3179.533704361193,-46.63698561076353,3130.947469644595,3155.01484791764,3106.88009137155,12.033689136522465,0.16198267065904698,False
West Hollywood,2024-11-30,3142.602703158293,3091.6445,3337.2799572487374,3113.918044544975,3181.088527783929,-38.485824625635814,3140.8888314026435,3164.9562096756886,3116.8214531295985,12.033689136522465,0.14242280441029898,False
West Hollywood,2024-12-31,3132.1616530820493,3086.5479,3365.4245970587885,3118.7453897381274,3190.6562283771423,-58.494575295093,3154.95041247143,3179.017790744475,3130.883034198385,12.033689136522469,1.8937467232121574,False
West Hollywood,2025-01-31,3188.5545048895547,3088.2688,3194.96279287777,3180.24814525205,3157.613603376279,30.94090151327555,3178.1609918619215,3202.2283701349666,3154.0936135888765,12.03368913652254,0.8637013056496186,False
West Hollywood,2025-02-28,3220.5187394966524,3087.7546,3217.7345147245132,3177.1941843024524,3163.855281216914,56.66345827973828,3217.0494461077155,3241.116824380763,3192.982067834668,12.03368913652368,0.28829840514362076,False
West Hollywood,2025-03-31,3276.199079006246,3147.428,3225.7506625449387,3176.870708618474,3184.2251149898825,91.97396401636342,3262.1863697610665,3286.2537480341507,3238.1189914879824,12.033689136542126,1.1644566412292559,False
West Hollywood,2025-04-30,3244.8217836872427,3102.1296,3215.299082258905,3177.8132666216393,3167.57722217268,77.24456151456252,3238.478983184205,3262.546361457886,3214.4116049105237,12.033689136840604,0.5270869494499993,False
West Hollywood,2025-05-31,3226.967463399069,3134.244,3207.9898372581315,3179.0404783587496,3175.216896724432,51.75056667463696,3224.652979762386,3248.720358045727,3200.585601479045,12.033689141670543,0.1923336731995839,False
West Hollywood,2025-06-30,3193.494738470371,3127.1753,3218.6539459519413,3179.5824522530424,3176.8293141983186,16.665424272052405,3199.542912334254,3223.6102907739105,3175.475533894598,12.033689219828196,0.5026034616958087,False
West Hollywood,2025-07-31,3183.0847366925072,3120.0632,3235.6122186401503,3179.3346489469036,3180.2165983766304,2.8681383158768767,3189.9447204915828,3214.0121014607194,3165.877339522446,12.033690484568385,0.5700648360676951,False
West Hollywood,2025-08-31,3189.6854117383173,3129.468,3240.3725495152376,3178.461118561478,3184.2780932723967,5.407318465920525,3196.6015841787794,3220.6690060797077,3172.534162277851,12.033710950464275,0.5747331362025061,False
West Hollywood,2025-09-30,3215.8502631051606,3108.019,3234.3033442349756,3176.9649765886807,3175.305248208631,40.545014896529665,3205.932572043816,3230.000656289717,3181.864487797915,12.03404212295039,0.8241363086297495,False
West Hollywood,2025-10-31,3208.099091573119,3131.7026,3228.589402436286,3174.67236397579,3179.6476457227936,28.4514458503254,3206.053092536112,3230.131892257193,3181.9742928150313,12.03939986054057,0.16994194552946243,False
West Hollywood,2025-11-30,3201.8895762321445,3122.962,3229.645693071777,3172.1298061560706,3176.441665315735,25.447910916409455,3193.978227998183,3218.2297664083,3169.7266895880657,12.125769205058536,0.6524409374488905,False
West Hollywood,2025-12-31,3147.8575594346203,3088.8706,3241.1869420830826,3169.1888182980592,3168.9748221911823,-21.117262756562013,3159.673728118701,3186.566703380817,3132.780752856585,13.44648763105809,0.878755032503865,False
Westwood,2022-01-31,3508.330209839883,3326.3418,3341.368639115509,3527.7671020555713,3405.9370778683133,102.3931319715698,3508.358035563006,3510.3565774339454,3506.3594936920667,0.9992709354697754,0.027846024393219877,False
Westwood,2022-02-28,3530.192822233535,3192.458,3355.5090684966553,3523.3313570654236,3368.9414687398057,161.2513534937293,3521.5275470348715,3566.0856039948435,3476.9694900748996,22.27902847998598,0.3889431355841382,False
Westwood,2022-03-31,3568.0393240785147,3226.4924,3370.3437149837764,3518.995546400045,3382.4134211729615,185.6259029055532,3568.6622197828315,3614.8778676918264,3522.4465718738365,23.10782395449745,0.026956051996664405,False
Westwood,2022-04-30,3620.800896465921,3240.174,3388.816965494117,3519.703802688107,3392.872198248363,227.92869821755812,3613.969977737546,3660.309077676956,3567.6308777981358,23.16954996970509,0.2948231076718675,False
Westwood,2022-05-31,3675.7793760632953,3383.6204,3411.03878021282,3525.6614574912683,3445.3095992503786,230.4697768129167,3688.2473607597017,3734.59582197394,3641.8988995454633,23.174230607119267,0.5380107284854583,False
Westwood,2022-06-30,3710.5805581127584,3237.1936,3430.059289508805,3534.21016740672,3410.9879225085333,299.59263560422505,3699.510056088779,3745.859228102848,3653.16088407471,23.174586007034673,0.477700098540783,False
Westwood,2022-07-31,3735.777003175526,3237.28,3448.2459745338524,3542.1829960204914,3419.979072068855,315.7979311066706,3733.0025940208934,3779.3518200112794,3686.6533680305074,23.17461299519294,0.11971760451882013,False
Westwood,2022-08-31,3765.960646507112,3232.389,3463.7587219907414,3548.1435589001812,3425.852787872528,340.10785863458386,3758.094033295242,3804.443263384482,3711.7448032060015,23.174615044620104,0.3394495741711069,False
Westwood,2022-09-30,3765.3217548603857,3221.485,3462.796089613758,3550.0264070138423,3422.972324059791,342.34943080059475,3759.449887615466,3805.7991180159656,3713.1006572149668,23.17461520024963,0.2533749618557846,False
Westwood,2022-10-31,3760.3860009087743,3243.4473,3437.878023314642,3548.3407741352594,3420.6773290354386,339.7086718733358,3750.2086572012126,3796.5578876253485,3703.859426777077,23.17461521206783,0.43915912346498914,False
Westwood,2022-11-30,3712.0332439736785,3182.6692,3408.716052847029,3543.5958365338793,3391.1098981011605,320.923345872518,3694.312963664338,3740.6621940902687,3647.9637332384073,23.174615212965275,0.764641834992812,False
Westwood,2022-12-31,3681.325572251314,3178.5173,3398.692561044847,3536.468954238375,3383.914983761118,297.410588490196,3627.0427732532366,3673.3920036793033,3580.69354282717,23.17461521303343,2.3423387389890857,True
Westwood,2023-01-31,3684.0508380236174,3555.692,3715.83783476154,3717.739575381909,3668.664998758021,15.385839265597042,3748.3397824301737,3794.689012856251,3701.9905520040966,23.174615213038603,2.7741105424112793,True
Westwood,2023-02-28,3705.374068280854,3607.195,3763.361796706934,3713.6401650505936,3698.2520099557855,7.122058325068338,3736.9075097857008,3783.256740211779,3690.5582793596227,23.174615213038994,1.3606888917619655,False
Westwood,2023-03-31,3770.8170142464264,3619.5542,3782.301899091236,3711.138915284655,3707.280625918712,63.53638832771412,3764.9700383905374,3811.3192688166155,3718.6208079644593,23.174615213039022,0.25230088178880516,False
Westwood,2023-04-30,3782.3157549533826,3627.8408,3804.282419101291,3710.137731898147,3716.652439095595,65.66331585778744,3782.2406145664418,3828.58984499252,3735.8913841403637,23.17461521303903,0.0032423574768180616,False
Westwood,2023-05-31,3793.3353517897976,3579.4333,3845.98793604228,3710.0468380768234,3715.932009247409,77.4033425423886,3789.275848194817,3835.6250786208952,3742.926617768739,23.17461521303903,0.17517026953460338,False
Westwood,2023-06-30,3785.8712255426167,3525.2769,3875.822780876051,3710.5072260228176,3709.773432097206,76.09779344541084,3783.1418986626254,3829.4911290887035,3736.7926682365473,23.17461521303903,0.11777226304400161,False
Westwood,2023-07-31,3784.625339584368,3523.123,3890.0366341831423,3711.099565887562,3714.047168586431,70.57817099793692,3782.2424538542573,3828.5916842803354,3735.893223428179,23.17461521303903,0.10282309791023228,False
Westwood,2023-08-31,3776.432272575177,3512.8843,3911.0362037458985,3711.7407063981177,3718.164873578328,58.2673989968489,3776.648941161774,3822.998171587852,3730.299710735696,23.17461521303903,0.009349393054061317,False
Westwood,2023-09-30,3761.102533988785,3510.9724,3924.070933419625,3712.222752942324,3722.080350726478,39.02218326230695,3771.265830537851,3817.615060963929,3724.916600111773,23.17461521303903,0.43855297925127695,False
Westwood,2023-10-31,3775.343043861589,3514.3027,3895.69680929832,3712.296288668437,3713.724524462249,61.61851939934013,3772.9666919000138,3819.315922326092,3726.6174614739357,23.17461521303903,0.1025411614693386,False
Westwood,2023-11-30,3771.73594790105,3507.309,3855.268032310719,3712.035112179545,3698.173697836201,73.5622500648492,3762.946959611022,3809.2961900371,3716.597729184944,23.17461521303903,0.37925066739794383,False
Westwood,2023-12-31,3783.2070304066456,3523.419,3867.444738802194,3711.50452375905,3706.8182374339494,76.38879297269614,3760.3845904770283,3806.7338209031063,3714.03536005095,23.17461521303903,0.9848034027735826,False
Westwood,2024-01-31,3778.737833790368,3721.8513,3859.452347099792,3839.821663122828,3811.0417411965423,-32.3039074061744,3809.9374719411153,3856.2867023671934,3763.588241515037,23.17461521303903,1.346285055888666,False
Westwood,2024-02-29,3813.601353603424,3728.199,3905.32520318848,3831.5586840486512,3825.0406979657423,-11.43934436231848,3828.6832981503235,3875.0325285764015,3782.3340677242454,23.17461521303903,0.6507958989500694,False
Westwood,2024-03-31,3847.7313278060938,3650.1118,3931.0205809840704,3826.052610812844,3808.14890404515,39.582423760943584,3845.2608643340964,3891.6100947601744,3798.9116339080183,23.17461521303903,0.10660213549269121,False
Westwood,2024-04-30,3886.019689345384,3656.2063,3954.150613946348,3817.1049029398073,3814.301122398119,71.71856694726512,3880.177620824314,3926.526851250392,3833.828390398236,23.17461521303903,0.25208912704026326,False
Westwood,2024-05-31,3925.182149283018,3667.1724,3985.9903150542023,3805.003952900181,3823.6203499770913,101.5617993059268,3907.135582567767,3953.484812993845,3860.786352141689,23.17461521303903,0.7787213095693684,False
Westwood,2024-06-30,3917.4412163111456,3758.163,4007.163713229546,3791.244791336356,3852.7238401449745,64.7173761661711,3919.5094041792076,3965.8586346052857,3873.1601737531296,23.17461521303903,0.089243676676279,False
Westwood,2024-07-31,3913.5784014695378,3777.069,4016.929189262929,3778.50684109852,3856.884430513145,56.69397095639261,3910.879042682794,3957.228273108872,3864.529812256716,23.17461521303903,0.1164791199665797,False
Westwood,2024-08-31,3892.837478300181,3776.4897,4030.3383568960166,3770.594934223547,3858.212098190748,34.625380109432626,3894.2750216822737,3940.624252108352,3847.9257912561957,23.17461521303903,0.06203094930627774,False
Westwood,2024-09-30,3882.5294165750392,3784.3384,4037.30815068816,3773.360580721313,3863.887008767785,18.64240780725413,3884.7559427050232,3931.1051731311013,3838.406712278945,23.17461521303903,0.09607607757692112,False
Westwood,2024-10-31,3844.3647651686247,3728.8987,4016.003030524227,3784.2763499222174,3844.3148480131863,0.0499171554379245,3854.230053045786,3900.579283471864,3807.880822619708,23.17461521303903,0.42569370762858516,False
Westwood,2024-11-30,3856.78021683654,3738.293,3988.1487210951464,3799.927831385685,3843.7153922853167,13.06482455122341,3861.4646074924017,3907.8138379184797,3815.1153770663236,23.17461521303904,0.20213456019776968,False
Westwood,2024-12-31,3870.23580483013,3740.4941,3999.728727157386,3816.0009510861505,3854.156171571527,16.079633258602826,3888.660485773095,3935.0097161991735,3842.3112553470164,23.174615213039147,0.7950371889949706,False
Westwood,2025-01-31,3967.9496740203554,3728.0405,3971.988775346548,3909.5842503044487,3875.936679787157,92.01299423319824,3962.28458735689,4008.633817782971,3915.9353569308087,23.174615213040575,0.244452242634567,False
Westwood,2025-02-28,4025.6962700806616,3710.102,4010.6907833674272,3905.886639213475,3881.9962418325345,143.70002824812718,4009.39898815738,4055.748218583499,3963.049757731261,23.17461521305939,0.7032385118983806,False
Westwood,2025-03-31,4073.8095794322994,3794.9324,4039.501795535203,3905.0137069308134,3916.5569504162945,157.2526290160049,4053.977521241213,4100.326751667827,4007.6282908145986,23.17461521330716,0.8557664496254993,False
Westwood,2025-04-30,4025.3164985607614,3766.0862,4067.2025323850753,3905.0905491563694,3917.11764152864,108.19885703212094,4026.787292612654,4073.1365230457936,3980.438062179514,23.174615216569954,0.06346573772694808,False
Westwood,2025-05-31,4036.655614152271,3845.8655,4098.053933939375,3905.6868855726143,3951.387056444248,85.26855770802331,4036.1068104468236,4082.4560409658966,3989.7575799277506,23.17461525953645,0.023681243423654196,False
Westwood,2025-06-30,4001.832791063191,3829.1245,4115.622995303701,3905.806757472904,3952.23378309123,49.59900797196087,4010.958482389803,4057.3077140404953,3964.609250739111,23.174615825346212,0.3937796160872447,False
Westwood,2025-07-31,4010.4886859118697,3843.4148,4122.013367490373,3903.703330933072,3957.838965270237,52.64972064163248,4007.9478399182876,4054.2970864708527,3961.5985933657225,23.174623276282475,0.10963914978009599,False
Westwood,2025-08-31,3995.244312695052,3832.8557,4129.801710823467,3901.203453056344,3956.3303300693296,38.91398262572238,3992.9845195934427,4039.3339623827583,3946.635076804127,23.174721394657748,0.09751112266468036,False
Westwood,2025-09-30,3966.5463232017873,3816.8394,4130.926667813863,3899.793019510252,3951.391346095131,15.154977106656588,3970.287235264358,4016.6392621446944,3923.9352083840217,23.176013440168077,0.16141309507841975,False
Westwood,2025-10-31,3950.711899362559,3810.7888,4110.299946854595,3899.7598477220554,3942.7522616620504,7.959637700508665,3951.014151421752,3997.400193802564,3904.62810904094,23.193021190405993,0.013032026167757766,False
Westwood,2025-11-30,3920.4643754124127,3808.198,4087.8952565537934,3903.010880123092,3935.776641280531,-15.312265868118176,3933.9801491793246,3980.8118241458005,3887.1484742128487,23.415837483238022,0.5772065069556018,False
Westwood,2025-12-31,3964.161332164548,3813.1863,4098.858306919401,3906.116212961111,3942.042176464399,22.11915570014935,3955.9271323123253,4008.2744508790033,3903.5798137456472,26.17365928333901,0.3145987253803078,False
