Neighborhood,Date,Rent,predicted_rent_xgb,predicted_rent_prophet,predicted_lstm,predicted_ensemble,residual
Beverly Hills,2022-01-31,6427.59296157712,6259.767,6150.046869076152,6480.732199311553,6305.368325852515,122.22463572460492
Beverly Hills,2022-02-28,6487.461972748955,6202.75,6161.410998157897,6495.823353414642,6297.6700002044145,189.79197254454084
Beverly Hills,2022-03-31,6472.219521537098,6321.0093,6171.529798597473,6504.1095121208555,6339.439646640278,132.77987489682073
Beverly Hills,2022-04-30,6698.274628741606,6330.495,6142.632110909576,6516.520894258857,6337.322179475599,360.9524492660066
Beverly Hills,2022-05-31,6803.122365193703,6339.4473,6120.218196807228,6539.08292858616,6340.949204916883,462.17316027682045
Beverly Hills,2022-06-30,6913.100707879746,6268.7383,6171.100824718478,6571.551752713854,6348.658282121851,564.4424257578949
Beverly Hills,2022-07-31,6771.818261229069,6265.576,6269.04343889384,6608.579172265326,6393.8052603176875,378.0130009113818
Beverly Hills,2022-08-31,6689.612671305207,6187.0347,6339.458500020826,6637.607351953583,6404.354213400062,285.2584579051454
Beverly Hills,2022-09-30,6687.94877615459,6026.5054,6387.302420780728,6656.124587675034,6379.0369938743015,308.9117822802882
Beverly Hills,2022-10-31,6835.945345677373,6052.813,6459.082399211796,6663.076887770057,6413.203740207404,422.7416054699688
Beverly Hills,2022-11-30,6768.71673812275,5922.2705,6525.618927165545,6661.190174176238,6395.470328831939,373.24640929081124
Beverly Hills,2022-12-31,6649.243997172474,5702.3604,6542.9035788636165,6650.103483190567,6331.331268754283,317.91272841819136
Beverly Hills,2023-01-31,6608.856166066006,6252.4023,7001.699150961024,6816.810921734761,6709.186925157539,-100.33075909153285
Beverly Hills,2023-02-28,6832.875798941626,6268.0405,7105.63614772279,6803.8503569198565,6743.415278306429,89.4605206351971
Beverly Hills,2023-03-31,6877.871328408235,6384.137,7122.440562044656,6796.122026110275,6780.814784589002,97.05654381923341
Beverly Hills,2023-04-30,6783.20654427167,6304.31,7126.41395129513,6792.957942216709,6757.090643108895,26.115901162775117
Beverly Hills,2023-05-31,6747.903675923142,6293.288,7198.753992737803,6790.319503649217,6776.729017405607,-28.825341482464864
Beverly Hills,2023-06-30,6783.805810051977,6316.958,7268.390570285654,6787.490896858597,6805.774909978519,-21.969099926542185
Beverly Hills,2023-07-31,6902.6149176435265,6369.208,7277.108914266401,6784.957830846157,6823.338878910373,79.27603873315365
Beverly Hills,2023-08-31,6901.230153859917,6343.5947,7294.102512844235,6785.288138779631,6821.420884740298,79.80926911961888
Beverly Hills,2023-09-30,7026.903600335141,6336.938,7368.724562586364,6786.518374503171,6844.5519531895425,182.3516471455987
Beverly Hills,2023-10-31,7076.799485324742,6374.4346,7430.966782645427,6788.568978045451,6877.0951104374735,199.7043748872684
Beverly Hills,2023-11-30,6987.181973922573,6416.6074,7441.4356236252,6789.412923131386,6893.4761764278865,93.70579749468652
Beverly Hills,2023-12-31,6890.400888185774,6481.324,7496.197010726711,6790.108998037314,6931.182516704162,-40.78162851838715
Beverly Hills,2024-01-31,6853.813055833017,6816.543,7243.651222630279,7263.270718611536,7123.231372359194,-269.4183165261775
Beverly Hills,2024-02-29,6891.078401844294,6756.689,7357.854383998588,7250.53420436226,7138.366826790043,-247.28842494574928
Beverly Hills,2024-03-31,7033.620224720109,6803.8774,7386.953870001621,7245.196853931905,7160.1153061959185,-126.49508147580946
Beverly Hills,2024-04-30,7097.568154062814,6845.9062,7368.634147801504,7241.479575766593,7165.247692068791,-67.67953800597752
Beverly Hills,2024-05-31,7258.3126550223,6833.6636,7407.434412015467,7246.033554197304,7176.099811216688,82.21284380561156
Beverly Hills,2024-06-30,7338.785359152478,6866.734,7475.130528913809,7251.090957843359,7210.236444394819,128.54891475765908
Beverly Hills,2024-07-31,7451.771908960451,6905.792,7501.675675207754,7253.684616900273,7231.648393103783,220.12351585666784
Beverly Hills,2024-08-31,7314.726768535875,6909.6504,7525.224390549346,7244.573839282279,7237.210076249638,77.51669228623632
Beverly Hills,2024-09-30,7337.097546770253,6933.338,7600.582212277388,7234.462810739539,7265.454167225138,71.64337954511484
Beverly Hills,2024-10-31,7346.495634640109,6974.907,7665.072378753201,7224.895709218769,7295.653469433633,50.84216520647533
Beverly Hills,2024-11-30,7461.745711156686,6949.248,7653.758822312601,7225.98308426631,7284.645740179705,177.09997097698124
Beverly Hills,2024-12-31,7248.158584884635,6926.7153,7654.249040808963,7232.278427494655,7280.403799842536,-32.245214957900316
Beverly Hills,2025-01-31,7562.076781444176,6822.8433,7465.194575837833,7322.577231978516,7220.316376577941,341.76040486623515
Beverly Hills,2025-02-28,8008.718881179309,7042.7173,7556.011479218964,7305.229579061583,7309.6412631825615,699.0776179967479
Beverly Hills,2025-03-31,8431.527726027878,7144.148,7603.364995440696,7297.585541639133,7352.785104938038,1078.7426210898402
Beverly Hills,2025-04-30,8342.566083680718,7194.529,7603.44417682773,7295.650076856261,7367.156162595861,975.4099210848572
Beverly Hills,2025-05-31,8333.638141617552,7093.8735,7650.639007044325,7295.346499582943,7352.551216657357,981.0869249601947
Beverly Hills,2025-06-30,8340.072302972287,7152.0166,7730.999912689581,7293.217307367588,7395.7071608606775,944.3651421116092
Beverly Hills,2025-07-31,8432.814578996957,7197.593,7762.22753277472,7283.870916743111,7416.1917869463605,1016.6227920505962
Beverly Hills,2025-08-31,8356.848455885818,7212.5806,7761.0932064339695,7267.622294452761,7414.277428083571,942.571027802247
Beverly Hills,2025-09-30,8367.152151306549,7273.8984,7810.008218498796,7244.073607376262,7440.052496501301,927.0996548052481
Beverly Hills,2025-10-31,8217.117565430519,7336.125,7878.113661355651,7216.073393876614,7470.793115198235,746.3244502322841
Beverly Hills,2025-11-30,8205.897641189953,7438.465,7873.609130862193,7187.889724756152,7489.457829010996,716.4398121789573
Beverly Hills,2025-12-31,8133.311248123243,7222.9854,7838.743996066691,7162.501531842046,7404.107148845678,729.2040992775646
Boyle Heights,2022-01-31,1960.3910125643497,1988.9377,1960.435709379086,1994.6334262914145,1981.6270070033845,-21.235994439034812
Boyle Heights,2022-02-28,1952.4089672528376,1984.5509,1971.130147143914,1991.9902087389987,1982.871116344864,-30.462149092026493
Boyle Heights,2022-03-31,1973.801265098329,2008.539,1973.7244529909576,1989.471689777983,1989.9670336893223,-16.165768590993366
Boyle Heights,2022-04-30,2004.743366328242,2006.3453,1978.7483664012705,1989.1419709144827,1990.8496307601736,13.89373556806845
Boyle Heights,2022-05-31,2071.991036757228,2232.6475,1989.1228445523268,1990.780117398076,2062.541354342017,9.4496824152111
Boyle Heights,2022-06-30,2102.8213423070288,2257.4028,1992.9228974783337,1993.9813231548856,2072.384344956143,30.436997350885576
Boyle Heights,2022-07-31,2132.430871896524,2247.4153,1995.768414055126,1997.5941630144011,2071.6775784092106,60.753293487313385
Boyle Heights,2022-08-31,2170.6302015873675,2143.197,2016.4313927247536,2000.937554292702,2048.588936224849,122.04126536251852
Boyle Heights,2022-09-30,2206.9146318485405,2251.9912,2045.836725773126,2002.993128677806,2091.59535843668,115.31927341186065
Boyle Heights,2022-10-31,2238.083541243868,2142.522,2056.565864305387,2003.5428535953797,2062.618338879557,175.4652023643107
Boyle Heights,2022-11-30,2198.521641082875,2095.892,2045.873324348028,2003.056174495767,2044.963168551649,153.5584725312258
Boyle Heights,2022-12-31,2201.679756278299,2162.3513,2041.5038850613205,2001.594322017704,2062.8460578559752,138.83369842232378
Boyle Heights,2023-01-31,2141.6131183983784,2062.8157,2228.9480651692575,2165.073769039069,2155.615375984313,-14.00225758593433
Boyle Heights,2023-02-28,2138.1609937078206,2103.7295,2249.772553269258,2158.7995387281535,2172.4056821063214,-34.244688398500784
Boyle Heights,2023-03-31,2123.824025615749,2068.8367,2265.6345818770383,2153.4860711722495,2165.2484225659987,-41.4243969502495
Boyle Heights,2023-04-30,2143.2450834820543,2058.0667,2292.8263430783404,2149.6700262198583,2169.6026455488045,-26.357562066750233
Boyle Heights,2023-05-31,2181.411494689336,2011.1792,2332.5456019900794,2148.2863900256616,2168.2011422071496,13.210352482186408
Boyle Heights,2023-06-30,2139.537806472773,1977.2808,2359.9905697923255,2148.3483963369154,2167.1613822982467,-27.623575825473836
Boyle Heights,2023-07-31,2136.95335508915,1988.1029,2379.506327223556,2149.420169965568,2177.244550021027,-40.29119493187682
Boyle Heights,2023-08-31,2172.5266179048995,1993.7441,2414.9843937200094,2151.136173918529,2191.2936529823205,-18.767035077421042
Boyle Heights,2023-09-30,2213.1610786517003,2009.6566,2457.3213227892597,2153.2817210389912,2210.8397342079443,2.321344443756061
Boyle Heights,2023-10-31,2216.94641089298,2004.729,2475.202323776247,2155.6085380778,2216.138996057098,0.8074148358819002
Boyle Heights,2023-11-30,2273.0857350472,2048.711,2468.056214215923,2157.1935852923825,2227.5131265590708,45.57260848812939
Boyle Heights,2023-12-31,2319.904648116541,2058.0562,2471.5590506616027,2158.3980886251684,2231.9110690252487,87.9935790912923
Boyle Heights,2024-01-31,2352.9453186923447,2116.7993,2261.3523252539617,2271.7268247725374,2221.980307157212,130.96501153513282
Boyle Heights,2024-02-29,2290.658917838565,2075.7678,2254.8735498300102,2256.7196827839066,2202.0118271107112,88.64709072785354
Boyle Heights,2024-03-31,2241.003201613046,2124.7705,2258.3931047308824,2241.538199162749,2212.2003294738406,28.802872139205192
Boyle Heights,2024-04-30,2250.1397490745267,2156.258,2280.9756100882555,2229.034759207042,2224.4456945177308,25.69405455679589
Boyle Heights,2024-05-31,2284.86385688094,2164.339,2303.0156145365013,2218.5241538661385,2230.252449238707,54.61140764223319
Boyle Heights,2024-06-30,2335.921582836153,2180.041,2307.5473449477095,2211.7344337621,2233.9290469708553,101.99253586529767
Boyle Heights,2024-07-31,2292.027363389391,2189.8752,2314.263171990281,2212.233808562919,2239.273943334301,52.75342005509037
Boyle Heights,2024-08-31,2279.732460433327,2180.4292,2343.0691770385843,2218.066623167799,2248.132474510884,31.59998592244301
Boyle Heights,2024-09-30,2265.9242237048297,2208.3977,2375.6472033339437,2228.3148084703,2271.0591935426874,-5.134969837857625
Boyle Heights,2024-10-31,2240.7826044699837,2168.9392,2389.8725997379915,2241.425890224895,2268.8223184935277,-28.039714023544093
Boyle Heights,2024-11-30,2268.9415365073587,2176.017,2390.546970586299,2257.1349472450624,2276.9814396274887,-8.03990312013002
Boyle Heights,2024-12-31,2296.0972780474845,2155.71,2392.936334369923,2265.115541007649,2274.6570235555973,21.440254491887117
Boyle Heights,2025-01-31,2256.6537703517706,2129.2458,2377.454559471632,2309.056766480872,2277.90822938891,-21.25445903713944
Boyle Heights,2025-02-28,2219.9727458349817,2116.7651,2370.1891619313064,2302.8444211174833,2269.473814647838,-49.501068812856374
Boyle Heights,2025-03-31,2289.2533351109328,2210.418,2359.566895193955,2300.8942010009937,2293.2388096946024,-3.9854745836696566
Boyle Heights,2025-04-30,2328.364566491605,2185.0974,2376.7013661577425,2300.3455103134434,2291.129214918239,37.23535157336573
Boyle Heights,2025-05-31,2286.5639544998494,2197.87,2406.8006091837788,2299.9295387766592,2304.7425307574586,-18.178576257609166
Boyle Heights,2025-06-30,2255.24360028516,2173.6494,2416.059150519824,2301.898754954804,2301.2913940201597,-46.047793734999686
Boyle Heights,2025-07-31,2219.761301423922,2204.6401,2415.717654453381,2287.5337220635984,2305.1212777060464,-85.35997628212453
Boyle Heights,2025-08-31,2302.5242908749524,2224.3838,2434.1732712546277,2260.689838563161,2307.1784551385317,-4.654164263579332
Boyle Heights,2025-09-30,2316.55301210939,2211.2993,2458.9871746681615,2231.9309093204,2300.813388792888,15.73962331650182
Boyle Heights,2025-10-31,2327.909794212803,2232.005,2466.154606744604,2221.5803774590468,2305.5378117737782,22.371982439024578
Boyle Heights,2025-11-30,2366.2267879205283,2255.9385,2467.274830923945,2241.412202507135,2320.4109999590487,45.8157879614796
Boyle Heights,2025-12-31,2360.0496496870337,2218.1787,2484.6520243397185,2273.5632901398135,2326.7781049514274,33.27154473560631
Brentwood,2022-01-31,3417.4594609709707,5499.301,3240.086801941014,3418.4356998821204,3981.583299854159,-564.1238388831885
Brentwood,2022-02-28,3426.715850623776,5538.319,3241.2677661528664,3416.0737149827573,3992.763412270116,-566.04756164634
Brentwood,2022-03-31,3425.253612272422,5537.1904,3246.706925221049,3411.1738350981645,3992.408436435288,-567.1548241628661
Brentwood,2022-04-30,3463.9723684750907,5563.23,3237.9705121140837,3409.443127506185,3996.6643346228993,-532.6919661478087
Brentwood,2022-05-31,3494.8033075793333,5632.514,3228.283349700223,3413.312064104769,4015.609059839582,-520.8057522602489
Brentwood,2022-06-30,3562.110630344009,5610.09,3243.169174607835,3422.1245609465373,4017.0905084785745,-454.9798781345653
Brentwood,2022-07-31,3609.153577940744,5544.1914,3277.5252852395056,3433.210710377085,4012.852771525987,-403.69919358524294
Brentwood,2022-08-31,3648.0739513314174,5547.95,3306.4018174742064,3444.454474996503,4027.687045486118,-379.6130941547008
Brentwood,2022-09-30,3657.1852144657864,5547.7686,3326.255783833465,3451.7474411053536,4036.897341636802,-379.7121271710157
Brentwood,2022-10-31,3638.14494956574,5473.621,3346.438360234426,3454.6108405517234,4022.462051565964,-384.31710200022417
Brentwood,2022-11-30,3619.342156558518,5459.1006,3355.642094145715,3452.5852336906983,4020.412697566305,-401.0705410077867
Brentwood,2022-12-31,3631.56658478258,5460.8193,3344.1028048593025,3445.9305010845305,4014.6467710981956,-383.0801863156157
Brentwood,2023-01-31,3663.315374776227,3323.6448,3654.193602600524,3605.1524780444543,3537.20244457354,126.11293020268704
Brentwood,2023-02-28,3669.1566014852183,3346.392,3686.4948598975857,3596.816837176098,3551.591380734354,117.56522075086423
Brentwood,2023-03-31,3678.411271995236,3340.4692,3689.0088778963386,3590.337615423935,3548.2511076713795,130.1601643238564
Brentwood,2023-04-30,3631.0616873869417,3298.504,3685.485804895394,3586.592771457903,3533.1531535910085,97.90853379593318
Brentwood,2023-05-31,3666.67052950579,3318.6707,3703.7723782258863,3584.5777061268636,3544.4800275490097,122.19050195678028
Brentwood,2023-06-30,3704.3195208026577,3312.0815,3736.3411635696866,3583.7859350267604,3552.981952561719,151.3375682409387
Brentwood,2023-07-31,3750.666562056793,3333.7917,3771.7045082451705,3583.790021662297,3571.162879790504,179.5036822662887
Brentwood,2023-08-31,3766.4004652794497,3344.256,3807.320193760359,3584.3292637512723,3586.263400123791,180.13706515565855
Brentwood,2023-09-30,3754.196103937899,3384.7063,3832.4582843428966,3584.903573643516,3606.8783370489573,147.3177668889416
Brentwood,2023-10-31,3771.66099129456,3368.3005,3834.297242854541,3585.600797852912,3602.8398016982355,168.82118959632453
Brentwood,2023-11-30,3725.922227663339,3396.0186,3828.811612056261,3586.645588928893,3609.7003371341884,116.22189052915064
Brentwood,2023-12-31,3753.154322557541,3368.1753,3852.163815096313,3587.5213175852564,3609.4194931480574,143.7348294094836
Brentwood,2024-01-31,3763.096237571722,3651.0156,3865.9736738215634,3815.6349475713896,3783.0589263021498,-19.962688730427544
Brentwood,2024-02-29,3802.016837592126,3645.0005,3902.176197941903,3801.794434213352,3788.098994034775,13.917843557351262
Brentwood,2024-03-31,3777.414573834712,3655.9421,3898.403806720441,3794.408732615319,3787.386782776207,-9.972208941494955
Brentwood,2024-04-30,3796.015758311913,3671.646,3889.031135559273,3787.0760138658766,3786.2668452348325,9.748913077080488
Brentwood,2024-05-31,3826.5048799675337,3676.5295,3909.6686366597146,3785.338308734198,3793.904462665883,32.60041730165085
Brentwood,2024-06-30,3798.287684922525,3694.7373,3947.4170897302706,3780.987348112203,3810.213123293426,-11.925438370901247
Brentwood,2024-07-31,3804.846164930029,3668.9905,3982.480019420368,3775.6064157976,3812.1117810608225,-7.26561613079366
Brentwood,2024-08-31,3822.103258745948,3679.4963,4013.135653554256,3768.777892006064,3822.8554596409026,-0.7522008949545125
Brentwood,2024-09-30,3859.965703085895,3738.411,4033.7010052708183,3766.917683417209,3846.577088069601,13.388615016293897
Brentwood,2024-10-31,3855.492811107409,3714.448,4031.0512450335177,3771.639875406734,3840.2868087815573,15.206002325851841
Brentwood,2024-11-30,3803.711627608961,3660.5945,4022.075977109294,3777.2195089077018,3823.287289633184,-19.57566202422322
Brentwood,2024-12-31,3799.869810242689,3655.9177,4047.508545016651,3788.635379928188,3834.525111474999,-34.655301232310194
Brentwood,2025-01-31,3874.6517558727505,3711.8381,3988.327912327401,3912.43419850167,3877.5493883425806,-2.897632469830114
Brentwood,2025-02-28,4026.015732552558,3666.8462,4021.200346194882,3910.4383802808393,3874.224651898716,151.79108065384207
Brentwood,2025-03-31,4109.859803840807,3736.6738,4017.09919244726,3913.716991200232,3894.959559601826,214.90024423898103
Brentwood,2025-04-30,4100.8081680578025,3698.056,4010.725705263554,3917.853250353067,3882.8401407397487,217.96802731805383
Brentwood,2025-05-31,4085.6348356522017,3728.2744,4031.5000404021057,3922.4024780452246,3900.426462926549,185.20837272565268
Brentwood,2025-06-30,4106.81759340574,3786.5613,4060.639884147884,3924.313250835271,3928.191745427412,178.62584797832778
Brentwood,2025-07-31,4098.353713674172,3814.396,4085.288731222292,3921.4532106214,3943.6009595242613,154.7527541499103
Brentwood,2025-08-31,4101.10981369469,3798.3323,4115.056616700704,3915.3694028347263,3946.3838658055083,154.72594788918195
Brentwood,2025-09-30,4094.342538208077,3731.4302,4140.034214022151,3907.382987777005,3931.679762622177,162.6627755858999
Brentwood,2025-10-31,4100.697552697363,3783.8381,4135.560707791453,3898.902300417375,3942.7269389021994,157.97061379516344
Brentwood,2025-11-30,4067.5606830631264,3803.8672,4118.396701029734,3889.332188117947,3939.4957861037033,128.0648969594231
Brentwood,2025-12-31,4043.861923728128,3749.0488,4137.607370328229,3878.003098993044,3925.2595942110274,118.60232951710077
Culver City,2022-01-31,2941.767476528538,3178.0151,2800.666307036078,2949.106195919807,2968.4762364542903,-26.708759925752474
Culver City,2022-02-28,2963.412818619845,3218.5874,2813.5083020856296,2949.6109557629534,2985.0375616568394,-21.62474303699446
Culver City,2022-03-31,3005.3143087283643,3251.9924,2827.662737436413,2947.6879031526346,2998.990442826918,6.323865901446425
Culver City,2022-04-30,3046.813531912784,3293.2356,2822.316117558187,2947.5906588271832,3009.517284586742,37.29624732604225
Culver City,2022-05-31,3089.5960525519204,3308.1355,2813.6495883660273,2950.675685363935,3012.250177024796,77.34587552712446
Culver City,2022-06-30,3138.4167173387523,3314.292,2823.852970076026,2956.7456031621405,3019.71224303334,118.70447430541208
Culver City,2022-07-31,3126.1533182606317,3273.09,2847.6332082838967,2964.1132249820585,3017.9843993143268,108.16891894630498
Culver City,2022-08-31,3138.6954085138177,3275.384,2869.767808351839,2971.3618625336812,3028.672155100932,110.02325341288588
Culver City,2022-09-30,3125.932460314614,3211.4272,2889.7074071941315,2975.63725935173,3017.7263553713806,108.20610494323364
Culver City,2022-10-31,3111.6865680999385,3204.2917,2905.886342281869,2976.441167457587,3021.2387043173176,90.44786378262097
Culver City,2022-11-30,3081.216757882349,3183.057,2902.325242709568,2973.781341824215,3012.727802478804,68.48895540354533
Culver City,2022-12-31,3051.4845699038024,3145.7812,2881.150045097309,2967.913262916896,2992.4104535225247,59.07411638127769
Culver City,2023-01-31,3075.479006597723,2971.9766,3127.978096767825,3112.905657953557,3075.7553015073386,-0.27629490961544434
Culver City,2023-02-28,3104.7114194070327,2993.6895,3175.5921534051135,3108.068108710539,3096.1925189156154,8.518900491417298
Culver City,2023-03-31,3156.342028391979,2982.1838,3193.171720564482,3103.896291011792,3097.0177942335863,59.324234158392755
Culver City,2023-04-30,3165.44024270078,2995.8582,3196.807560321191,3100.998500455517,3101.2340577377436,64.20618496303632
Culver City,2023-05-31,3172.861676064267,2996.9978,3216.362844200755,3099.3482776232463,3107.427092629574,65.4345834346932
Culver City,2023-06-30,3167.545603934899,2996.2478,3238.709882745796,3098.640074412048,3114.327008179009,53.218595755889964
Culver City,2023-07-31,3167.477552295618,3019.9958,3250.729561330105,3098.705753178866,3125.4240296976827,42.05352259793517
Culver City,2023-08-31,3202.6282335609803,3015.7793,3266.9570454400296,3099.466708997383,3129.8091805376203,72.81905302336008
Culver City,2023-09-30,3222.6924515857436,3030.532,3288.4090191782634,3100.6381869214356,3141.744378235887,80.94807334985671
Culver City,2023-10-31,3220.2741647495513,3039.7717,3288.0915191130835,3102.169107480928,3144.968955071791,75.30520967776056
Culver City,2023-11-30,3165.2739752620337,3032.554,3267.5662868229656,3103.888420400836,3136.663796462804,28.610178799229743
Culver City,2023-12-31,3108.629674164341,3020.773,3273.9295537461685,3105.443639393786,3135.821238439461,-27.191564275120072
Culver City,2024-01-31,3094.158739259275,3067.82,3253.044068692783,3225.820919099594,3187.582995590019,-93.4242563307439
Culver City,2024-02-29,3152.8963606458897,3100.3293,3305.2433497632865,3222.4447666859555,3213.304957197713,-60.40859655182339
Culver City,2024-03-31,3225.451527491306,3144.356,3326.943464626317,3223.4590564394953,3234.0157342786256,-8.564206787319563
Culver City,2024-04-30,3246.128008784071,3138.547,3332.7526481673326,3225.81760896202,3235.0730651428185,11.054943641252521
Culver City,2024-05-31,3246.88216187527,3170.5146,3349.5088399142664,3228.7347074495806,3251.249478880585,-4.367317005314817
Culver City,2024-06-30,3255.9987802448395,3172.9177,3365.641508144303,3231.014973050271,3258.145201211828,-2.146420966988444
Culver City,2024-07-31,3281.270538403065,3178.4822,3374.4576443399246,3232.513612541043,3263.2780809806045,17.992457422460575
Culver City,2024-08-31,3262.585128053902,3176.3506,3394.039545056263,3231.112932885809,3268.5944070668197,-6.009279012917887
Culver City,2024-09-30,3251.0028923357895,3156.6914,3418.7688980029466,3228.2392275554403,3269.8263224440084,-18.823430108218872
Culver City,2024-10-31,3246.680886275749,3137.3164,3414.1601831335697,3224.414717730154,3261.093606365944,-14.412720090195307
Culver City,2024-11-30,3260.3786573882217,3177.0789,3383.734618688251,3221.417742298343,3261.8138981636766,-1.4352407754549859
Culver City,2024-12-31,3256.9040911623333,3163.5176,3382.0085320512144,3220.542593960901,3256.8648125919885,0.03927857034477711
Culver City,2025-01-31,3306.023753697006,3124.4636,3315.0690470646073,3285.117625037512,3246.988320540302,59.03543315670413
Culver City,2025-02-28,3361.3676755030847,3136.4937,3358.457260171079,3280.0957849691736,3263.065675499606,98.3020000034785
Culver City,2025-03-31,3373.95844649825,3208.589,3390.9897315741778,3278.296862517876,3294.7060799091914,79.25236658905851
Culver City,2025-04-30,3345.865397537642,3149.9395,3401.8841179409596,3277.8399768041822,3280.603862294299,65.26153524334313
Culver City,2025-05-31,3362.307168182586,3183.9778,3411.7624895138865,3277.78175307428,3294.0235993780866,68.28356880449928
Culver City,2025-06-30,3364.344542867948,3174.082,3425.924618895784,3276.9488993330874,3295.4376732419396,68.9068696260083
Culver City,2025-07-31,3410.6557962363177,3179.9568,3438.086139366868,3274.1641629842356,3300.182098021019,110.47369821529855
Culver City,2025-08-31,3355.759371272833,3218.7327,3450.2277351385455,3269.797701246031,3314.170066614614,41.589304658219135
Culver City,2025-09-30,3370.1265861568486,3204.881,3463.0756778024684,3267.4853171925497,3313.4189232585068,56.70766289834182
Culver City,2025-10-31,3340.5800293506427,3209.7573,3461.394126440791,3267.9099688154583,3314.4782678289234,26.101761521719254
Culver City,2025-11-30,3363.911484139534,3224.229,3440.4834819068974,3270.226804931702,3312.751394121341,51.16009001819293
Culver City,2025-12-31,3328.8799649765747,3190.5789,3429.39181011865,3271.636692262197,3299.5474662641377,29.332498712436973
Downtown LA,2022-01-31,2660.264283376211,2517.555,2492.1183550719275,2596.314217615974,2538.327640826411,121.93664254980013
Downtown LA,2022-02-28,2672.1737632577656,2535.6814,2488.555047578492,2601.6223484033917,2544.5356000529,127.63816320486558
Downtown LA,2022-03-31,2663.378885559106,2595.6577,2490.417815185987,2604.148039172685,2564.0176884200223,99.36119713908374
Downtown LA,2022-04-30,2669.7815653435205,2573.951,2490.994761506765,2605.7543409432683,2558.314060771542,111.46750457197868
Downtown LA,2022-05-31,2671.225959489719,2578.405,2485.119654517507,2607.574876523835,2558.3782048098947,112.84775467982445
Downtown LA,2022-06-30,2653.84462230737,2566.8975,2489.019723282682,2610.023826042043,2557.134362574203,96.71025973316728
Downtown LA,2022-07-31,2669.733512817101,2537.7097,2514.4551586533553,2612.797040085527,2557.843171541138,111.89034127596324
Downtown LA,2022-08-31,2665.512059674887,2485.4949,2541.0979102868846,2615.461978247788,2552.026741376623,113.48531829826425
Downtown LA,2022-09-30,2673.4339629620085,2464.895,2545.8094042193693,2616.915583262799,2547.964051593849,125.4699113681595
Downtown LA,2022-10-31,2660.9609644945526,2461.0215,2538.4865614185596,2616.939731874915,2544.3944997059084,116.56646478864423
Downtown LA,2022-11-30,2654.7381085659176,2423.4678,2539.4990884158415,2615.4501658572626,2532.9501820785995,121.78792648731815
Downtown LA,2022-12-31,2623.6692392415607,2398.7322,2545.930341809569,2612.519016747551,2526.594964409127,97.07427483243373
Downtown LA,2023-01-31,2617.81078940254,2507.228,2724.611355213593,2638.4828213675023,2627.711369514681,-9.900580112140688
Downtown LA,2023-02-28,2617.8420704121063,2514.236,2755.051895712525,2638.0249930163177,2639.6985955827954,-21.85652517068911
Downtown LA,2023-03-31,2633.693713763048,2525.951,2751.950468184826,2636.8482654588274,2641.739812908638,-8.046099145590233
Downtown LA,2023-04-30,2640.362276428245,2537.546,2743.16084542624,2635.580738334034,2641.831353534669,-1.4690771064238106
Downtown LA,2023-05-31,2651.494454840615,2554.8584,2746.4796327480535,2634.492747759027,2647.7009745963433,3.7934802442719047
Downtown LA,2023-06-30,2637.0967546634233,2556.716,2752.0635255414313,2633.7561365148217,2649.8290940729084,-12.732339409485121
Downtown LA,2023-07-31,2624.2829657967036,2560.014,2761.4085510314535,2633.512063977774,2653.8135180689414,-29.530552272237856
Downtown LA,2023-08-31,2602.0216876406225,2558.995,2782.9092061309043,2633.6928053390116,2660.6826069701033,-58.66091932948075
Downtown LA,2023-09-30,2578.756649063352,2562.1687,2796.6120677792032,2634.1417678494136,2666.3270673217185,-87.57041825836632
Downtown LA,2023-10-31,2546.23822931615,2561.787,2782.59470294382,2634.6868140729916,2661.781633979614,-115.54340466346412
Downtown LA,2023-11-30,2512.088875125936,2538.4155,2768.6846508441135,2635.1723923748673,2650.37657423401,-138.28769910807432
Downtown LA,2023-12-31,2496.929056253853,2533.646,2797.3756373964775,2635.4794490496447,2658.5478799716357,-161.61882371778256
Downtown LA,2024-01-31,2506.6798083220024,2536.9492,2641.3621184241765,2535.6140995568067,2570.966894151499,-64.28708582949685
Downtown LA,2024-02-29,2529.762735246027,2586.333,2660.9189297101952,2535.4593917810344,2592.1376810213305,-62.37494577530333
Downtown LA,2024-03-31,2556.899686746101,2603.8198,2662.706387197972,2540.4241308429127,2599.7958241122096,-42.89613736610863
Downtown LA,2024-04-30,2570.7123111956166,2625.091,2661.8317421699408,2549.8393607357943,2609.354346058657,-38.64203486304041
Downtown LA,2024-05-31,2580.399780297458,2626.9272,2665.242769458025,2560.57948216605,2615.0100000423986,-34.61021974494042
Downtown LA,2024-06-30,2592.7865570031904,2631.2012,2667.602553150403,2568.4918063558043,2619.999284470874,-27.212727467683635
Downtown LA,2024-07-31,2602.95281936464,2645.5452,2672.932430634276,2571.439014161615,2627.141254871149,-24.188435506508995
Downtown LA,2024-08-31,2597.5070611645115,2614.4526,2684.7741132037195,2569.6885311642172,2621.1113255221812,-23.604264357669763
Downtown LA,2024-09-30,2584.8193063475824,2635.9026,2687.093263470129,2564.4531867033406,2626.350912072125,-41.531605724542715
Downtown LA,2024-10-31,2574.1432669806454,2620.9873,2668.5892282606787,2557.4469494771793,2613.1797202266644,-39.03645324601894
Downtown LA,2024-11-30,2570.6708456998895,2656.8416,2652.0102220871904,2550.268820360842,2615.7592898855214,-45.08844418563194
Downtown LA,2024-12-31,2550.7479701055795,2645.5881,2664.7271080734477,2544.1420251037357,2614.3283445558604,-63.58037445028094
Downtown LA,2025-01-31,2551.1169393965865,2567.1104,2644.9138435177206,2572.8428110271643,2594.951196224153,-43.834256827566605
Downtown LA,2025-02-28,2557.8861555187345,2560.0818,2663.377779209533,2575.135544299829,2599.8023935402175,-41.91623802148297
Downtown LA,2025-03-31,2575.38843750813,2600.5469,2669.391744655903,2580.6716987500276,2615.9388910444413,-40.550453536311124
Downtown LA,2025-04-30,2575.21018080403,2587.1758,2670.2451501214578,2587.3922941701553,2614.7135193820873,-39.50333857805708
Downtown LA,2025-05-31,2580.265353884868,2580.65,2673.5673511634004,2593.034452384332,2615.9510948923908,-35.685741007522665
Downtown LA,2025-06-30,2584.122878459392,2618.4934,2677.240545965667,2595.884643402881,2629.534940302176,-45.41206184278417
Downtown LA,2025-07-31,2596.0263617529927,2621.431,2682.297042062612,2595.519002771324,2631.949059067318,-35.92269731432543
Downtown LA,2025-08-31,2593.2298468366193,2616.5427,2689.5401482789225,2592.258174032697,2631.673620080671,-38.4437732440515
Downtown LA,2025-09-30,2596.196573069565,2577.5984,2688.810423385916,2587.1844445512816,2617.9097501789356,-21.713177109370463
Downtown LA,2025-10-31,2581.1159185328856,2576.2634,2672.7289436715546,2581.6538099709346,2610.1460021588705,-29.030083625984844
Downtown LA,2025-11-30,2551.66401213632,2570.5676,2657.421870252897,2576.6878849227846,2601.543738696648,-49.87972656032798
Downtown LA,2025-12-31,2530.686613529449,2551.4785,2664.0992567876165,2572.9286211035696,2596.6511454670526,-65.96453193760362
Exposition Park,2022-01-31,2114.129695292431,2144.9927,2113.018132086132,2149.046583039638,2135.9258859656406,-21.79619067320982
Exposition Park,2022-02-28,2114.129695292431,2144.3438,2110.389563486406,2149.804518767183,2135.143866461632,-21.01417116920129
Exposition Park,2022-03-31,2114.129695292431,2149.5396,2107.4914640884604,2149.9290932947,2135.785435901024,-21.655740608593078
Exposition Park,2022-04-30,2114.129695292431,2146.5613,2107.527663862681,2150.100566058262,2134.970535231153,-20.840839938722183
Exposition Park,2022-05-31,2114.129695292431,2150.558,2110.5761340371896,2150.3412372213315,2137.2621962230965,-23.13250093066563
Exposition Park,2022-06-30,2114.129695292431,2155.8062,2113.5629475053115,2150.6498185621326,2139.9327884695467,-25.803093177115898
Exposition Park,2022-07-31,2128.3496975988896,2156.9065,2114.7179355065705,2151.0157344762115,2140.7790745818993,-12.42937698300966
Exposition Park,2022-08-31,2131.2401989254317,2156.6104,2114.721012287212,2151.517496858357,2140.8774727287982,-9.637273803366497
Exposition Park,2022-09-30,2160.0479923398284,2155.3281,2114.720040146929,2151.8784948987604,2140.627543378804,19.42044896102425
Exposition Park,2022-10-31,2181.811920318474,2154.0396,2114.7207824521047,2152.155314609397,2140.3451389697516,41.466781348722634
Exposition Park,2022-11-30,2227.325296533793,2184.836,2114.7198272950277,2152.332044710481,2149.617238882314,77.70805765147907
Exposition Park,2022-12-31,2281.231320164438,2233.9941,2114.7227782490845,2152.5211347772633,2164.3846500397817,116.84667012465616
Exposition Park,2023-01-31,2253.2147001708595,2113.354,2235.962206207709,2237.144758420785,2199.7452143725577,53.469485798301776
Exposition Park,2023-02-28,2227.921152193115,2108.9775,2240.1818611572,2225.837813926839,2195.642323980226,32.27882821288904
Exposition Park,2023-03-31,2203.292470012878,2093.2676,2254.7536167429275,2216.3519101819156,2192.2476358512176,11.04483416166022
Exposition Park,2023-04-30,2252.048212409911,2104.1448,2269.869304604395,2210.262068040333,2198.239501397459,53.80871101245157
Exposition Park,2023-05-31,2251.043465987283,2126.3057,2278.4839580307935,2208.8740700050134,2207.1979645537863,43.84550143349679
Exposition Park,2023-06-30,2278.9931325805665,2154.4097,2286.8466060085843,2211.2844025834083,2219.2571750990933,59.73595748147318
Exposition Park,2023-07-31,2284.222135845565,2169.8853,2301.192488414478,2216.7403264560867,2230.6470577782866,53.575078067278355
Exposition Park,2023-08-31,2329.6743790920027,2175.5847,2315.3845519532415,2223.9965185016335,2239.7303923347176,89.94398675728507
Exposition Park,2023-09-30,2328.234603325542,2190.9683,2327.996562059241,2232.449707943555,2251.630152292951,76.60445103259099
Exposition Park,2023-10-31,2345.502811554959,2181.6033,2349.027889063461,2240.3881156943926,2258.7232043918334,86.77960716312555
Exposition Park,2023-11-30,2358.843332463292,2160.0005,2375.941732796528,2247.3319922968253,2263.7335411575946,95.1097913056974
Exposition Park,2023-12-31,2375.1750233052653,2140.7095,2394.6317837761385,2252.276498108169,2265.9759782437363,109.19904506152898
Exposition Park,2024-01-31,2371.139941908846,2244.4023,2386.308364359211,2296.92173490662,2310.766051302363,60.3738906064832
Exposition Park,2024-02-29,2369.387873357645,2208.879,2384.784656477384,2281.4498584290363,2293.9099600480627,75.47791330958216
Exposition Park,2024-03-31,2342.4549761126664,2244.9385,2393.5045609271147,2272.951376676191,2304.4239144982103,38.03106161445612
Exposition Park,2024-04-30,2390.6079546742253,2293.7095,2410.593736837467,2269.8324220221266,2323.4975950563703,67.11035961785501
Exposition Park,2024-05-31,2432.878577977486,2315.15,2424.0981548505088,2264.8506856222048,2332.5254503639967,100.3531276134895
Exposition Park,2024-06-30,2488.2808114224354,2317.0088,2433.5583325442785,2263.762294896253,2335.804850062299,152.47596136013635
Exposition Park,2024-07-31,2431.8420193924735,2324.293,2448.7515914181076,2261.640121426603,2342.2182138163657,89.62380557610777
Exposition Park,2024-08-31,2381.64440596149,2237.1658,2466.9869508052316,2262.6000751357565,2322.5536666609755,59.09073930051454
Exposition Park,2024-09-30,2381.2364756802726,2244.6082,2480.9172628100036,2262.022127056593,2329.1690128456576,52.06746283461507
Exposition Park,2024-10-31,2431.7851338024375,2243.4512,2497.307856851064,2266.318166070746,2335.832503327991,95.95263047444632
Exposition Park,2024-11-30,2468.3386317255745,2269.446,2521.0776371456413,2272.067726170772,2353.5909626294597,114.7476690961148
Exposition Park,2024-12-31,2478.859821737707,2267.6355,2542.3313457988343,2281.271909739785,2363.4849961886116,115.37482554909548
Exposition Park,2025-01-31,2505.948313636728,2283.6738,2501.3112055475194,2288.7734188157897,2357.500468084817,148.4478455519111
Exposition Park,2025-02-28,2487.8926034185997,2274.2246,2498.4186702062084,2274.2594853768833,2348.3419988302694,139.55060458833032
Exposition Park,2025-03-31,2478.2333138681397,2328.9058,2500.991471366939,2264.2558992658273,2361.8336346592164,116.39967920892332
Exposition Park,2025-04-30,2452.814931080659,2296.1042,2517.372114621761,2254.4553908728753,2353.8105300079847,99.00440107267423
Exposition Park,2025-05-31,2416.3835008311803,2321.9714,2540.205766858924,2249.572207790995,2367.2819708640345,49.10152996714578
Exposition Park,2025-06-30,2374.0580627844615,2340.4185,2553.9017913695266,2235.396441272755,2372.0718472984377,1.986215486023866
Exposition Park,2025-07-31,2381.6233483815786,2360.828,2556.6884863203527,2216.5527291598096,2372.112986575858,9.51036180572055
Exposition Park,2025-08-31,2439.648970139649,2434.381,2558.646749937711,2208.7280439736483,2391.850721655942,47.798248483707084
Exposition Park,2025-09-30,2546.3285481170465,2303.5947,2569.6123628239716,2210.362005326365,2356.980585278238,189.3479628388086
Exposition Park,2025-10-31,2486.775174345397,2362.8472,2591.4856626817627,2215.3466489294865,2383.7715554360584,103.00361890933846
Exposition Park,2025-11-30,2438.6048916619666,2342.504,2616.482078959727,2221.62797044108,2388.2792054529386,50.325686209027936
Exposition Park,2025-12-31,2412.408500351529,2289.1836,2635.81998896656,2227.7235399470496,2380.9887753941866,31.41972495734217
Glassell Park,2022-01-31,2429.8887230765363,2604.6252,2369.662428857467,2447.867396201462,2468.8822903199944,-38.993567243458074
Glassell Park,2022-02-28,2486.659375638248,2660.7483,2363.2497406513007,2442.0727246238425,2481.394369021691,5.265006616557002
Glassell Park,2022-03-31,2551.7649175727897,2747.7024,2384.6481896985697,2439.0611106645383,2513.347469949144,38.417447623645785
Glassell Park,2022-04-30,2627.9216960735102,2776.3933,2417.6074124771894,2443.091446166625,2534.31243652438,93.60925954913046
Glassell Park,2022-05-31,2611.565685611248,2759.2402,2449.7304533040506,2452.946785167223,2543.4535961827432,68.11208942850499
Glassell Park,2022-06-30,2544.246743148225,2716.3826,2487.783302213638,2464.561960104638,2547.5221444469407,-3.2754012987156784
Glassell Park,2022-07-31,2551.9795341024756,2705.228,2532.005167478812,2473.640493470179,2562.167928114871,-10.188394012395293
Glassell Park,2022-08-31,2589.288338634912,2702.3845,2555.1416275355577,2479.282040609451,2571.0554921492912,18.23284648562094
Glassell Park,2022-09-30,2630.0816608799623,2737.7803,2552.5670234876184,2480.80587631385,2581.3510532658747,48.7306076140876
Glassell Park,2022-10-31,2643.2582831817213,2732.6587,2551.7339627808874,2479.508836332789,2579.063979612466,64.19430356925523
Glassell Park,2022-11-30,2614.0083436327,2713.878,2562.7352085598927,2476.0558214434245,2575.8062479478517,38.202095684848246
Glassell Park,2022-12-31,2649.474116573548,2710.241,2563.1275899055654,2470.5719059236867,2572.816823541655,76.657293031893
Glassell Park,2023-01-31,2629.875350788236,2653.561,2633.591452714975,2610.8722975633964,2631.1440998895464,-1.2687491013102772
Glassell Park,2023-02-28,2631.7465170127043,2684.401,2649.570622467112,2607.1467390616485,2644.2654565572575,-12.518939544553177
Glassell Park,2023-03-31,2637.122836080721,2705.3914,2683.770701714002,2604.2191664252996,2660.7605051025434,-23.637669021822603
Glassell Park,2023-04-30,2660.790990748972,2674.0566,2721.366885982778,2602.5733304813884,2663.209759298148,-2.418768549176093
Glassell Park,2023-05-31,2698.171124794828,2728.778,2739.8464759644376,2601.904725364695,2685.4298215396843,12.74130325514352
Glassell Park,2023-06-30,2662.303112611173,2755.302,2745.239520425428,2602.276261465126,2695.279731749078,-32.97661913790489
Glassell Park,2023-07-31,2682.3797882220306,2774.1287,2765.6706307543413,2603.4920665477675,2708.111888428101,-25.7321002060703
Glassell Park,2023-08-31,2669.4538956476545,2754.9756,2797.054236265953,2604.9527805881407,2713.3004943070637,-43.84659865940921
Glassell Park,2023-09-30,2693.7764689038904,2739.047,2809.715470369853,2605.998788183279,2713.111012447127,-19.334543543236578
Glassell Park,2023-10-31,2697.629007995211,2743.504,2803.1495772852463,2606.455263521668,2712.442336708974,-14.813328713762985
Glassell Park,2023-11-30,2733.395919763222,2794.6326,2802.8721065153554,2606.572069939109,2727.679380440753,5.716539322469089
Glassell Park,2023-12-31,2743.02746443446,2764.7058,2816.1888331172913,2606.587274633144,2723.1397269468625,19.887737487597406
Glassell Park,2024-01-31,2703.989538118381,2630.4187,2776.657502136855,2706.0611718868604,2706.7816989110165,-2.7921607926355136
Glassell Park,2024-02-29,2704.0626051523295,2638.6199,2787.626209403801,2691.529625362593,2707.475149359693,-3.4125442073636805
Glassell Park,2024-03-31,2726.3490651029165,2681.6477,2816.922809979697,2682.3032423691866,2726.604031518649,-0.25496641573272427
Glassell Park,2024-04-30,2786.105275888815,2666.668,2852.235077839995,2676.22898470858,2731.5471748316895,54.55810105712544
Glassell Park,2024-05-31,2765.141135768459,2682.2532,2869.766834531667,2674.378223433792,2741.3157367545978,23.825399013861443
Glassell Park,2024-06-30,2756.84377828888,2684.1338,2872.377943407873,2668.150820207426,2740.433770844574,16.410007444305847
Glassell Park,2024-07-31,2768.7157584641595,2690.961,2886.404553270185,2658.6775000247535,2743.6012784672353,25.114479996924274
Glassell Park,2024-08-31,2786.9628713784705,2710.985,2911.4900413071427,2650.2006894325777,2754.7386992306097,32.22417214786083
Glassell Park,2024-09-30,2820.9699946076894,2724.8303,2923.5386977841063,2652.1610597198496,2763.5867591039646,57.38323550372479
Glassell Park,2024-10-31,2789.1941831361733,2702.4216,2922.5358645447695,2660.808058656647,2759.7596725370204,29.434510599152873
Glassell Park,2024-11-30,2789.4863382745634,2680.8018,2928.352266732035,2674.153737640812,2760.1633148199653,29.323023454598115
Glassell Park,2024-12-31,2734.567205113612,2638.556,2943.254995292856,2686.1984751152017,2756.9219459229516,-22.354740809339546
Glassell Park,2025-01-31,2752.0882449872843,2638.8647,2812.6348921803356,2801.7932073193806,2756.6674418013617,-4.579196814077477
Glassell Park,2025-02-28,2800.02732180775,2675.007,2819.831582026156,2799.160816317172,2768.8760658338965,31.151255973853495
Glassell Park,2025-03-31,2830.6317786824193,2734.2354,2846.3811903250426,2799.1376606738254,2795.3501283368664,35.28165034555286
Glassell Park,2025-04-30,2852.9518900523585,2703.9285,2877.699575867589,2800.9223354044634,2797.302648072297,55.64924198006156
Glassell Park,2025-05-31,2838.202217438642,2728.9995,2888.5563997078248,2804.2840728323267,2809.632023119429,28.570194319212987
Glassell Park,2025-06-30,2886.441602635498,2704.635,2883.682364211601,2806.8705328412548,2801.695213540935,84.7463890945628
Glassell Park,2025-07-31,2923.974886610315,2709.1792,2892.060914600485,2808.473399150774,2806.417040729928,117.55784588038705
Glassell Park,2025-08-31,2942.787567134645,2722.4292,2914.7394668485063,2808.4064675101517,2817.849586392596,124.93798074204915
Glassell Park,2025-09-30,2927.812017297261,2673.7761,2924.600274694998,2807.4493112453915,2806.208920132692,121.60309716456868
Glassell Park,2025-10-31,2885.804184672634,2699.3257,2917.4499759880855,2805.943067632562,2810.9257611792113,74.87842349342282
Glassell Park,2025-11-30,2814.5625470688246,2669.1487,2913.400900409507,2804.189450197289,2799.9159133893936,14.646633679431034
Glassell Park,2025-12-31,2811.9039812050114,2646.1462,2917.8929663953236,2802.536075288596,2793.9112693993447,17.99271180566666
Hancock Park,2022-01-31,2149.117127346717,2136.7673,2067.204225063358,2140.6879401417946,2115.2267205119733,33.89040683474377
Hancock Park,2022-02-28,2147.6066209241617,2149.9988,2040.0452792727303,2140.8470687087993,2110.2643453845913,37.34227553957044
Hancock Park,2022-03-31,2159.407381101957,2223.2524,2026.3767280342624,2139.1436757678393,2127.0152753464035,32.39210575555353
Hancock Park,2022-04-30,2186.5399470997686,2204.8882,2032.5830969259273,2138.1791340902255,2123.2191588070204,63.32078829274815
Hancock Park,2022-05-31,2213.387589416105,2197.6936,2043.4741663662355,2139.2317779734353,2125.0581599224656,88.32942949363951
Hancock Park,2022-06-30,2229.4736527106515,2219.4507,2052.5204345676284,2142.286197464304,2135.684488914611,93.78916379604061
Hancock Park,2022-07-31,2244.068974784181,2228.31,2067.10134790026,2146.3622638273605,2144.66280021734,99.40617456684095
Hancock Park,2022-08-31,2252.209844182576,2209.6802,2086.651952891076,2150.7388768550877,2147.1769506626842,105.03289351989179
Hancock Park,2022-09-30,2254.250991898294,2151.0583,2103.125949117971,2153.816642803194,2136.236846102239,118.01414579605535
Hancock Park,2022-10-31,2245.69954081936,2140.5835,2117.9703485989485,2155.2528880729096,2138.544041182484,107.15549963687636
Hancock Park,2022-11-30,2237.0106354784944,2127.7126,2131.4457222044734,2154.9687697133904,2139.0449836848697,97.9656517936246
Hancock Park,2022-12-31,2233.6495842605714,2121.0852,2132.364580966102,2152.965724855429,2136.6252325921905,97.02435166838086
Hancock Park,2023-01-31,2257.25964186995,2350.8757,2291.7827674110817,2210.076311897134,2279.1769240112785,-21.917282141328542
Hancock Park,2023-02-28,2271.2628984447883,2369.246,2294.426725557088,2207.132647409049,2284.4522305665314,-13.189332121743064
Hancock Park,2023-03-31,2295.162584514165,2378.3274,2291.3108846058776,2204.6010981631043,2285.1993755215744,9.963208992590353
Hancock Park,2023-04-30,2290.667202542659,2378.9321,2302.9621586644134,2203.109168226044,2288.6785746119717,1.9886279306874712
Hancock Park,2023-05-31,2290.317052944481,2357.491,2326.4583807460363,2202.60756345821,2289.849041457399,0.4680114870820944
Hancock Park,2023-06-30,2269.9575026963316,2343.0452,2343.1229214337327,2202.696160081074,2291.0713792219926,-21.113876525661
Hancock Park,2023-07-31,2258.8173135228917,2348.9067,2356.1522136416356,2203.1001949215793,2297.2801027009496,-38.46278917805785
Hancock Park,2023-08-31,2269.4900045281715,2347.563,2376.543229172112,2203.59554936961,2303.801906267582,-34.31190173941059
Hancock Park,2023-09-30,2278.1571713454787,2361.236,2395.448178522244,2204.048313828563,2314.306144716716,-36.14897337123739
Hancock Park,2023-10-31,2258.6376577723477,2361.113,2401.834744097845,2204.42127048506,2316.5185507246497,-57.88089295230202
Hancock Park,2023-11-30,2248.8377687776547,2362.5974,2406.362811809159,2204.5326767165607,2318.5002999770463,-69.66253119939165
Hancock Park,2023-12-31,2245.2481294670415,2356.216,2424.5669176588003,2204.3862037557706,2322.5553724983474,-77.30724303130592
Hancock Park,2024-01-31,2256.1767472786705,2211.813,2349.4852667189434,2248.948035902966,2271.0773830057524,-14.900635727081863
Hancock Park,2024-02-29,2232.532425207902,2199.6047,2358.264336189543,2244.8730487716352,2268.8195922444966,-36.28716703659438
Hancock Park,2024-03-31,2232.1385206715813,2216.055,2355.135291292397,2242.6346373106885,2271.87399789856,-39.735477226978674
Hancock Park,2024-04-30,2219.243695989322,2221.839,2362.0448385509967,2239.4708538268146,2274.7148671278237,-55.47117113850163
Hancock Park,2024-05-31,2247.3678174357915,2234.9553,2377.274157827012,2235.5886968097675,2282.2316470463184,-34.863829610526864
Hancock Park,2024-06-30,2243.674182389918,2239.0564,2383.6846688179135,2231.082371197702,2283.9070303001117,-40.23284791019387
Hancock Park,2024-07-31,2261.497411595389,2251.3535,2387.953713810504,2227.0880331161206,2287.5145596920547,-26.01714809666555
Hancock Park,2024-08-31,2241.123520549539,2236.2773,2404.2816601911786,2224.1723142727787,2287.324072243136,-46.200551693596935
Hancock Park,2024-09-30,2255.890808390815,2226.45,2419.4136702339392,2222.5993220416844,2288.804984257974,-32.914175867158974
Hancock Park,2024-10-31,2236.9636730018983,2208.6973,2417.2458558778076,2222.3878221409736,2282.702706818453,-45.73903381655464
Hancock Park,2024-11-30,2239.5473082846106,2208.8823,2413.4920000668826,2224.0346891672957,2282.1273922871474,-42.58008400253675
Hancock Park,2024-12-31,2211.224283879958,2205.7058,2431.540451583511,2226.1144517197818,2287.9139801594215,-76.68969627946353
Hancock Park,2025-01-31,2279.718903246752,2218.1409,2283.1920330698767,2288.0863061620203,2265.5575858300294,14.16131741672234
Hancock Park,2025-02-28,2302.01382056712,2196.226,2282.427913922061,2286.283874800648,2258.085502146225,43.928318420895266
Hancock Park,2025-03-31,2332.1899342155957,2266.9795,2273.5847766199668,2285.537179275257,2276.0384349161122,56.151499299483476
Hancock Park,2025-04-30,2303.924673013656,2223.8992,2275.0949825399284,2285.4451586283203,2263.624170700225,40.300502313431025
Hancock Park,2025-05-31,2321.8767890848485,2267.371,2285.3182028425717,2285.7012667736767,2280.094606483099,41.782182601749355
Hancock Park,2025-06-30,2314.799594546382,2264.8699,2288.794467326567,2285.998182792134,2280.605916379301,34.19367816708109
Hancock Park,2025-07-31,2308.885336510984,2263.067,2288.4766424944005,2286.013804901963,2279.9676538447293,28.917682666254677
Hancock Park,2025-08-31,2289.419590172309,2256.5461,2296.2425779555706,2285.806437444098,2280.5082564353834,8.911333736925826
Hancock Park,2025-09-30,2271.9841856316716,2233.1965,2303.716142070199,2285.255221224029,2275.793690174299,-3.8095045426275647
Hancock Park,2025-10-31,2266.9239359575913,2241.7195,2297.467735517828,2284.637826883533,2276.0476626763366,-9.123726718745274
Hancock Park,2025-11-30,2251.8482817169493,2257.7598,2288.1881232727183,2283.7852448895856,2277.459954703943,-25.611672986993653
Hancock Park,2025-12-31,2249.5618806706184,2234.064,2293.6857645204013,2282.705791783415,2271.7930595422526,-22.231178871634256
Highland Park,2022-01-31,2415.628115303055,2541.2356,2400.6877182334256,2462.583322929371,2465.638524886039,-50.01040958298381
Highland Park,2022-02-28,2442.4215303357287,2559.4355,2410.302011444553,2463.6236192691154,2474.6429061590748,-32.22137582334608
Highland Park,2022-03-31,2487.7599610602447,2610.4438,2438.8638104807674,2462.772355475503,2499.017764152973,-11.257803092728409
Highland Park,2022-04-30,2518.154670320333,2612.8118,2459.197903581688,2463.3910184109245,2506.676093975888,11.478576344445173
Highland Park,2022-05-31,2525.0583057157887,2685.2395,2470.9570616767055,2466.4430709162666,2533.3468137946325,-8.288508078843734
Highland Park,2022-06-30,2554.8509875317227,2664.771,2497.5404927627183,2471.7804091137946,2537.9918242204385,16.859163311284192
Highland Park,2022-07-31,2592.273848017195,2651.5486,2539.0597238672667,2478.0996450829484,2550.10377087283,42.17007714436522
Highland Park,2022-08-31,2621.3562804386424,2658.1123,2565.3017077938184,2484.2705784915106,2563.0263546171386,58.32992582150382
Highland Park,2022-09-30,2619.44563242793,2653.8474,2574.3726057514837,2488.4849824727085,2566.311025232096,53.13460719583372
Highland Park,2022-10-31,2604.6382644266705,2635.5078,2592.533644182753,2490.7174256209364,2567.658213032022,36.9800513946484
Highland Park,2022-11-30,2584.7728019309193,2580.3635,2617.838368834254,2490.7531601518044,2559.5495840707054,25.223217860213936
Highland Park,2022-12-31,2618.169215132277,2621.9043,2626.388169758176,2488.501104167334,2573.9603197266374,44.208895405639396
Highland Park,2023-01-31,2635.039835904211,2639.4133,2661.9534854543504,2589.7179991368,2628.451492427003,6.588343477208127
Highland Park,2023-02-28,2670.5159630869725,2647.6802,2684.3356098368927,2586.859697895427,2637.2620965395267,33.253866547445796
Highland Park,2023-03-31,2642.58257107404,2676.892,2715.879509246081,2584.9504549878607,2655.7143532624455,-13.131782188405396
Highland Park,2023-04-30,2675.705991196391,2689.0347,2739.6516193159864,2583.8729020646533,2666.8028838402092,8.903107356181863
Highland Park,2023-05-31,2693.5584638395917,2712.2847,2757.0461130065432,2583.482082242597,2679.3584653800785,14.199998459513154
Highland Park,2023-06-30,2736.236037958876,2740.2708,2784.0756891558285,2583.552653683571,2696.6856573093455,39.550380649530325
Highland Park,2023-07-31,2732.9666507323573,2726.0996,2824.1461794872394,2584.1655299808026,2705.920872609336,27.045778123021137
Highland Park,2023-08-31,2742.0672068500885,2718.0818,2853.107565992275,2584.826044040739,2713.3413954961675,28.725811353921017
Highland Park,2023-09-30,2728.5793070021955,2716.1619,2860.362311775936,2585.3924569328624,2715.3752392752835,13.204067726911944
Highland Park,2023-10-31,2710.1239954831954,2724.752,2864.132977465577,2585.6955086031508,2719.3019743895798,-9.177978906384396
Highland Park,2023-11-30,2679.228899769549,2713.4429,2877.728846425037,2585.860724041884,2720.476141887357,-41.24724211780767
Highland Park,2023-12-31,2667.6796601136266,2699.215,2895.213326744178,2585.9123390096233,2722.020942127983,-54.34128201435624
Highland Park,2024-01-31,2686.698583995347,2637.202,2790.9296617507152,2671.654021437225,2700.7792273441696,-14.080643348822832
Highland Park,2024-02-29,2696.9984042951437,2614.2192,2816.8315635777726,2655.7785090627317,2696.587898150978,0.410506144165538
Highland Park,2024-03-31,2715.746870433226,2654.9348,2832.2194225408193,2640.932088734051,2708.3459340086474,7.400936424578504
Highland Park,2024-04-30,2695.189420839079,2638.9294,2843.976859993768,2632.122959209809,2704.183411783511,-8.993990944431971
Highland Park,2024-05-31,2716.848408924238,2643.0154,2863.4088256318214,2622.053499178292,2708.0972066167087,8.751202307529184
Highland Park,2024-06-30,2721.6955880118744,2661.3499,2889.074135974999,2609.458684249747,2717.3954585886295,4.300129423244925
Highland Park,2024-07-31,2739.9523637674256,2663.7866,2915.8737876443984,2594.0037657424896,2721.2561506687184,18.696213098707176
Highland Park,2024-08-31,2761.769637735208,2675.9905,2934.633235191825,2584.5520249028264,2727.603458360197,34.166179375011325
Highland Park,2024-09-30,2756.605579701037,2675.6023,2938.4266768724096,2579.422526712524,2726.8407889295777,29.764790771459502
Highland Park,2024-10-31,2766.6996359264813,2668.5828,2930.528817483014,2577.419948985305,2721.3897350424413,45.30990088403996
Highland Park,2024-11-30,2769.9246854199782,2687.9316,2927.852201006309,2578.1483238843903,2726.559423305684,43.36526211429418
Highland Park,2024-12-31,2754.7190903094324,2685.8213,2945.3469170531257,2583.048524318988,2733.5267098168883,21.19238049254409
Highland Park,2025-01-31,2800.4539063484667,2669.9756,2778.8698629086334,2767.904994521558,2742.25217577292,58.20173057554666
Highland Park,2025-02-28,2805.0167875536554,2665.763,2791.79463717537,2760.1994347309733,2742.409968619989,62.606818933666545
Highland Park,2025-03-31,2840.1288674839284,2723.8247,2801.528352414424,2759.007607234223,2762.543960544085,77.58490693984322
Highland Park,2025-04-30,2831.475330759068,2686.75,2806.198509441785,2756.332072933192,2752.0124252764717,79.4629054825964
Highland Park,2025-05-31,2830.9014759788633,2724.6838,2815.060447535706,2755.708677088302,2766.051400664339,64.85007531452447
Highland Park,2025-06-30,2862.9007453918407,2719.7766,2833.0066714581776,2755.7240324347667,2770.521920224198,92.37882516764284
Highland Park,2025-07-31,2887.5842132246507,2725.435,2854.079996264661,2756.3272619697436,2779.402578314915,108.18163490973575
Highland Park,2025-08-31,2895.2072008955956,2724.5972,2865.219314592401,2755.94706813259,2782.6932048323833,112.51399606321229
Highland Park,2025-09-30,2929.1398839166354,2684.9941,2862.8907749617556,2755.870958406997,2770.0555363482886,159.08434756834686
Highland Park,2025-10-31,2896.1590346611483,2698.639,2853.6205065780887,2756.4101836789814,2771.2704510635535,124.88858359759479
Highland Park,2025-11-30,2889.014801158036,2705.1956,2846.9288495365345,2757.877456572719,2771.5624070284334,117.45239412960245
Highland Park,2025-12-31,2837.1176289709197,2678.6199,2848.6342446234084,2757.3909815990814,2764.000753629667,73.11687534125258
Koreatown,2022-01-31,2411.248313666638,2078.5005,2275.7464019074955,2356.806313804601,2246.8102858093935,164.43802785724438
Koreatown,2022-02-28,2458.198989711655,2101.459,2271.426443330295,2354.4541937792387,2251.374622057934,206.82436765372086
Koreatown,2022-03-31,2500.0325082988497,2179.2817,2270.746261719069,2350.530334807926,2272.9619901161777,227.070518182672
Koreatown,2022-04-30,2528.961210593856,2172.9207,2261.4917503114148,2348.205727531338,2267.1400660469158,261.8211445469401
Koreatown,2022-05-31,2522.0164232869342,2177.441,2248.0385659269764,2348.819983794758,2264.272266834332,257.74415645260206
Koreatown,2022-06-30,2518.8124787415613,2153.3503,2254.851272341959,2352.0007613373073,2260.500410972572,258.31206776898944
Koreatown,2022-07-31,2522.848453603882,2144.8171,2285.293831343967,2356.303818757208,2269.605998967105,253.24245463677698
Koreatown,2022-08-31,2536.6660716206065,2132.8013,2311.2270987838633,2360.9236190407987,2276.2972889469834,260.3687826736232
Koreatown,2022-09-30,2578.3692467144515,2168.1074,2316.6130042582176,2363.540452188427,2289.6022345609476,288.76701215350386
Koreatown,2022-10-31,2575.215067957272,2137.8118,2315.8002708522017,2364.1674222418874,2280.5086722373994,294.7063957198725
Koreatown,2022-11-30,2543.793193389198,2118.333,2319.0100717737664,2362.9884869920065,2275.309423037572,268.4837703516264
Koreatown,2022-12-31,2489.887567121656,2045.6093,2317.538696138962,2360.039920722073,2251.9890469278666,237.8985201937894
Koreatown,2023-01-31,2478.1947515390534,2117.9849,2566.4680271324883,2496.1424740236826,2406.3331407882692,71.86161075078417
Koreatown,2023-02-28,2489.504023708986,2101.8936,2608.711353470356,2495.517030543266,2415.253724079181,74.25029962980489
Koreatown,2023-03-31,2510.805339391621,2129.7268,2620.1717328116856,2494.769430611331,2427.085872921712,83.7194664699091
Koreatown,2023-04-30,2537.003385676437,2143.2026,2613.362871344371,2493.9737684974866,2428.5692421362082,108.43414354022889
Koreatown,2023-05-31,2541.8791115305303,2122.626,2613.2080880019344,2493.170263088553,2422.0687701424326,119.81034138809764
Koreatown,2023-06-30,2546.4563958557696,2132.3018,2620.195098743465,2492.418821855022,2426.9925182566894,119.4638775990802
Koreatown,2023-07-31,2535.4140941274313,2140.6355,2634.122254509965,2491.755347958416,2433.84159810979,101.57249601764124
Koreatown,2023-08-31,2528.2153969277647,2141.2458,2661.2815980778246,2491.228439220308,2442.806006479369,85.4093904483957
Koreatown,2023-09-30,2503.79402864553,2136.2551,2685.0862356355083,2490.803623402281,2449.0249022106977,54.76912643483229
Koreatown,2023-10-31,2483.716753059963,2138.0303,2680.6689047524183,2490.3273632204628,2447.9190715041054,35.79768155585771
Koreatown,2023-11-30,2470.9900553972843,2134.6638,2662.1022654220283,2489.8414921326616,2440.5956373876,30.39441800968416
Koreatown,2023-12-31,2461.8956762467756,2125.6938,2674.8824386976567,2489.389029655943,2441.970637396461,19.92503885031465
Koreatown,2024-01-31,2441.112053775336,2459.012,2600.034554695716,2441.1213075038618,2498.996670338199,-57.8846165628629
Koreatown,2024-02-29,2421.406934215586,2458.9717,2636.3521370210105,2439.997703831338,2510.572636423031,-89.16570220744507
Koreatown,2024-03-31,2441.723390534434,2483.9534,2649.634107163287,2441.930980420934,2523.147668521804,-81.4242779873698
Koreatown,2024-04-30,2468.595416064632,2490.7695,2649.324933400175,2444.732284043067,2526.121113158001,-57.52569709336922
Koreatown,2024-05-31,2478.0641513795053,2494.7075,2651.859189740277,2446.721703321512,2528.8731718862023,-50.809020506696925
Koreatown,2024-06-30,2469.7309279548267,2472.7515,2656.800611623677,2446.9350332959484,2524.0215366010098,-54.290608646183045
Koreatown,2024-07-31,2459.108383088767,2480.9885,2665.4851411068016,2445.2878265472473,2528.7443496567257,-69.6359665679588
Koreatown,2024-08-31,2472.6456856230925,2486.1992,2682.7651976223437,2442.809383558975,2535.0955826584727,-62.44989703538022
Koreatown,2024-09-30,2470.4226709022287,2491.8708,2695.2736557531157,2440.0556906510333,2539.9054358974745,-69.48276499524582
Koreatown,2024-10-31,2464.7960075843203,2461.104,2685.4691775287206,2437.5750132801595,2526.5475094286753,-61.75150184435506
Koreatown,2024-11-30,2437.4355488681726,2459.9539,2667.9215638523606,2434.9806368254717,2519.442315249323,-82.00676638115056
Koreatown,2024-12-31,2398.5470187008136,2439.522,2677.848512288642,2432.286373138322,2515.616961562507,-117.06994286169356
Koreatown,2025-01-31,2410.989216241989,2465.925,2554.3773353365577,2467.934794000217,2495.9064161188317,-84.91719987684246
Koreatown,2025-02-28,2434.998970716213,2459.8645,2578.3371161356627,2468.1157866428994,2502.0812163427054,-67.0822456264923
Koreatown,2025-03-31,2478.140677182568,2501.6064,2592.2571630137704,2471.0680794345,2520.255357371006,-42.11468018843789
Koreatown,2025-04-30,2471.3418870566165,2475.8713,2597.4702621549727,2475.59126562658,2515.960523846251,-44.618636789634365
Koreatown,2025-05-31,2469.9581451755944,2537.9958,2600.8844627183003,2480.1405145143426,2537.3473785357623,-67.38923336016796
Koreatown,2025-06-30,2472.841021625159,2541.7654,2602.524727314156,2483.2559478438025,2540.1707843917497,-67.32976276659065
Koreatown,2025-07-31,2487.778485054238,2499.2515,2608.078893774088,2484.1462192264125,2529.6264717630384,-41.84798670880036
Koreatown,2025-08-31,2497.6861773681135,2586.6038,2622.874424018,2482.824436529967,2560.142193829991,-62.456016461877425
Koreatown,2025-09-30,2499.9798448681463,2556.8853,2633.544353233681,2479.982776285101,2553.731476734727,-53.75163186658074
Koreatown,2025-10-31,2495.6959787072533,2497.7314,2623.8438306978724,2476.3566487953817,2531.496871630081,-35.80089292282764
Koreatown,2025-11-30,2488.142531044599,2553.2236,2604.534044816929,2472.300984206591,2540.2016698216075,-52.059138777008684
Koreatown,2025-12-31,2479.592133241318,2560.6536,2603.211729851437,2468.0853546579524,2540.4239827700353,-60.83184952871716
Leimert Park,2022-01-31,1865.7875551969555,1933.7906,1856.4513024664109,1906.5161113309837,1898.1218521459514,-32.33429694899587
Leimert Park,2022-02-28,1862.5112852142336,1925.7706,1848.4707612314744,1904.4656028529264,1892.3265994804726,-29.815314266239056
Leimert Park,2022-03-31,1882.3739490780183,2000.3079,1840.692299073268,1901.17872778156,1910.8215173704148,-28.447568292396454
Leimert Park,2022-04-30,1894.2060346579033,2018.8429,1837.6627663854952,1900.4868742335964,1915.1050622912126,-20.899027633309288
Leimert Park,2022-05-31,1944.1162941447749,2056.6167,1842.5738263587964,1902.8201618573748,1928.8857470225007,15.230547122274174
Leimert Park,2022-06-30,1971.0752056354863,2098.7761,1854.603949815761,1907.89499704426,1947.3464193721818,23.728786263304528
Leimert Park,2022-07-31,2007.8292951856852,2110.0588,1870.1069455184645,1913.7325975574845,1958.0066671929865,49.8226279926987
Leimert Park,2022-08-31,2004.293408519213,2146.1606,1886.4358721903816,1919.834821232932,1976.457913657059,27.835494862154064
Leimert Park,2022-09-30,2047.8618124192344,2154.9954,1904.4928531440528,1923.9480194628468,1986.5916273692856,61.27018504994885
Leimert Park,2022-10-31,2048.9268294992553,2154.9692,1924.193691863787,1926.2335926388355,1993.9424620554228,54.984367443832525
Leimert Park,2022-11-30,2097.565286599867,2165.2603,1937.767499718996,1926.3171731797615,2001.53671915,96.02856744986684
Leimert Park,2022-12-31,2094.1172913334535,2144.0225,1940.971482576362,1924.8686895297456,1995.7098055957445,98.40748573770907
Leimert Park,2023-01-31,2103.819445730027,2266.8352,2095.6700052168703,2039.5608487725956,2126.0532837908654,-22.23383806083848
Leimert Park,2023-02-28,2075.906442165006,2270.0393,2099.0486838121888,2031.5799831563909,2125.1710434987826,-49.26460133377668
Leimert Park,2023-03-31,2065.347929599052,2272.2922,2106.610575222061,2024.448679644213,2125.7019023080234,-60.35397270897147
Leimert Park,2023-04-30,2065.12395011052,2273.1882,2120.8304096189468,2019.620196451974,2128.8809960123913,-63.75704590187115
Leimert Park,2023-05-31,2051.285725448517,2215.192,2145.0962746751807,2018.0599693819147,2118.985071186439,-67.69934573792216
Leimert Park,2023-06-30,2075.496760443095,2226.7607,2174.1581448983393,2018.662556011017,2132.272954234223,-56.77619379112821
Leimert Park,2023-07-31,2081.548888966023,2244.264,2201.7434698409297,2021.1556723210529,2147.5474447203997,-65.99855575437687
Leimert Park,2023-08-31,2102.9295995881484,2265.8691,2224.9796958744955,2024.2340746113784,2162.827525749972,-59.89792616182376
Leimert Park,2023-09-30,2094.2575851380952,2264.8853,2248.8555289833635,2027.651789880125,2171.6915259599737,-77.43394082187842
Leimert Park,2023-10-31,2094.9439031262964,2289.7234,2276.1832334643755,2030.257839350282,2189.115527756374,-94.17162463007753
Leimert Park,2023-11-30,2123.325714392182,2290.203,2297.6831298375846,2032.1780307896183,2197.0768581478915,-73.75114375570956
Leimert Park,2023-12-31,2140.438097179246,2291.561,2308.8286680708347,2032.642610542196,2201.3389899283607,-60.90089274911452
Leimert Park,2024-01-31,2219.4051997706124,2095.824,2185.667396563939,2097.351608796316,2126.0865632864866,93.31863648412582
Leimert Park,2024-02-29,2225.354070100533,2093.474,2184.2821214350233,2065.829123664478,2113.2469952097044,112.1070748908287
Leimert Park,2024-03-31,2230.4049117866875,2088.814,2179.695041609559,2035.4129258866203,2099.06839165274,131.3365201339475
Leimert Park,2024-04-30,2172.1693180293505,2098.6492,2182.6239821682675,2009.0266668269292,2093.200716238537,78.96860179081341
Leimert Park,2024-05-31,2163.305515801167,2094.9922,2196.874996951682,1989.541884113069,2089.59876571518,73.7067500859871
Leimert Park,2024-06-30,2193.1190206830324,2098.3508,2216.0052005079765,1984.2816144473843,2094.977163979311,98.14185670372126
Leimert Park,2024-07-31,2217.3226499336915,2101.9912,2234.56176124966,1983.483467544169,2101.9034218771612,115.4192280565303
Leimert Park,2024-08-31,2224.115799105799,2106.4521,2250.4207938203103,1988.0465316893471,2110.1696803283035,113.94611877749549
Leimert Park,2024-09-30,2213.7347685216537,2122.6372,2265.2605403586367,1994.2719369355416,2122.220010518485,91.51475800316848
Leimert Park,2024-10-31,2203.594522359607,2097.014,2282.197960112893,2008.2136663792571,2125.323537663857,78.27098469574958
Leimert Park,2024-11-30,2228.8350594136173,2125.3232,2300.291818606477,2027.5246831331824,2146.9223484220106,81.91271099160667
Leimert Park,2024-12-31,2206.8297665465634,2114.416,2317.072664993887,2054.1945001316003,2159.089412968527,47.74035357803632
Leimert Park,2025-01-31,2219.75669946754,2110.6636,2299.3203815592965,2209.886544111938,2209.7839149365755,9.972784530964418
Leimert Park,2025-02-28,2186.9369412185415,2025.5026,2306.9786161035527,2201.71198791933,2183.8267045209636,3.110236697577875
Leimert Park,2025-03-31,2198.2329205625706,2078.2302,2299.379743964619,2191.9051648174286,2193.445074075351,4.787846487219667
Leimert Park,2025-04-30,2214.3919526316886,2030.593,2290.827058712671,2172.187885639059,2169.0711277375276,45.32082489416098
Leimert Park,2025-05-31,2245.1974256760836,2076.9734,2298.8977524855227,2160.0311170660443,2181.1006450655186,64.09678061056502
Leimert Park,2025-06-30,2288.47236444778,2077.554,2319.8523717178123,2142.314016124642,2181.636292606623,106.83607184115681
Leimert Park,2025-07-31,2279.88341430272,2076.6475,2339.119692866282,2116.613026542278,2178.2115981921347,101.6718161105855
Leimert Park,2025-08-31,2264.5067546703895,2070.0293,2351.019885225002,2082.5570148095317,2167.548668568622,96.95808610176755
Leimert Park,2025-09-30,2253.937441888598,2057.6353,2361.34319753944,2062.84386739558,2159.951830623107,93.98561126549112
Leimert Park,2025-10-31,2266.5637478732106,2096.9888,2373.3835762335375,2052.723273942334,2171.947109708906,94.61663816430473
Leimert Park,2025-11-30,2263.00370278958,2091.073,2386.322380750252,2064.642076664848,2178.8712019678574,84.13250082172272
Leimert Park,2025-12-31,2216.762412446216,2054.1567,2404.1037101260217,2101.5645460357705,2187.391866351502,29.370546094713973
Los Feliz,2022-01-31,2445.2074743380053,2502.04,2301.7727793676763,2407.7606890511333,2400.913626202246,44.29384813575916
Los Feliz,2022-02-28,2442.5090709039737,2510.815,2293.1247941867864,2407.061212215773,2400.4193753856403,42.08969551833343
Los Feliz,2022-03-31,2429.031241595342,2551.4336,2287.6601562126634,2403.868236671148,2409.573503809871,19.45773778547118
Los Feliz,2022-04-30,2440.963636036193,2553.4211,2281.7104065051726,2401.729220437336,2407.4085678554725,33.555068180720355
Los Feliz,2022-05-31,2483.458872143071,2587.9983,2280.42702536825,2402.1373974961934,2417.4728432355573,65.98602890751363
Los Feliz,2022-06-30,2513.4673898701467,2593.073,2289.0097960368903,2405.368095614739,2423.023885779849,90.44350409029767
Los Feliz,2022-07-31,2550.704848959063,2595.1375,2301.547361491436,2410.201386606376,2429.5759640448396,121.12888491422336
Los Feliz,2022-08-31,2558.682352194248,2602.7888,2312.8225212685275,2416.001044256227,2437.739048389421,120.94330380482688
Los Feliz,2022-09-30,2565.5568318730934,2582.9236,2328.863484436531,2419.901746489983,2438.5474691622817,127.00936271081173
Los Feliz,2022-10-31,2540.7696176875575,2552.7102,2351.631059607092,2421.394181087654,2437.5933057558973,103.17631193166017
Los Feliz,2022-11-30,2517.5514637044394,2477.3306,2364.9208164136794,2420.345984657594,2419.0621104652487,98.48935323919068
Los Feliz,2022-12-31,2501.594254903753,2453.2004,2359.052759555959,2416.809132845972,2408.5980911730603,92.99616373069284
Los Feliz,2023-01-31,2507.984263166673,2388.51,2566.61646471269,2521.0715632778165,2496.4950468966435,11.489216270029374
Los Feliz,2023-02-28,2511.0169770335815,2407.3457,2587.003696849471,2515.3424107905375,2506.7422746089737,4.274702424607767
Los Feliz,2023-03-31,2555.429010714475,2432.8574,2575.8769700737216,2509.8948661996205,2508.673170346056,46.755840368419285
Los Feliz,2023-04-30,2565.768516837494,2431.4902,2568.605098774914,2506.160882590866,2504.4773604452575,61.291156392236644
Los Feliz,2023-05-31,2586.847848155164,2451.9849,2588.285080724895,2504.2843752410936,2516.414203028273,70.43364512689095
Los Feliz,2023-06-30,2576.2533385893953,2449.5742,2611.067185939373,2503.793396610008,2523.0419209807224,53.211417608672946
Los Feliz,2023-07-31,2597.9027208048183,2451.7446,2622.45465663957,2504.232127908794,2527.61731984184,70.2854009629782
Los Feliz,2023-08-31,2591.6337179518414,2445.4849,2637.8167486602433,2505.2866932886623,2531.2143711045373,60.41934684730404
Los Feliz,2023-09-30,2608.529608050985,2455.4998,2657.5332570152023,2506.625763679468,2541.22160658932,67.3080014616653
Los Feliz,2023-10-31,2595.3139949640517,2504.724,2660.321442441606,2508.1442200609913,2557.4219346547857,37.89206030926607
Los Feliz,2023-11-30,2610.6073048993353,2487.3235,2653.1420339704496,2509.644894062966,2550.4027960666845,60.204508832650845
Los Feliz,2023-12-31,2596.0865850751757,2482.12,2672.33559238176,2511.039364912576,2555.7079879314333,40.378597143742354
Los Feliz,2024-01-31,2599.62281838632,2522.2732,2667.2963960810744,2583.5026634536503,2592.8943566531375,6.728461733182485
Los Feliz,2024-02-29,2586.366457177294,2525.5183,2686.940801714923,2577.331198112956,2598.071186451361,-11.704729274067176
Los Feliz,2024-03-31,2586.897425190865,2552.6638,2686.234374622114,2574.710680914138,2604.982239313066,-18.08481412220135
Los Feliz,2024-04-30,2586.2588313910933,2552.8606,2687.2528825918175,2570.860878031508,2603.9513724568983,-17.692541065805017
Los Feliz,2024-05-31,2614.9950263181336,2571.0532,2704.286998444427,2566.9306351560704,2613.564506942846,1.4305193752875311
Los Feliz,2024-06-30,2636.9070097739395,2568.9766,2721.9606751240244,2563.3912754724984,2617.4741530689366,19.432856705002905
Los Feliz,2024-07-31,2647.966126561565,2570.6938,2732.620668799266,2561.7068841759583,2620.8869845802665,27.079141981298562
Los Feliz,2024-08-31,2641.7265019528045,2577.322,2746.3425434940295,2561.4422618873273,2627.3061076932077,14.420394259596833
Los Feliz,2024-09-30,2646.9036834055723,2583.436,2761.5264937122824,2564.3070667130455,2635.2142321395836,11.689451265988737
Los Feliz,2024-10-31,2644.987952064643,2542.4646,2763.666042026135,2568.3577083410346,2625.1733308331436,19.814621231499586
Los Feliz,2024-11-30,2625.3015136495055,2552.1057,2758.9759086722584,2572.7950638237726,2628.1494310646067,-2.847917415101165
Los Feliz,2024-12-31,2618.3260632485167,2546.102,2773.3547985348296,2575.744937755941,2632.2002460046856,-13.87418275616892
Los Feliz,2025-01-31,2640.738958853258,2535.8774,2723.168858929356,2634.7787178457925,2634.427262086774,6.311696766483692
Los Feliz,2025-02-28,2663.7337536056752,2526.377,2737.9818070128495,2627.0696030660547,2633.6270009988675,30.10675260680773
Los Feliz,2025-03-31,2646.345207023765,2593.6946,2735.3214927687736,2622.510835232519,2651.1840069253253,-4.838799901560378
Los Feliz,2025-04-30,2632.186077454411,2559.5674,2736.604751033064,2621.8133437957863,2641.147032219491,-8.960954765079805
Los Feliz,2025-05-31,2659.8119943751085,2600.4312,2755.4180708382196,2623.097572774244,2660.058043859072,-0.24604948396336113
Los Feliz,2025-06-30,2688.510503688723,2584.562,2774.40758039263,2624.5900596192473,2662.143471746433,26.36703194228994
Los Feliz,2025-07-31,2698.444301408787,2593.5647,2783.969552313854,2619.4755996088397,2666.1006048780996,32.34369653068734
Los Feliz,2025-08-31,2682.9277944994715,2591.7444,2794.6157878361732,2615.1945994927414,2667.489265516252,15.438528983219385
Los Feliz,2025-09-30,2687.186537518142,2582.5586,2807.336306889353,2611.6564623967456,2667.6367850503184,19.54975246782351
Los Feliz,2025-10-31,2678.5400926621446,2594.4568,2808.0847167625725,2612.478166641288,2671.7457081872376,6.7943844749070195
Los Feliz,2025-11-30,2673.3064631526345,2612.1018,2801.0864404355457,2615.819498485978,2675.945660793687,-2.6391976410523057
Los Feliz,2025-12-31,2668.794811201853,2573.1956,2810.669216241571,2623.635156025741,2670.377381593126,-1.5825703912728386
Mar Vista,2022-01-31,2810.264665185173,2825.6462,2669.4636227897445,2800.9847328760097,2764.8849455631007,45.379719622072116
Mar Vista,2022-02-28,2851.5731276392826,2839.2742,2675.3195240961013,2796.9796807500416,2769.4109081987194,82.16221944056315
Mar Vista,2022-03-31,2860.791509356669,2871.836,2684.9380524557173,2792.5413761728832,2780.6805149132156,80.11099444345336
Mar Vista,2022-04-30,2898.2476321220697,2888.961,2679.7004439363213,2791.920830186608,2783.8390925770677,114.40853954500199
Mar Vista,2022-05-31,2943.746333017937,2926.7297,2669.8913098764933,2796.3301060389613,2793.5218377791343,150.22449523880277
Mar Vista,2022-06-30,2955.5890244779644,2925.4358,2678.615232307059,2804.2037296894587,2798.935780475073,156.65324400289137
Mar Vista,2022-07-31,2986.839400563588,2899.7559,2699.1763427509463,2812.769882204691,2801.22846239545,185.61093816813764
Mar Vista,2022-08-31,3011.1169751211633,2904.712,2706.326071751941,2820.6903102411034,2808.0079258981423,203.10904922302097
Mar Vista,2022-09-30,3038.3039399081763,2883.1138,2702.1847322755234,2825.141919650464,2801.831357087327,236.4725828208493
Mar Vista,2022-10-31,3026.311018371349,2881.481,2705.4775570076013,2826.0526895586,2802.769055270451,223.54196310089765
Mar Vista,2022-11-30,2999.6136440599253,2856.9326,2712.9484991116224,2823.458038302736,2796.938131866061,202.67551219386405
Mar Vista,2022-12-31,2982.3438177651196,2792.7527,2709.839772861646,2817.7858926016097,2774.621727595235,207.72209016988472
Mar Vista,2023-01-31,2999.601077514034,2966.6472,2993.801974024164,2977.90652116408,2979.7944560276433,19.806621486390668
Mar Vista,2023-02-28,3035.0483691277955,2993.424,3030.245911111622,2974.6268072011044,2998.630624779925,36.417744347870666
Mar Vista,2023-03-31,3052.5016673500977,3002.3176,3042.059443484754,2972.1868048301576,3004.290255839078,48.21141151101983
Mar Vista,2023-04-30,3043.3338992979607,2982.0525,3043.84772784253,2970.71666203383,2998.2781763821054,45.05572291585531
Mar Vista,2023-05-31,3020.869549296969,2992.6914,3057.305254834161,2969.810419948171,3005.571246494385,15.298302802584203
Mar Vista,2023-06-30,3029.230329532478,3009.9758,3075.456693152952,2968.953401308827,3016.420814552953,12.809514979525375
Mar Vista,2023-07-31,3044.883950112654,3020.9412,3090.930082714174,2968.222946389804,3024.542942479802,20.34100763285187
Mar Vista,2023-08-31,3055.5356806030477,3019.3044,3108.2159751760923,2967.6994414547744,3029.573273055483,25.962407547564908
Mar Vista,2023-09-30,3065.793876545469,3013.8384,3121.5267727765467,2967.1472244258825,3032.134265906072,33.659610639397215
Mar Vista,2023-10-31,3073.7409066311134,3037.4412,3116.54437818437,2966.5715197136788,3037.330427595526,36.41047903558729
Mar Vista,2023-11-30,3060.562410395754,3047.7112,3105.243606383596,2965.977906355369,3036.445502147828,24.11690824792595
Mar Vista,2023-12-31,3044.195883748184,3037.4417,3121.6964462108535,2965.4718667831257,3038.626104157498,5.569779590685812
Mar Vista,2024-01-31,3028.84963064393,2995.7957,3140.153581604151,3057.2449960542367,3066.2783937661948,-37.42876312226463
Mar Vista,2024-02-29,3043.11336266875,2995.4875,3183.226444439612,3048.3347226981177,3077.1221676525415,-34.00880498379138
Mar Vista,2024-03-31,3072.941720462444,3019.3213,3195.2595428294185,3042.5333852398476,3086.0755383007527,-13.13381783830846
Mar Vista,2024-04-30,3090.6562238018896,3029.3506,3191.4066671444484,3035.363670170157,3085.1440046932485,5.512219108641148
Mar Vista,2024-05-31,3096.144923780874,3036.4832,3199.0991739188757,3028.361326216652,3087.224658692337,8.92026508853678
Mar Vista,2024-06-30,3075.258898073624,3036.052,3214.8223867981783,3024.042758796695,3090.692817698769,-15.433919625144881
Mar Vista,2024-07-31,3061.835781976234,3029.2842,3228.8798202325415,3018.55517727193,3091.282854136482,-29.4470721602479
Mar Vista,2024-08-31,3058.02000213755,3034.1262,3245.0919735954008,3014.569933577722,3096.612606643191,-38.59260450564125
Mar Vista,2024-09-30,3072.244609467607,3044.1877,3259.1246635263255,3015.0742380124007,3104.445778544548,-32.201169076940914
Mar Vista,2024-10-31,3077.595811723638,3031.6963,3255.051952512672,3020.339595276508,3101.3159709574647,-23.720159233826962
Mar Vista,2024-11-30,3079.1257836344193,3022.0056,3242.153960979245,3026.9868439606607,3096.6183741448754,-17.49259051045601
Mar Vista,2024-12-31,3055.5557363869034,3012.968,3257.100183109441,3034.2075366120876,3101.53203845389,-45.97630206698659
Mar Vista,2025-01-31,3068.8955474498516,3001.322,3190.2379565136725,3126.507039494567,3110.1469736212257,-41.25142617137408
Mar Vista,2025-02-28,3094.51002537014,3000.4165,3225.765437028607,3124.3386241482076,3120.8160160792313,-26.305990709091475
Mar Vista,2025-03-31,3164.284718363292,3061.1978,3241.3277777735793,3125.3974886807528,3144.523525456714,19.76119290657789
Mar Vista,2025-04-30,3168.3196594630526,3036.9507,3242.197683819593,3127.796424018462,3138.4509219965175,29.868737466535094
Mar Vista,2025-05-31,3182.365004293344,3071.76,3248.025928288621,3130.503593246039,3151.787022675033,30.57798161831124
Mar Vista,2025-06-30,3149.6986505372124,3062.511,3257.3726329030615,3132.186803336169,3152.734993013676,-3.0363424764636875
Mar Vista,2025-07-31,3167.675447670227,3074.2898,3265.266705408895,3131.769306440676,3158.711001552486,8.964446117741318
Mar Vista,2025-08-31,3153.2868491871836,3072.0337,3277.4880997569444,3130.097444403524,3161.4567125409867,-8.169863353803066
Mar Vista,2025-09-30,3187.681908201884,3061.1426,3290.9147318293044,3128.049120841022,3161.8797876322888,25.802120569595445
Mar Vista,2025-10-31,3179.274286039494,3075.3843,3290.0180066710423,3125.3663068655387,3164.8471199072233,14.42716613227094
Mar Vista,2025-11-30,3177.675953565589,3084.254,3278.401298320246,3122.6820617181957,3162.664548017927,15.011405547662434
Mar Vista,2025-12-31,3130.157423982606,3061.9343,3285.7547693420206,3119.3771186017248,3157.1979273705,-27.040503387894205
Mid-Wilshire,2022-01-31,2715.14796657889,2759.334,2590.6661365155346,2693.1164157998487,2679.0492963350575,36.09867024383266
Mid-Wilshire,2022-02-28,2747.6569782700676,2759.2158,2607.2381801741726,2698.0894553588355,2686.334153456005,61.32282481406264
Mid-Wilshire,2022-03-31,2772.5945178377165,2803.8347,2603.816298277504,2700.548897714899,2699.45365278393,73.14086505378646
Mid-Wilshire,2022-04-30,2814.0379061049925,2799.1758,2589.5034978376807,2703.7670903581975,2694.5222534038285,119.51565270116407
Mid-Wilshire,2022-05-31,2827.6478065754613,2808.864,2585.7453753097175,2708.850837919086,2698.0599880882473,129.587818487214
Mid-Wilshire,2022-06-30,2839.391424109584,2780.5747,2602.1279786250584,2715.2984195310523,2697.4064746265444,141.9849494830396
Mid-Wilshire,2022-07-31,2854.120706035129,2713.3608,2630.006004190223,2721.9408205104996,2688.9878508873653,165.13285514776362
Mid-Wilshire,2022-08-31,2875.0062926265005,2694.3606,2651.4697902631797,2727.315643339066,2692.3934815604252,182.6128110660752
Mid-Wilshire,2022-09-30,2873.829744997573,2680.5117,2656.30764398587,2730.4901142509075,2691.0284304010966,182.80131459647646
Mid-Wilshire,2022-10-31,2859.3778884273615,2636.4758,2649.5970065449333,2731.058050791997,2675.855699337454,183.52218908990744
Mid-Wilshire,2022-11-30,2869.6676276014127,2628.9233,2647.878284733628,2728.7570831821113,2672.1771797859005,197.4904478155122
Mid-Wilshire,2022-12-31,2894.2793145473634,2632.674,2664.405949499286,2723.893076431908,2676.9593809814723,217.319933565891
Mid-Wilshire,2023-01-31,2893.07647300204,2989.5105,2982.2663137880145,2815.7904329348585,2922.752505535501,-29.676032533460784
Mid-Wilshire,2023-02-28,2881.975091240094,2986.7024,3025.736086880161,2813.5023055412994,2935.433613352861,-53.45852211276679
Mid-Wilshire,2023-03-31,2861.1299663571517,2974.5146,3044.3431686337026,2811.256709693702,2937.10826664379,-75.97830028663839
Mid-Wilshire,2023-04-30,2866.8750978383523,2963.7935,3051.261679023219,2809.448212986228,2935.519845230537,-68.64474739218485
Mid-Wilshire,2023-05-31,2850.2922341068515,2946.066,3067.399564018864,2808.093523034644,2935.052262227147,-84.76002812029537
Mid-Wilshire,2023-06-30,2846.6095615748677,2957.7114,3092.5491535432952,2807.141172053905,2946.493814920528,-99.88425334566045
Mid-Wilshire,2023-07-31,2833.9488197921487,2961.9978,3123.205583661129,2806.5641206052246,2957.694574687203,-123.74575489505423
Mid-Wilshire,2023-08-31,2840.9211732273193,2935.9348,3153.02636730894,2806.2894156637476,2959.657840917728,-118.73666769040892
Mid-Wilshire,2023-09-30,2841.0683031431067,2947.7075,3168.7630245560695,2806.143397066947,2968.324874646069,-127.25657150296229
Mid-Wilshire,2023-10-31,2829.446067438184,2957.2253,3167.052888542313,2806.157600509922,2970.610328959623,-141.16426152143913
Mid-Wilshire,2023-11-30,2795.3758405046856,2926.996,3171.0586118625833,2806.137747202942,2962.8896179000512,-167.51377739536565
Mid-Wilshire,2023-12-31,2751.970723808199,2884.706,3209.108903752442,2805.8311013968346,2962.709960665943,-210.7392368577439
Mid-Wilshire,2024-01-31,2749.2909890534797,2773.0466,2998.180337685029,2734.7572894010596,2833.275427011466,-83.9844379579863
Mid-Wilshire,2024-02-29,2758.5472707247563,2796.12,3039.4457330561354,2712.263838675158,2845.4793773922006,-86.93210666744426
Mid-Wilshire,2024-03-31,2784.7550325929424,2825.2854,3037.4818651622377,2695.6938525268743,2847.410374332928,-62.65534173998549
Mid-Wilshire,2024-04-30,2792.464097853209,2826.4092,3029.406105692144,2686.098159235368,2841.521791093691,-49.05769324048197
Mid-Wilshire,2024-05-31,2799.970081530058,2835.8708,3039.010482863609,2683.586628678416,2846.59452306403,-46.624441533972
Mid-Wilshire,2024-06-30,2822.6689712229986,2851.8171,3050.307178578322,2685.8189580375765,2855.9229112006337,-33.25393997763513
Mid-Wilshire,2024-07-31,2841.549440738074,2864.3186,3059.4137702704493,2689.5868489657514,2864.0664537463335,-22.51701300825971
Mid-Wilshire,2024-08-31,2852.88730200072,2856.732,3077.8970734803434,2693.5898395138256,2869.3908849009467,-16.503582900226775
Mid-Wilshire,2024-09-30,2823.084700872034,2857.8245,3089.412210515699,2696.955523713988,2874.770671707107,-51.68597083507302
Mid-Wilshire,2024-10-31,2830.914875910445,2831.5193,3072.2576961621576,2699.027175217651,2862.003775617425,-31.0888997069801
Mid-Wilshire,2024-11-30,2817.702203953145,2834.3289,3056.6369564992424,2700.1931602742206,2858.112501705274,-40.41029775212928
Mid-Wilshire,2024-12-31,2850.7311139703916,2851.9248,3092.012699194091,2701.8342642853363,2875.674026950815,-24.942912980423444
Mid-Wilshire,2025-01-31,2861.63916809483,2791.9858,2969.244041290836,2865.372637769055,2877.7661610637624,-16.126992968932427
Mid-Wilshire,2025-02-28,2901.6589824887164,2781.9465,2992.365102124978,2861.0552750570264,2880.8075784924154,20.851403996301087
Mid-Wilshire,2025-03-31,2909.1650213377548,2845.345,2996.7683154223514,2860.4567833873725,2900.9949706671814,8.170050670573346
Mid-Wilshire,2025-04-30,2881.339358487048,2817.019,2995.4459348859455,2862.807104303818,2892.960289369688,-11.620930882640096
Mid-Wilshire,2025-05-31,2839.7338430122145,2864.4731,3001.606847145011,2865.9543599220424,2910.349709668309,-70.61586665609457
Mid-Wilshire,2025-06-30,2831.06521447498,2852.6975,3013.1885012501975,2868.788351965166,2911.707424132082,-80.64220965710183
Mid-Wilshire,2025-07-31,2850.9306839450674,2857.3826,3028.0339147117174,2870.55455347557,2918.6694295323005,-67.7387455872331
Mid-Wilshire,2025-08-31,2869.4986132962135,2857.2483,3042.646301353031,2870.877676175906,2923.578933352285,-54.08032005607129
Mid-Wilshire,2025-09-30,2855.3977248287315,2843.177,3045.4823556196743,2869.4330329612626,2919.774335953382,-64.37661112465048
Mid-Wilshire,2025-10-31,2840.689177968033,2849.441,3032.443938691689,2865.950994764,2916.047249229003,-75.35807126096961
Mid-Wilshire,2025-11-30,2819.0813081645774,2847.6096,3024.3127899509827,2861.408155208414,2911.1289560500772,-92.04764788549983
Mid-Wilshire,2025-12-31,2822.822514780627,2807.9382,3043.700064044348,2856.0313867219993,2903.6848508387857,-80.86233605815869
Palms,2022-01-31,2396.366444537334,2476.5947,2254.966724398836,2384.594926559877,2369.252374435842,27.11407010149196
Palms,2022-02-28,2409.480910767149,2488.4487,2256.8015414134065,2380.7309049409123,2371.971113599596,37.50979716755319
Palms,2022-03-31,2421.6933441234783,2520.2712,2259.7572655281706,2375.2512578169585,2380.431574802505,41.261769320973144
Palms,2022-04-30,2433.858890069356,2524.7139,2258.1832156104833,2372.4199490825076,2380.1904851539293,53.66840491542689
Palms,2022-05-31,2468.036971783568,2556.7312,2261.3477528731382,2373.6658376040596,2391.2700246818576,76.76694710171023
Palms,2022-06-30,2508.8123755433603,2570.9336,2276.6505006876805,2378.3462383944234,2402.308216849056,106.50415869430435
Palms,2022-07-31,2546.2517657957737,2571.4167,2296.212136063082,2384.3034152308924,2411.125634891056,135.12613090471768
Palms,2022-08-31,2572.246813081917,2549.9504,2307.234267614409,2390.5818190215887,2410.677419724034,161.5693933578832
Palms,2022-09-30,2584.487796596936,2531.3313,2310.1719485187737,2393.9174185870843,2407.317883218521,177.169913378415
Palms,2022-10-31,2591.575022133839,2520.9277,2309.3358747451884,2394.2047264837997,2404.0377022207276,187.53731991311133
Palms,2022-11-30,2587.9828174412,2514.9653,2302.32576500561,2391.5631994151727,2398.9593831550214,189.0234342861786
Palms,2022-12-31,2567.8905269382044,2494.871,2289.5750045306463,2386.4599905580376,2386.846615638631,181.0439112995732
Palms,2023-01-31,2563.0930671789192,2710.466,2533.551654001922,2530.295709852104,2585.2358944497414,-22.14282727082218
Palms,2023-02-28,2561.92035439218,2726.2632,2557.345912378394,2524.7834256074425,2595.7812265431057,-33.86087215092584
Palms,2023-03-31,2596.060453667148,2732.0059,2561.533851273603,2520.3075570089673,2597.2240266109948,-1.1635729438467024
Palms,2023-04-30,2595.6141657427797,2751.1604,2560.887792903409,2517.47900471374,2601.6889552198177,-6.074789477037939
Palms,2023-05-31,2605.757484951191,2726.6245,2578.610668959206,2516.2410553973764,2599.75307399872,6.004410952471062
Palms,2023-06-30,2598.216656168955,2730.2246,2606.1830148319905,2515.7395540168036,2609.757243432769,-11.540587263813904
Palms,2023-07-31,2610.4143761262926,2761.329,2628.3829275158555,2515.5626742471463,2626.328622590492,-15.91424646419955
Palms,2023-08-31,2612.0822177618443,2771.7253,2645.2627159351546,2515.548465655739,2635.010848887913,-22.92863112606892
Palms,2023-09-30,2624.335811225057,2774.6543,2658.145385876518,2515.4926078728704,2640.1240129154794,-15.788201690422284
Palms,2023-10-31,2612.880292428429,2775.575,2656.960039862556,2515.4627436970113,2639.9964011008724,-27.11610867244326
Palms,2023-11-30,2597.24039326374,2765.8787,2645.426860455321,2515.1844478710505,2633.182327562132,-35.94193429839197
Palms,2023-12-31,2577.056037231609,2740.7812,2649.7404585263644,2514.541289722635,2626.866655708346,-49.81061847673709
Palms,2024-01-31,2572.618985881258,2555.1047,2670.295190144465,2586.483610704574,2604.805367942573,-32.186382061314816
Palms,2024-02-29,2586.7843194346046,2555.5103,2700.612975335423,2575.0931455403543,2610.727598795323,-23.943279360718407
Palms,2024-03-31,2602.1240086256807,2583.128,2706.332224476045,2566.287670180368,2617.6122106764915,-15.488202050810742
Palms,2024-04-30,2621.0789432948013,2586.4414,2706.5580582755774,2552.556245362258,2613.58992444986,7.489018844941256
Palms,2024-05-31,2620.439461870065,2593.164,2722.966981614341,2533.853975788491,2614.0942655310055,6.345196339059385
Palms,2024-06-30,2607.418197428363,2592.1138,2744.3586446103013,2514.656408197873,2613.7383110114833,-6.320113583120474
Palms,2024-07-31,2614.2635580774536,2595.5642,2759.9289546180544,2502.465087401714,2615.399512903493,-1.135954826039324
Palms,2024-08-31,2624.8417479169707,2596.4739,2775.667002825938,2496.522839902237,2618.67187728419,6.169870632780658
Palms,2024-09-30,2650.1538860286587,2602.6926,2788.7868420147847,2497.91133151408,2625.382061517354,24.771824511304658
Palms,2024-10-31,2640.782730710924,2586.2278,2783.4335751968865,2503.2077276974765,2620.652589111115,20.13014159980912
Palms,2024-11-30,2626.2773836899764,2590.3115,2768.0766419450515,2514.998696328443,2621.1659907246467,5.111392965329742
Palms,2024-12-31,2621.119170497035,2576.9502,2776.3538676826433,2531.108298231836,2625.876037136649,-4.7568666396136905
Palms,2025-01-31,2645.1712977098623,2557.0881,2716.6679816221304,2661.314245344707,2648.4511115626938,-3.2798138528314666
Palms,2025-02-28,2663.1765015767605,2553.3699,2740.1046628338313,2658.3818561683097,2653.9997531621316,9.176748414628946
Palms,2025-03-31,2671.230673969042,2609.8274,2748.764391571322,2658.0171258908476,2673.605599289964,-2.3749253209221024
Palms,2025-04-30,2664.507664924721,2576.8147,2752.4643084166332,2659.5453045993913,2665.525226451336,-1.017561526614827
Palms,2025-05-31,2666.0189605552077,2608.5522,2765.0077122303674,2661.143665221579,2679.751771973108,-13.732811417900393
Palms,2025-06-30,2660.561415608639,2605.1392,2779.7409188143506,2662.587687254746,2684.136301048093,-23.574885439454192
Palms,2025-07-31,2662.334645357212,2603.9795,2792.67798234303,2662.3250277566763,2687.9684601157105,-25.633814758498374
Palms,2025-08-31,2672.344715378664,2613.4478,2808.917672081437,2661.758906857778,2695.957189503437,-23.61247412477269
Palms,2025-09-30,2687.5457703996253,2596.5962,2822.2149863818636,2661.2968594206627,2695.1432779142856,-7.597507514660265
Palms,2025-10-31,2689.156238236012,2608.7192,2817.7538671633506,2660.689914611507,2697.068148157998,-7.91190992198608
Palms,2025-11-30,2683.5827221991053,2620.465,2802.8225800435584,2660.531966792685,2695.5858244544074,-12.00310225530211
Palms,2025-12-31,2665.558292275097,2594.4556,2805.3528047027075,2659.9347272904965,2688.4250713583747,-22.866779083277834
Santa Monica,2022-01-31,3223.886939663373,3167.9978,3088.435074659127,3237.4001049062545,3167.4130104088554,56.47392925451777
Santa Monica,2022-02-28,3253.0675864324858,3222.352,3092.805030278072,3229.888378361566,3182.3241495552184,70.74343687726741
Santa Monica,2022-03-31,3297.1193454048102,3263.265,3098.884458957905,3220.7261871653027,3193.1704328345118,103.94891257029849
Santa Monica,2022-04-30,3332.0669763503925,3278.9365,3092.5497103083717,3216.810711687861,3194.311048545109,137.7559278052836
Santa Monica,2022-05-31,3353.696575192056,3284.54,3085.132700523864,3220.333974784397,3194.8400554659174,158.85651972613869
Santa Monica,2022-06-30,3372.39359873373,3265.3264,3098.563598553041,3229.2633241660797,3196.8436766053037,175.54992212842626
Santa Monica,2022-07-31,3390.9774681109516,3248.6836,3130.878813188061,3239.3479485168773,3206.285867421348,184.69160068960355
Santa Monica,2022-08-31,3398.48114179733,3193.948,3157.592332270071,3248.479085865545,3202.134942078865,196.34619971846496
Santa Monica,2022-09-30,3409.419472993901,3192.4253,3166.4904330655168,3252.2529610225724,3206.019092410206,203.40038058369464
Santa Monica,2022-10-31,3425.8007999435613,3194.778,3163.528700913219,3250.697251423525,3205.167103956381,220.6336959871801
Santa Monica,2022-11-30,3433.9724923955696,3191.0571,3152.7380993691204,3244.7011485648363,3198.266439046754,235.70605334881566
Santa Monica,2022-12-31,3407.3387300432805,3181.3406,3136.3964742798735,3235.366819131995,3186.501683657429,220.8370463858514
Santa Monica,2023-01-31,3408.255473742664,3228.0203,3386.8004652015,3377.5043155982007,3335.8870781795918,72.36839556307223
Santa Monica,2023-02-28,3432.31939327619,3265.7234,3419.69465269445,3370.646669290143,3355.4908365950478,76.82855668114235
Santa Monica,2023-03-31,3471.6081299106413,3282.7778,3436.911313284282,3365.1212199823863,3364.2330048041013,107.37512510654005
Santa Monica,2023-04-30,3452.8140255643084,3304.0308,3438.8045236614053,3361.801635512957,3369.982698667432,82.83132689687636
Santa Monica,2023-05-31,3433.1126179215867,3284.2349,3446.8469714987714,3360.456550023018,3366.2244593370187,66.88815858456792
Santa Monica,2023-06-30,3426.4850249436954,3281.1194,3465.8208584427534,3360.4456828090533,3371.560593488704,54.92443145499146
Santa Monica,2023-07-31,3458.2288386828404,3301.3237,3488.803570934175,3361.3129243618987,3385.518855580689,72.70998310215145
Santa Monica,2023-08-31,3471.6345844857283,3299.8552,3511.126009928012,3362.781186848579,3393.0022197587305,78.63236472699782
Santa Monica,2023-09-30,3487.294877017806,3311.6965,3527.3204611725387,3364.3034327430887,3402.459174444539,84.8357025732671
Santa Monica,2023-10-31,3462.3424890971323,3309.0686,3527.7539487087683,3365.5341545206893,3402.2728014488225,60.06968764830981
Santa Monica,2023-11-30,3446.1010840513713,3291.6409,3516.5289795669632,3366.0245342854305,3393.5340075370978,52.567076514273595
Santa Monica,2023-12-31,3427.260972477872,3286.6345,3519.1226556251954,3365.716781186129,3392.7805702592473,34.48040221862493
Santa Monica,2024-01-31,3442.588242794147,3388.487,3528.906027779819,3428.5002126728073,3449.7256580530825,-7.137415258935562
Santa Monica,2024-02-29,3478.596025803723,3420.0432,3570.4537144284545,3406.991984758349,3464.9239729104793,13.672052893243745
Santa Monica,2024-03-31,3488.9347323894835,3429.9246,3588.0763446101237,3384.6973303987374,3465.4428652361407,23.49186715334281
Santa Monica,2024-04-30,3511.585302071431,3443.1707,3585.0559142730413,3359.2295671156057,3458.968733196811,52.61656887462004
Santa Monica,2024-05-31,3504.076986994173,3455.644,3587.0162602268433,3341.2077834061415,3456.6686410236903,47.408345970482515
Santa Monica,2024-06-30,3502.6038606649113,3460.3286,3601.815420288895,3333.1668336641064,3459.9816455681266,42.62221509678466
Santa Monica,2024-07-31,3502.985475091687,3453.7456,3623.6781217359858,3331.4087581242543,3464.5886483446984,38.39682674698861
Santa Monica,2024-08-31,3502.646779679746,3450.4563,3646.902760483196,3332.2205974578324,3471.5826683671603,31.064111312585737
Santa Monica,2024-09-30,3509.9291469256787,3454.5469,3661.5679336172384,3336.489489231713,3479.234615202071,30.694531723607724
Santa Monica,2024-10-31,3497.642477948722,3444.216,3656.0277693714647,3343.758452077918,3477.0080046209464,20.634473327775595
Santa Monica,2024-11-30,3492.69611840438,3459.1426,3640.241895437365,3358.0512548284273,3481.5481676234263,11.147950780953579
Santa Monica,2024-12-31,3493.301404880672,3461.3162,3646.382914034442,3379.1119677370707,3492.030848021027,1.2705568596452395
Santa Monica,2025-01-31,3547.491316551217,3416.828,3596.696837813069,3535.974411774466,3520.4252447974313,27.066071753785764
Santa Monica,2025-02-28,3590.9892990544936,3437.926,3632.2100294277034,3530.087425148297,3536.2900271266176,54.699271927876
Santa Monica,2025-03-31,3649.549319802265,3481.3516,3651.407172938638,3527.359532396869,3554.6072896812257,94.94203012103935
Santa Monica,2025-04-30,3650.5983013715654,3466.1943,3651.491612660523,3526.539815312784,3549.800045226051,100.79825614551419
Santa Monica,2025-05-31,3629.978727796468,3489.8281,3652.510328500891,3524.403206105756,3556.410747543956,73.56798025251192
Santa Monica,2025-06-30,3614.08329632839,3484.253,3663.2957123980623,3520.857673057527,3556.995352931831,57.08794339655924
Santa Monica,2025-07-31,3585.257122745083,3491.6477,3680.863908521135,3514.138103715356,3562.52341553033,22.73370721475294
Santa Monica,2025-08-31,3597.8484860471017,3495.2146,3699.976118826728,3509.6717571454433,3568.252289618778,29.596196428323765
Santa Monica,2025-09-30,3605.715927324312,3486.6238,3711.7068507126473,3509.3715764827953,3569.4501970469214,36.2657302773905
Santa Monica,2025-10-31,3613.9120931037087,3510.6343,3706.505922657914,3513.0064766920127,3576.256046756351,37.65604634735746
Santa Monica,2025-11-30,3616.600642732378,3508.5056,3692.2444079178113,3519.9555636829546,3573.4803329484334,43.120309783944776
Santa Monica,2025-12-31,3604.5447390162713,3490.7473,3695.291246367135,3525.3491892443976,3571.1767245355745,33.36801448069673
Silver Lake,2022-01-31,2534.7129374462484,2633.3333,2471.6815289547817,2561.4067041536528,2553.2524790854136,-18.539541639165236
Silver Lake,2022-02-28,2545.189675519411,2664.477,2458.0356118119,2563.391907908231,2558.788283133804,-13.598607614392677
Silver Lake,2022-03-31,2565.3882892312886,2715.1401,2452.0287906106296,2563.5769313418523,2572.01767151674,-6.629382285451356
Silver Lake,2022-04-30,2612.1509708153544,2719.9749,2461.357510090886,2565.099698697102,2577.1107663395023,35.04020447585208
Silver Lake,2022-05-31,2646.84452333549,2725.6416,2477.25966315793,2568.8154672810715,2585.4378412925703,61.40668204291978
Silver Lake,2022-06-30,2698.984874076602,2725.4478,2488.8105913162217,2574.20787252939,2591.195807172832,107.78906690377016
Silver Lake,2022-07-31,2701.7377463469056,2727.8545,2495.6686419314437,2580.3469218054493,2596.45668450728,105.28106183962564
Silver Lake,2022-08-31,2719.76010557416,2728.739,2501.4129300776062,2586.715535317225,2600.979396664966,118.78070890919435
Silver Lake,2022-09-30,2718.3626832802574,2734.423,2510.118458531137,2591.0583171636126,2607.165200978353,111.19748230190453
Silver Lake,2022-10-31,2715.784005030662,2713.3557,2525.7799614607684,2593.030909070575,2606.7744469551753,109.00955807548644
Silver Lake,2022-11-30,2698.4357495650593,2653.2122,2544.4103426606052,2592.339418035232,2594.6956931669856,103.74005639807365
Silver Lake,2022-12-31,2671.8612696287955,2640.718,2555.050670748718,2588.8923455799486,2593.2002877242385,78.66098190455705
Silver Lake,2023-01-31,2667.602760469268,2624.9553,2766.929173640616,2686.4156774562543,2694.654096192524,-27.05133572325576
Silver Lake,2023-02-28,2681.211804936617,2648.0747,2786.8474489133555,2681.639512353829,2706.3800605856195,-25.168255649002276
Silver Lake,2023-03-31,2712.926559887869,2666.5657,2796.7644696159045,2677.2700197347144,2713.567198046593,-0.6406381587239594
Silver Lake,2023-04-30,2725.43014634021,2667.8384,2819.246770613945,2674.0593329988887,2720.1893586643655,5.240787675844331
Silver Lake,2023-05-31,2731.308327806114,2665.3833,2858.667424137209,2672.2808628173175,2731.826444043023,-0.5181162369090089
Silver Lake,2023-06-30,2750.1420521143,2671.4658,2886.8021780747617,2671.411947642167,2742.6225248787096,7.519527235590431
Silver Lake,2023-07-31,2773.6105385814653,2703.3928,2897.4242655191215,2671.2592524984657,2755.6218885725207,17.98865000894466
Silver Lake,2023-08-31,2785.8970595136875,2696.998,2909.3858420798156,2671.873501927391,2757.891415720638,28.00564379304933
Silver Lake,2023-09-30,2783.4024904382436,2708.099,2927.159230013283,2672.401480000779,2767.280568916884,16.12192152135958
Silver Lake,2023-10-31,2785.133055949716,2715.4053,2936.87017446115,2673.2176948183583,2772.9771078834865,12.155948066229485
Silver Lake,2023-11-30,2767.559882816573,2714.7073,2941.86772759878,2673.9727427710227,2774.7000561527557,-7.14017333618267
Silver Lake,2023-12-31,2747.582819148826,2710.6636,2963.9417144300673,2674.549949367749,2781.0012746673688,-33.41845551854294
Silver Lake,2024-01-31,2748.041033230026,2696.5469,2835.087922749557,2784.4296286815356,2774.9005285155577,-26.859495285531466
Silver Lake,2024-02-29,2750.695036567575,2701.965,2852.973157147942,2775.8513431764923,2779.2537999435226,-28.55876337594782
Silver Lake,2024-03-31,2765.2610038949197,2722.6064,2860.8761180233355,2769.6305076183035,2785.7321774202,-20.471173525280392
Silver Lake,2024-04-30,2778.2219429705865,2734.1182,2874.8047874842437,2761.9139403101512,2790.918706316794,-12.696763346207717
Silver Lake,2024-05-31,2789.0441863120936,2742.7573,2901.767495679968,2754.338320531499,2799.606864154341,-10.562677842247467
Silver Lake,2024-06-30,2792.512981904531,2745.4238,2923.68708440063,2747.3452775172027,2805.05835178183,-12.545369877298981
Silver Lake,2024-07-31,2800.6993430674847,2756.267,2933.9155204448743,2742.021027503992,2809.7082871751063,-9.008944107621573
Silver Lake,2024-08-31,2810.1725224219517,2773.2676,2943.228669381479,2735.8794630106863,2815.593695357357,-5.421172935405139
Silver Lake,2024-09-30,2822.316238702663,2786.3918,2954.2606909426604,2735.5612463073703,2823.045918902643,-0.7296801999796116
Silver Lake,2024-10-31,2797.614291396575,2752.0347,2956.749858333091,2739.8445897556717,2815.1842168613484,-17.569925464773405
Silver Lake,2024-11-30,2806.7709872593528,2768.9841,2954.199718162414,2748.866721701294,2822.751230395084,-15.980243135731143
Silver Lake,2024-12-31,2782.363020740384,2759.6887,2965.5258297351797,2761.45214165548,2828.3788801137616,-46.01585937337768
Silver Lake,2025-01-31,2816.5106714470057,2710.504,2851.95042482073,2838.415357629336,2804.6486334856654,11.86203796134032
Silver Lake,2025-02-28,2818.835455778484,2705.114,2862.619256761167,2838.1623100856764,2806.469922254241,12.365533524243347
Silver Lake,2025-03-31,2876.7751987729253,2737.7444,2868.9079581378837,2840.918559051427,2819.3249980286014,57.450200744323865
Silver Lake,2025-04-30,2882.3326600465207,2707.1555,2880.3557095941032,2844.96693829523,2815.4639330589907,66.86872698752995
Silver Lake,2025-05-31,2883.040671611685,2773.8552,2900.1605006936047,2849.0426869172256,2843.460863181761,39.579808429924014
Silver Lake,2025-06-30,2889.253974798242,2772.4758,2915.4831275190622,2852.278233774226,2849.311947982012,39.94202681622983
Silver Lake,2025-07-31,2900.6446002109587,2777.9504,2922.7758309823,2853.4905923280394,2853.808332491869,46.83626771908985
Silver Lake,2025-08-31,2941.868614633534,2751.593,2929.360828538421,2852.3142812479414,2847.6692471597485,94.19936747378551
Silver Lake,2025-09-30,2923.816206423945,2757.4495,2935.475943489986,2849.3458957602875,2850.3415969118037,73.47460951214134
Silver Lake,2025-10-31,2905.6555387533617,2746.7195,2933.2491168028137,2845.264711408129,2844.8856070248517,60.76993172851007
Silver Lake,2025-11-30,2857.8123481321127,2778.1172,2926.6390563607333,2839.9880001929273,2850.132410060842,7.679938071270499
Silver Lake,2025-12-31,2844.2202485017397,2761.2385,2930.031257153202,2834.2980185193146,2844.099431656444,0.12081684529584891
University Park,2022-01-31,1938.5388859226664,1932.9624,1937.5164751808984,2019.536051282364,1966.5433469367633,-28.004461014096933
University Park,2022-02-28,2060.253898941469,2007.3142,1935.0904426134448,2016.3698695582216,1986.7967014600833,73.45719748138549
University Park,2022-03-31,2123.228539694509,2217.8562,1932.3901733372948,2016.5843636173304,2048.9275773575373,74.30096233697168
University Park,2022-04-30,2133.0572555257786,2220.3538,1932.363672601306,2020.1800322830832,2050.997704178058,82.05955134772057
University Park,2022-05-31,2216.244711579443,2239.7432,1935.1045877146391,2025.576977163127,2059.699937384811,156.54477419463183
University Park,2022-06-30,2134.7535399161957,2225.514,1937.8158642212284,2031.8536594501372,2058.6676519059993,76.08588801019641
University Park,2022-07-31,2146.154827012595,2106.794,1938.8679368965747,2037.120985071438,2025.47424713955,120.68057987304496
University Park,2022-08-31,2186.6739161091673,2114.9072,1938.870733949812,2040.76979089916,2029.2525933665047,157.4213227426626
University Park,2022-09-30,2178.6920004809467,2103.3584,1938.8698343023184,2042.8994425532435,2026.5886886645828,152.10331181636388
University Park,2022-10-31,2250.369308367068,2272.6475,1938.8705023758444,2043.59079930574,2077.455975580075,172.91333278699267
University Park,2022-11-30,2205.253050088176,2232.8533,1938.8696160137752,2043.6348329407813,2065.575064765529,139.67798532264715
University Park,2022-12-31,2320.1608644068083,2248.564,1938.872313219481,2042.664097676296,2069.9131914536774,250.24767295313086
University Park,2023-01-31,2304.754895351188,2069.7393,2191.706017882877,2244.6353544968424,2174.8530604945668,129.90183485662146
University Park,2023-02-28,2340.743258784054,2094.4,2212.335291306571,2242.4194656309996,2188.2234113479212,152.51984743613275
University Park,2023-03-31,2356.1793311351453,2097.6184,2238.870178101821,2239.841063099386,2197.0010536943346,159.1782774408107
University Park,2023-04-30,2343.8783972209862,2108.023,2259.4059299981845,2237.5161782044656,2206.0380844772403,137.84031274374593
University Park,2023-05-31,2360.367235336461,2121.9265,2264.825607617783,2236.038024196109,2211.4384420502834,148.92879328617755
University Park,2023-06-30,2349.5684282283937,2135.1233,2258.8829189241724,2234.849864285079,2212.979282345291,136.5891458831029
University Park,2023-07-31,2371.3061488473745,2148.178,2257.1550986663774,2235.062182227135,2216.3896898590533,154.9164589883212
University Park,2023-08-31,2359.8544355600475,2212.3604,2266.6269798718777,2236.084414771683,2239.0873016091728,120.76713395087472
University Park,2023-09-30,2348.5155435716824,2171.968,2278.42237062242,2237.3544814838892,2231.380907038809,117.13463653287363
University Park,2023-10-31,2360.98485798286,2116.6323,2286.6472712002083,2238.918246057117,2218.1356773337484,142.84918064911153
University Park,2023-11-30,2382.0120439130405,2180.0647,2294.522572728895,2240.146645427753,2240.1577241447803,141.8543197682602
University Park,2023-12-31,2377.0838769717434,2088.3613,2307.6199482645325,2241.5840798589875,2217.6036821405755,159.48019483116786
University Park,2024-01-31,2381.228851099715,2287.5068,2426.3127010819476,2294.0132617856634,2335.7979628406856,45.430888259029416
University Park,2024-02-29,2382.822611014709,2294.0815,2463.477605811533,2247.430155969398,2332.7888230616063,50.03378795310255
University Park,2024-03-31,2377.625786720965,2293.77,2486.475914043711,2211.6772947856507,2327.0510085053265,50.57477821563862
University Park,2024-04-30,2352.183401755694,2298.833,2497.7221126392315,2187.0052543719185,2323.140912472282,29.042489283412124
University Park,2024-05-31,2318.1981689077897,2278.1062,2504.75463089802,2172.19330632606,2313.7810597136922,4.41710919409752
University Park,2024-06-30,2340.355568225055,2281.3796,2505.453977527556,2167.5509253577334,2313.270831755447,27.084736469607833
University Park,2024-07-31,2374.8021453110596,2281.3315,2503.6957698149154,2159.884109567756,2309.8347330044603,64.96741230659927
University Park,2024-08-31,2385.3267868510293,2309.5803,2509.686965579914,2153.9582497732367,2318.064809426824,67.26197742420527
University Park,2024-09-30,2392.262982614734,2316.52,2521.002997851841,2150.8180505125915,2322.7164334998615,69.5465491148725
University Park,2024-10-31,2384.2516758155666,2278.9875,2527.6114985434533,2147.549195345882,2312.468902115193,71.78277370037358
University Park,2024-11-30,2408.2267565412226,2284.4612,2533.7431098348984,2145.3139209559176,2315.303880732678,92.92287580854463
University Park,2024-12-31,2428.5930545105366,2321.317,2557.788866231157,2140.71536162269,2332.5665885180897,96.0264659924469
University Park,2025-01-31,2398.3436193679995,2327.575,2509.147324487253,2172.663098197848,2330.196331712583,68.14728765541668
University Park,2025-02-28,2407.70220333668,2327.0823,2537.826662814646,2138.5792813821254,2326.9005201689383,80.80168316774188
University Park,2025-03-31,2351.3527782981646,2311.5789,2554.813071837506,2130.6878703593256,2324.9564620259957,26.39631627216886
University Park,2025-04-30,2412.250308902318,2302.9824,2558.1941180356803,2129.0197425792853,2322.8859576150603,89.3643512872577
University Park,2025-05-31,2456.842283340546,2334.1038,2558.405543674959,2130.0339627730796,2332.635710972563,124.20657236798297
University Park,2025-06-30,2544.562637244341,2343.84,2561.2288627763833,2136.0369718406614,2338.703794546771,205.85884269757025
University Park,2025-07-31,2481.1898713203595,2335.9182,2567.2341791577646,2138.49845952183,2339.2324464369162,141.9574248834433
University Park,2025-08-31,2397.656159586564,2392.8499,2575.330410995662,2139.3846566917396,2359.2572737450796,38.39888584148457
University Park,2025-09-30,2377.2337884222497,2312.0242,2582.8902201680103,2139.0183706740568,2337.456592471303,39.77719595094686
University Park,2025-10-31,2422.9957283333856,2336.0115,2588.7736948542492,2136.8671137317515,2345.775534288622,77.2201940447635
University Park,2025-11-30,2475.135180510702,2363.8457,2597.727198865603,2139.6950495482056,2358.104107481287,117.03107302941498
University Park,2025-12-31,2437.5754271938627,2335.725,2619.697238820061,2148.2183762809004,2360.1169208199804,77.4585063738823
Vermont Square,2022-01-31,1985.823608276622,1961.0942,1909.1409393311897,1987.0980344001428,1953.5561722787213,32.26743599790075
Vermont Square,2022-02-28,1984.466764626622,1988.316,1908.6636487061648,1986.783272491528,1961.420059498143,23.04670512847906
Vermont Square,2022-03-31,1944.8551377985284,1909.8271,1926.432992913224,1985.7364762093491,1943.4404922258975,1.4146455726308886
Vermont Square,2022-04-30,1932.4380798044149,1877.528,1937.3748825058065,1985.185416924285,1937.196838963678,-4.758759159263036
Vermont Square,2022-05-31,1966.161108495764,1969.2874,1926.2919543605344,1985.5856271192376,1961.114322390681,5.0467861050829015
Vermont Square,2022-06-30,2046.922608698104,2100.7383,1906.8752204976677,1987.4349663048445,1994.6803065355891,52.24230216251499
Vermont Square,2022-07-31,2113.749401030516,2149.8384,1897.0198577776464,1991.00055623136,2007.422836614644,106.32656441587187
Vermont Square,2022-08-31,2107.614521770407,2157.5103,1903.0101660875644,1995.927457863228,2013.5218824172828,94.09263935312424
Vermont Square,2022-09-30,2052.590840568695,2111.1375,1922.905694348415,2000.0726446114627,2007.7702111279755,44.820629440719586
Vermont Square,2022-10-31,2066.69962790106,2037.0651,1952.397389956634,2002.0006126528629,1996.0878342772269,70.61179362383314
Vermont Square,2022-11-30,2116.021582936281,2061.1797,1972.09505457766,2001.792154437652,2009.730746728298,106.29083620798292
Vermont Square,2022-12-31,2207.430105771435,2112.05,1967.673098592766,2000.2151953583816,2022.8931198693879,184.53698590204726
Vermont Square,2023-01-31,2224.238519292455,2133.487,2106.492295193586,2131.322072557587,2123.7621380692945,100.47638122316039
Vermont Square,2023-02-28,2223.3297399598773,2095.7974,2101.7511445625123,2125.0550535449147,2108.605334405067,114.72440555481035
Vermont Square,2023-03-31,2179.6564049314534,2102.7493,2104.5883820576128,2120.2997228972768,2109.859640587365,69.79676434408839
Vermont Square,2023-04-30,2208.8351807161885,2138.9155,2107.9552074410944,2118.5557844809746,2121.1386701278648,87.69651058832369
Vermont Square,2023-05-31,2213.6271972329405,2121.7378,2112.8459048871405,2119.54835995702,2117.9875076230237,95.63968960991679
Vermont Square,2023-06-30,2254.2255927046645,2106.565,2127.934634742028,2121.622683008488,2119.207350695651,135.01824200901365
Vermont Square,2023-07-31,2230.387490484746,2068.7312,2145.1486987157036,2123.6790442892693,2114.348275059506,116.0392154252404
Vermont Square,2023-08-31,2262.1185284586263,2103.967,2147.0311948932053,2124.8939744531344,2125.9547897176985,136.16373874092778
Vermont Square,2023-09-30,2263.4157458428253,2131.8809,2145.3914892190046,2126.3365848453022,2134.2924756184643,129.12327022436102
Vermont Square,2023-10-31,2342.6357064343715,2178.2712,2166.286098336828,2128.8368895139806,2155.9941989811527,186.64150745321876
Vermont Square,2023-11-30,2330.4876261050645,2149.1233,2202.609037379793,2131.6122929035946,2160.314472330828,170.17315377423665
Vermont Square,2023-12-31,2347.683109638009,2103.0354,2224.555234549008,2133.5593995124937,2154.5114057751707,193.17170386283806
Vermont Square,2024-01-31,2327.328215518913,2169.8577,2380.354864378869,2253.927124274022,2270.582673534371,56.74554198454189
Vermont Square,2024-02-29,2338.489159191274,2155.4565,2388.515862156443,2225.3655005138717,2258.392662256975,80.09649693429901
Vermont Square,2024-03-31,2377.40247193441,2178.9226,2389.1590663595,2198.7345698286117,2255.75392868666,121.64854324775024
Vermont Square,2024-04-30,2371.5082764609897,2194.058,2395.032562755599,2167.305943810481,2250.5758901586164,120.93238630237329
Vermont Square,2024-05-31,2360.560496570848,2197.9915,2414.929665445589,2127.049219188512,2243.4134157743606,117.14708079648744
Vermont Square,2024-06-30,2381.842182993514,2177.8486,2438.2325209381315,2103.282552034106,2236.288342222275,145.55384077123927
Vermont Square,2024-07-31,2389.7195310041,2212.6062,2452.5660049081566,2094.0337849436837,2247.990593694422,141.72893730967826
Vermont Square,2024-08-31,2408.9117404941694,2217.6504,2459.936149561024,2099.3617800100023,2253.908751319105,155.0029891750646
Vermont Square,2024-09-30,2380.8060195945063,2236.0066,2474.363888984507,2104.542037864907,2266.0847445482495,114.72127504625678
Vermont Square,2024-10-31,2412.1411562792305,2181.93,2501.9592314984056,2105.6026356200973,2259.4321643139174,152.7089919653131
Vermont Square,2024-11-30,2494.0721497970867,2254.8596,2533.6377627642896,2101.6767644284246,2290.2516959095447,203.82045388754204
Vermont Square,2024-12-31,2536.645016903237,2246.246,2562.8953807245043,2111.6210552364105,2301.031665002213,235.6133519010241
Vermont Square,2025-01-31,2510.7644074609098,2278.2988,2532.9085824481404,2176.05000799586,2324.57348041933,186.19092704157993
Vermont Square,2025-02-28,2467.71023825858,2256.5015,2538.4116088255946,2157.1323393802177,2312.866860424273,154.84337783430692
Vermont Square,2025-03-31,2425.1379806789146,2299.7917,2544.0122708262843,2155.84924572159,2327.1848010939693,97.95317958494525
Vermont Square,2025-04-30,2382.20091256811,2253.1396,2549.082131951162,2123.654417997291,2302.985170894567,79.2157416735431
Vermont Square,2025-05-31,2320.1387943296045,2226.6335,2559.7809606127994,2110.905312865839,2293.873668117627,26.26512621197753
Vermont Square,2025-06-30,2340.2160746291543,2216.6833,2578.694927201792,2103.964854546467,2294.5792614843176,45.63681314483665
Vermont Square,2025-07-31,2334.9117919948017,2222.0103,2595.537230091341,2098.418031759356,2299.683730961341,35.22806103346056
Vermont Square,2025-08-31,2348.7060080249257,2225.4707,2600.361088563905,2084.10224291047,2297.0087024684435,51.697305556482206
Vermont Square,2025-09-30,2300.86065933709,2205.4053,2607.37370963622,2074.466086291454,2289.7576438423835,11.103015494706597
Vermont Square,2025-10-31,2323.7482658222298,2224.318,2635.680288608167,2069.296533436204,2302.85286251415,20.89540330807995
Vermont Square,2025-11-30,2330.6217954333,2233.918,2675.758576462626,2085.9206002454616,2325.129495889908,5.492299543392164
Vermont Square,2025-12-31,2351.326901936943,2193.7703,2706.281184628987,2080.908500236106,2321.358747324408,29.968154612535272
West Adams,2022-01-31,2584.0242858238175,2436.571,2552.70060303327,2618.176216078809,2542.2411305760334,41.78315524778418
West Adams,2022-02-28,2620.430271483742,2427.0566,2581.0177956400735,2624.6939452229713,2551.171403877148,69.25886760659432
West Adams,2022-03-31,2623.41881854841,2422.8845,2585.318143214245,2627.652950079837,2552.441846800815,70.97697174759514
West Adams,2022-04-30,2631.8516763896805,2497.0193,2575.959152843419,2629.175971066983,2572.0760824225804,59.77559396710012
West Adams,2022-05-31,2671.396691135965,2517.1995,2564.94741109006,2630.690368120367,2575.0304807980788,96.36621033788606
West Adams,2022-06-30,2667.507161335763,2530.449,2555.8177008989305,2633.2789394187525,2576.932931353385,90.57422998237826
West Adams,2022-07-31,2716.7843955031412,2535.7761,2561.2368490271074,2636.974631290128,2581.68601774584,135.09837775730102
West Adams,2022-08-31,2723.9077155418354,2554.8955,2591.2146409949164,2640.9371376504077,2598.778870155926,125.12884538590924
West Adams,2022-09-30,2738.6196580255755,2521.4233,2621.105638878578,2644.329069916032,2599.908773592488,138.71088443308736
West Adams,2022-10-31,2748.91511112984,2472.2131,2624.3344644897043,2646.6538167514777,2587.125388825147,161.789722304693
West Adams,2022-11-30,2777.0236628572093,2526.2412,2615.1119432628007,2647.7257657842124,2600.6264812941295,176.3971815630798
West Adams,2022-12-31,2807.0384090479724,2518.3245,2631.090659670352,2648.221750763691,2603.725015888803,203.31339315916966
West Adams,2023-01-31,2780.8769334028625,2609.6353,2844.761020884761,2717.9775499565985,2727.494041932775,53.38289147008754
West Adams,2023-02-28,2775.8900599698445,2606.6836,2880.944075591183,2715.155628065188,2737.5259160125233,38.364143957321176
West Adams,2023-03-31,2775.060465473533,2592.857,2897.264897605734,2712.8420732232908,2737.9297585267427,37.13070694679027
West Adams,2023-04-30,2808.82374106498,2637.6995,2902.90012517068,2711.6955350753797,2752.773796286426,56.04994477855371
West Adams,2023-05-31,2806.9349304385146,2594.482,2911.208117999798,2711.679556403,2742.5936094675762,64.34132097093834
West Adams,2023-06-30,2800.2797262249305,2593.5735,2921.674963407856,2711.7928938811124,2745.8236761379235,54.45605008700704
West Adams,2023-07-31,2792.1881488348317,2571.7188,2939.9397687047804,2712.0646763624395,2745.4278558461087,46.760292988722995
West Adams,2023-08-31,2805.310115609297,2583.6338,2971.7732445848733,2711.9953057821044,2759.4864268807755,45.823688728521574
West Adams,2023-09-30,2812.433656624356,2594.483,3001.8576841238223,2711.8024606455533,2772.6024957694394,39.83116085491656
West Adams,2023-10-31,2824.299796561379,2606.4114,3014.11119325975,2711.5528149055153,2780.1263738768635,44.17342268451557
West Adams,2023-11-30,2827.6624082580374,2597.7065,3019.9958206659835,2711.2156573361003,2779.344114970544,48.31829328749336
West Adams,2023-12-31,2827.669943742879,2571.844,3048.80122682147,2710.4196346244253,2780.838554026539,46.8313897163398
West Adams,2024-01-31,2825.2568149978815,2723.8977,2928.710857785763,2838.784920597271,2834.1619336201356,-8.905118622254122
West Adams,2024-02-29,2852.190376147639,2735.3784,2956.068649589456,2824.930742432151,2841.5039957363847,10.686380411254504
West Adams,2024-03-31,2862.9010863211806,2750.4495,2963.3656131187745,2815.248833970309,2844.8344312832355,18.06665503794511
West Adams,2024-04-30,2890.980997867329,2752.5823,2965.6953195607184,2803.522314766029,2841.8974195245996,49.0835783427292
West Adams,2024-05-31,2864.284820989082,2756.0618,2969.7625947373135,2786.5385453233794,2837.989531846587,26.29528914249522
West Adams,2024-06-30,2856.041602860394,2754.9075,2970.3593031290175,2773.019909388399,2832.8330018891747,23.20860097121931
West Adams,2024-07-31,2856.04952050711,2749.9487,2976.9083873586624,2760.3094573622075,2828.805987746117,27.243532760993276
West Adams,2024-08-31,2870.1989127166416,2799.4426,3000.623963074998,2756.502689487704,2850.031223258799,20.167689457842698
West Adams,2024-09-30,2911.673444330846,2819.7559,3024.247945589897,2757.39554354739,2864.2435251987404,47.429919132105624
West Adams,2024-10-31,2922.852995641484,2778.3184,3029.12218345946,2764.059154311141,2855.9353031293385,66.91769251214555
West Adams,2024-11-30,2924.719852937967,2804.7593,3029.941135262072,2775.33188845035,2868.287370726007,56.43248221196018
West Adams,2024-12-31,2884.2453932139965,2785.0815,3055.741177497286,2791.796177968597,2877.0323814797116,7.213011734284919
West Adams,2025-01-31,2888.1609402875056,2784.0217,2955.6557020338546,2896.270414750322,2882.3414193244807,5.819520963024843
West Adams,2025-02-28,2897.155378282934,2764.8816,2976.5888313699347,2889.4465491440465,2881.0101928185936,16.145185464340557
West Adams,2025-03-31,2958.3064776974516,2842.4922,2984.3869227569944,2887.9126229684884,2906.222008881453,52.08446881599866
West Adams,2025-04-30,2961.404459105759,2804.4526,2984.424165973314,2887.198801246247,2894.5974726547943,66.80698645096481
West Adams,2025-05-31,2987.321123328158,2823.188,2981.482444205854,2888.639261913386,2899.759979549795,87.5611437783632
West Adams,2025-06-30,2977.4054230974416,2813.9187,2975.3700137758674,2891.9737705160887,2896.2038705547534,81.2015525426882
West Adams,2025-07-31,2996.4304336179157,2814.8457,2976.5572657772404,2895.216343237768,2898.074816364827,98.3556172530889
West Adams,2025-08-31,3013.779447014678,2811.4668,2995.7061025124913,2897.1172217508374,2904.0983358733083,109.68111114136991
West Adams,2025-09-30,3008.171089623249,2816.8657,3017.477721033877,2897.869442395274,2913.1874269019495,94.98366272129942
West Adams,2025-10-31,2977.1508903224094,2807.0798,3022.2519984403843,2897.450522285657,2911.6846855706717,65.46620475173768
West Adams,2025-11-30,2925.6379443761734,2819.4639,3017.5379823742187,2897.840761881615,2913.973481025847,11.664463350326514
West Adams,2025-12-31,2922.9371304573965,2806.9878,3028.5683645020663,2898.5654096736102,2914.158042182634,8.779088274762671
West Hollywood,2022-01-31,2950.5384198946676,2861.3357,2816.175611022338,2932.197194015615,2872.6628920658927,77.87552782877492
West Hollywood,2022-02-28,2981.9648735662568,2896.9968,2814.2761800464523,2934.3166077923324,2883.4815999442344,98.48327362202235
West Hollywood,2022-03-31,3000.843079509488,2922.2021,2817.8866969019823,2933.608052439714,2891.9479026809204,108.8951768285674
West Hollywood,2022-04-30,3011.3905264315717,2937.1924,2808.4175879582945,2934.0509512571343,2893.4636268732843,117.92689955828746
West Hollywood,2022-05-31,3007.0683669010514,2927.9355,2797.772943468093,2937.2139513812817,2888.3496156608994,118.71875124015196
West Hollywood,2022-06-30,3027.2317403286497,2935.1077,2817.9747099837937,2942.8936878604213,2899.275611949211,127.95612837943872
West Hollywood,2022-07-31,3063.8247915257516,2933.6404,2859.08988418472,2949.846936424289,2915.0032272324256,148.821564293326
West Hollywood,2022-08-31,3073.7543333690155,2921.2517,2876.8072890504477,2957.296515708908,2919.9158234852207,153.8385098837948
West Hollywood,2022-09-30,3067.5632385526615,2905.983,2870.2896329684145,2962.2655838382266,2915.037789464494,152.52544908816753
West Hollywood,2022-10-31,3061.875704825795,2875.345,2877.049855368032,2964.3012931095113,2908.8669459246403,153.00875890115458
West Hollywood,2022-11-30,3057.283840733396,2856.1997,2901.5310251051014,2963.3735123956335,2910.8914315459706,146.39240918742553
West Hollywood,2022-12-31,3062.3846150829904,2852.4863,2913.444985090554,2959.5048731288293,2912.285938547868,150.0986765351222
West Hollywood,2023-01-31,3060.113221068156,2915.5781,3127.4817829096223,3057.0897195526773,3038.0503918413247,22.062829226831127
West Hollywood,2023-02-28,3094.076468926901,2927.4646,3161.3642249375607,3054.689080908605,3051.9139639530877,42.16250497381316
West Hollywood,2023-03-31,3111.9708776766647,2940.934,3168.8452792055914,3052.40042351006,3057.5656113489867,54.405266327677964
West Hollywood,2023-04-30,3131.234283446348,2946.4844,3157.812354458493,3050.7131899198876,3054.9530529882795,76.28123045806842
West Hollywood,2023-05-31,3136.8140939884315,2963.9456,3158.2465581112615,3049.582698385878,3059.8979507269532,76.91614326147828
West Hollywood,2023-06-30,3126.9194938759274,2958.8582,3182.3785652591732,3049.062027884542,3066.1606304119855,60.75886346394191
West Hollywood,2023-07-31,3138.5152058929616,2976.179,3215.359541818224,3049.0479838311444,3082.235117520199,56.28008837276275
West Hollywood,2023-08-31,3124.9106963896384,2960.1167,3234.5259161666654,3049.4253295345034,3083.908115024177,41.00258136546154
West Hollywood,2023-09-30,3124.680029321628,2969.7166,3235.951862936513,3049.991491085753,3087.459207237293,37.22082208433494
West Hollywood,2023-10-31,3116.8276252305714,2979.0725,3232.617270817254,3050.740280095679,3089.4314815176735,27.39614371289781
West Hollywood,2023-11-30,3102.78956050582,2983.5327,3242.1617459063345,3051.650557464843,3094.256972249224,8.532588256596227
West Hollywood,2023-12-31,3099.3163877315283,2974.5908,3276.2328561338095,3052.6264913921364,3103.207041960836,-3.890654229307529
West Hollywood,2024-01-31,3088.4413522713658,3075.3655,3239.2858343740704,3134.8762507339925,3151.596077881575,-63.154725610209425
West Hollywood,2024-02-29,3114.1625559175154,3073.8218,3275.5354343906506,3129.4502686373453,3161.10607754803,-46.943521630514624
West Hollywood,2024-03-31,3126.5217467255934,3092.522,3286.4477501845977,3128.0457172588904,3169.7832545427923,-43.26150781719889
West Hollywood,2024-04-30,3118.622926220515,3080.3018,3280.406163636593,3127.899909803294,3164.0788948511363,-45.4559686306211
West Hollywood,2024-05-31,3107.302848520882,3090.4983,3282.932908842504,3127.159603206902,3167.6881540462095,-60.38530552532757
West Hollywood,2024-06-30,3109.338928316012,3097.9355,3301.7165462964917,3123.8607962345063,3174.8980681670705,-65.55913985105872
West Hollywood,2024-07-31,3124.9752365326754,3099.7136,3325.0378185195736,3118.830006985332,3181.2742846228325,-56.29904809015716
West Hollywood,2024-08-31,3119.955505401601,3105.1887,3338.4524396176303,3113.8730159508927,3185.508587518403,-65.55308211680222
West Hollywood,2024-09-30,3119.7661649750435,3109.264,3339.0612203747655,3111.506142667437,3186.0512400712933,-66.28507509624978
West Hollywood,2024-10-31,3132.8967187504295,3093.5276,3333.5994979353404,3111.48547819372,3179.533704361193,-46.63698561076353
West Hollywood,2024-11-30,3142.602703158293,3091.6445,3337.2799572487374,3113.918044544975,3181.088527783929,-38.485824625635814
West Hollywood,2024-12-31,3132.1616530820493,3086.5479,3365.4245970587885,3118.7453897381274,3190.6562283771423,-58.494575295093
West Hollywood,2025-01-31,3188.5545048895547,3088.2688,3194.96279287777,3180.24814525205,3157.613603376279,30.94090151327555
West Hollywood,2025-02-28,3220.5187394966524,3087.7546,3217.7345147245132,3177.1941843024524,3163.855281216914,56.66345827973828
West Hollywood,2025-03-31,3276.199079006246,3147.428,3225.7506625449387,3176.870708618474,3184.2251149898825,91.97396401636342
West Hollywood,2025-04-30,3244.8217836872427,3102.1296,3215.299082258905,3177.8132666216393,3167.57722217268,77.24456151456252
West Hollywood,2025-05-31,3226.967463399069,3134.244,3207.9898372581315,3179.0404783587496,3175.216896724432,51.75056667463696
West Hollywood,2025-06-30,3193.494738470371,3127.1753,3218.6539459519413,3179.5824522530424,3176.8293141983186,16.665424272052405
West Hollywood,2025-07-31,3183.0847366925072,3120.0632,3235.6122186401503,3179.3346489469036,3180.2165983766304,2.8681383158768767
West Hollywood,2025-08-31,3189.6854117383173,3129.468,3240.3725495152376,3178.461118561478,3184.2780932723967,5.407318465920525
West Hollywood,2025-09-30,3215.8502631051606,3108.019,3234.3033442349756,3176.9649765886807,3175.305248208631,40.545014896529665
West Hollywood,2025-10-31,3208.099091573119,3131.7026,3228.589402436286,3174.67236397579,3179.6476457227936,28.4514458503254
West Hollywood,2025-11-30,3201.8895762321445,3122.962,3229.645693071777,3172.1298061560706,3176.441665315735,25.447910916409455
West Hollywood,2025-12-31,3147.8575594346203,3088.8706,3241.1869420830826,3169.1888182980592,3168.9748221911823,-21.117262756562013
Westwood,2022-01-31,3508.330209839883,3326.3418,3341.368639115509,3527.7671020555713,3405.9370778683133,102.3931319715698
Westwood,2022-02-28,3530.192822233535,3192.458,3355.5090684966553,3523.3313570654236,3368.9414687398057,161.2513534937293
Westwood,2022-03-31,3568.0393240785147,3226.4924,3370.3437149837764,3518.995546400045,3382.4134211729615,185.62590290555318
Westwood,2022-04-30,3620.800896465921,3240.174,3388.816965494117,3519.703802688107,3392.872198248363,227.92869821755812
Westwood,2022-05-31,3675.7793760632953,3383.6204,3411.03878021282,3525.6614574912683,3445.3095992503786,230.46977681291673
Westwood,2022-06-30,3710.5805581127584,3237.1936,3430.059289508805,3534.21016740672,3410.9879225085333,299.59263560422505
Westwood,2022-07-31,3735.777003175526,3237.28,3448.2459745338524,3542.1829960204914,3419.979072068855,315.7979311066706
Westwood,2022-08-31,3765.960646507112,3232.389,3463.7587219907414,3548.1435589001812,3425.852787872528,340.10785863458386
Westwood,2022-09-30,3765.3217548603857,3221.485,3462.796089613758,3550.0264070138423,3422.972324059791,342.34943080059475
Westwood,2022-10-31,3760.3860009087743,3243.4473,3437.878023314642,3548.3407741352594,3420.6773290354386,339.7086718733358
Westwood,2022-11-30,3712.0332439736785,3182.6692,3408.716052847029,3543.5958365338793,3391.1098981011605,320.923345872518
Westwood,2022-12-31,3681.325572251314,3178.5173,3398.692561044847,3536.468954238375,3383.914983761118,297.410588490196
Westwood,2023-01-31,3684.0508380236174,3555.692,3715.83783476154,3717.739575381909,3668.6649987580204,15.385839265597042
Westwood,2023-02-28,3705.374068280854,3607.195,3763.361796706934,3713.6401650505936,3698.2520099557855,7.122058325068338
Westwood,2023-03-31,3770.8170142464264,3619.5542,3782.301899091236,3711.138915284655,3707.2806259187123,63.53638832771412
Westwood,2023-04-30,3782.3157549533826,3627.8408,3804.282419101291,3710.137731898147,3716.652439095595,65.66331585778744
Westwood,2023-05-31,3793.3353517897976,3579.4333,3845.98793604228,3710.0468380768234,3715.932009247409,77.4033425423886
Westwood,2023-06-30,3785.8712255426167,3525.2769,3875.822780876051,3710.5072260228176,3709.773432097206,76.09779344541084
Westwood,2023-07-31,3784.625339584368,3523.123,3890.0366341831423,3711.099565887562,3714.047168586431,70.57817099793692
Westwood,2023-08-31,3776.432272575177,3512.8843,3911.0362037458985,3711.7407063981177,3718.1648735783283,58.2673989968489
Westwood,2023-09-30,3761.102533988785,3510.9724,3924.070933419625,3712.222752942324,3722.080350726478,39.02218326230695
Westwood,2023-10-31,3775.343043861589,3514.3027,3895.69680929832,3712.296288668437,3713.724524462249,61.61851939934013
Westwood,2023-11-30,3771.73594790105,3507.309,3855.268032310719,3712.035112179545,3698.173697836201,73.5622500648492
Westwood,2023-12-31,3783.2070304066456,3523.419,3867.444738802194,3711.50452375905,3706.8182374339494,76.38879297269614
Westwood,2024-01-31,3778.737833790368,3721.8513,3859.452347099792,3839.821663122828,3811.0417411965423,-32.3039074061744
Westwood,2024-02-29,3813.601353603424,3728.199,3905.32520318848,3831.5586840486512,3825.0406979657423,-11.43934436231848
Westwood,2024-03-31,3847.7313278060938,3650.1118,3931.0205809840704,3826.052610812844,3808.14890404515,39.582423760943584
Westwood,2024-04-30,3886.019689345384,3656.2063,3954.150613946348,3817.1049029398073,3814.301122398119,71.71856694726512
Westwood,2024-05-31,3925.182149283018,3667.1724,3985.9903150542023,3805.003952900181,3823.6203499770913,101.5617993059268
Westwood,2024-06-30,3917.4412163111456,3758.163,4007.163713229546,3791.244791336356,3852.7238401449745,64.7173761661711
Westwood,2024-07-31,3913.5784014695378,3777.069,4016.929189262929,3778.50684109852,3856.884430513145,56.693970956392604
Westwood,2024-08-31,3892.837478300181,3776.4897,4030.3383568960166,3770.594934223547,3858.2120981907483,34.625380109432626
Westwood,2024-09-30,3882.5294165750392,3784.3384,4037.30815068816,3773.360580721313,3863.887008767785,18.64240780725413
Westwood,2024-10-31,3844.3647651686247,3728.8987,4016.003030524227,3784.2763499222174,3844.3148480131867,0.04991715543792452
Westwood,2024-11-30,3856.78021683654,3738.293,3988.1487210951464,3799.927831385685,3843.7153922853167,13.06482455122341
Westwood,2024-12-31,3870.23580483013,3740.4941,3999.728727157386,3816.0009510861505,3854.156171571527,16.079633258602826
Westwood,2025-01-31,3967.9496740203554,3728.0405,3971.988775346548,3909.5842503044487,3875.936679787157,92.01299423319824
Westwood,2025-02-28,4025.6962700806616,3710.102,4010.6907833674272,3905.886639213475,3881.9962418325345,143.70002824812718
Westwood,2025-03-31,4073.8095794322994,3794.9324,4039.501795535203,3905.0137069308134,3916.5569504162945,157.2526290160049
Westwood,2025-04-30,4025.3164985607614,3766.0862,4067.2025323850753,3905.0905491563694,3917.1176415286404,108.19885703212094
Westwood,2025-05-31,4036.655614152271,3845.8655,4098.053933939375,3905.6868855726143,3951.3870564442477,85.26855770802331
Westwood,2025-06-30,4001.832791063191,3829.1245,4115.622995303701,3905.806757472904,3952.23378309123,49.59900797196087
Westwood,2025-07-31,4010.4886859118697,3843.4148,4122.013367490373,3903.703330933072,3957.838965270237,52.649720641632484
Westwood,2025-08-31,3995.244312695052,3832.8557,4129.801710823467,3901.203453056344,3956.3303300693296,38.91398262572238
Westwood,2025-09-30,3966.5463232017873,3816.8394,4130.926667813863,3899.793019510252,3951.3913460951308,15.154977106656588
Westwood,2025-10-31,3950.711899362559,3810.7888,4110.299946854595,3899.7598477220554,3942.7522616620504,7.959637700508665
Westwood,2025-11-30,3920.4643754124127,3808.198,4087.8952565537934,3903.010880123092,3935.776641280531,-15.312265868118175
Westwood,2025-12-31,3964.161332164548,3813.1863,4098.858306919401,3906.116212961111,3942.042176464399,22.11915570014935
