Neighborhood,Date,Rent,permits_trailing6,employment_growth,median_income,renter_rate,covid,month,rent_lag1,rent_lag12,rent_yoy_growth,floor,cap,predicted_rent,residual,fold
Beverly Hills,2022-01-31,6427.59296157712,129.0,-2.264157050607707,153712.01,0.3675,0,1,6452.506562104584,5578.477767819288,15.221270552625407,3877.6530183147615,9678.759843156877,6150.046869076152,277.54609250096837,2
Beverly Hills,2022-02-28,6487.461972748955,118.0,1.5731081304851902,153712.01,0.3675,0,2,6427.59296157712,5726.878558448635,13.280941904700638,3877.6530183147615,9678.759843156877,6161.410998157897,326.05097459105855,2
Beverly Hills,2022-03-31,6472.219521537098,126.0,0.283664819041407,153712.01,0.3675,0,3,6487.461972748955,5688.404403103273,13.779173611605744,3877.6530183147615,9678.759843156877,6171.529798597473,300.6897229396254,2
Beverly Hills,2022-04-30,6698.274628741606,131.0,0.6047403843027821,153712.01,0.3675,0,4,6472.219521537098,5650.978640136506,18.533002074483164,3877.6530183147615,9678.759843156877,6142.632110909576,555.6425178320296,2
Beverly Hills,2022-05-31,6803.122365193703,140.0,0.252076398539236,153712.01,0.3675,0,5,6698.274628741606,5575.5034264267915,22.018082402178063,3877.6530183147615,9678.759843156877,6120.218196807228,682.9041683864752,2
Beverly Hills,2022-06-30,6913.100707879746,154.0,-0.1128267947519412,153712.01,0.3675,0,6,6803.122365193703,5678.416441657819,21.7434610319186,3877.6530183147615,9678.759843156877,6171.100824718478,741.9998831612675,2
Beverly Hills,2022-07-31,6771.818261229069,156.0,-0.4437487897760328,153712.01,0.3675,0,7,6913.100707879746,5911.598587528699,14.551388443645653,3877.6530183147615,9678.759843156877,6269.04343889384,502.77482233522915,2
Beverly Hills,2022-08-31,6689.612671305207,169.0,0.3338898163605996,153712.01,0.3675,0,8,6771.818261229069,5991.785247194835,11.646402454712025,3877.6530183147615,9678.759843156877,6339.458500020826,350.15417128438094,2
Beverly Hills,2022-09-30,6687.94877615459,170.0,0.4539359966398981,153712.01,0.3675,0,9,6689.612671305207,6125.196146838794,9.18750380926545,3877.6530183147615,9678.759843156877,6387.302420780728,300.6463553738613,2
Beverly Hills,2022-10-31,6835.945345677373,188.0,0.8603499292422434,153712.01,0.3675,0,10,6687.94877615459,6165.027281462795,10.88264550315805,3877.6530183147615,9678.759843156877,6459.082399211796,376.8629464655769,2
Beverly Hills,2022-11-30,6768.71673812275,175.0,0.534128414037216,153712.01,0.3675,0,11,6835.945345677373,6301.5061401302655,7.414268709779059,3877.6530183147615,9678.759843156877,6525.618927165545,243.09781095720518,2
Beverly Hills,2022-12-31,6649.243997172474,168.0,0.0301329019570584,153712.01,0.3675,0,12,6768.71673812275,6452.506562104584,3.0490079037396756,3877.6530183147615,9678.759843156877,6542.9035788636165,106.3404183088578,2
Beverly Hills,2023-01-31,6608.856166066006,166.0,-2.199039208536135,167909.19,0.3828,0,1,6649.243997172474,6427.59296157712,2.8200790804962628,3877.6530183147615,10369.651061819619,7001.699150961024,-392.84298489501816,3
Beverly Hills,2023-02-28,6832.875798941626,164.0,0.5495574360470767,167909.19,0.3828,0,2,6608.856166066006,6487.461972748955,5.32432910811047,3877.6530183147615,10369.651061819619,7105.63614772279,-272.7603487811639,3
Beverly Hills,2023-03-31,6877.871328408235,154.0,0.0225715437323525,167909.19,0.3828,0,3,6832.875798941626,6472.219521537098,6.267584180686092,3877.6530183147615,10369.651061819619,7122.440562044656,-244.5692336364209,3
Beverly Hills,2023-04-30,6783.20654427167,138.0,0.1144441399764772,167909.19,0.3828,0,4,6877.871328408235,6698.274628741606,1.267967054764085,3877.6530183147615,10369.651061819619,7126.41395129513,-343.2074070234594,3
Beverly Hills,2023-05-31,6747.903675923142,148.0,0.4685235871840332,167909.19,0.3828,0,5,6783.20654427167,6803.122365193703,-0.8116668539297822,3877.6530183147615,10369.651061819619,7198.753992737803,-450.8503168146608,3
Beverly Hills,2023-06-30,6783.805810051977,146.0,-0.3124949920674358,167909.19,0.3828,0,6,6747.903675923142,6913.100707879746,-1.8702880703067917,3877.6530183147615,10369.651061819619,7268.390570285654,-484.5847602336771,3
Beverly Hills,2023-07-31,6902.6149176435265,157.0,-0.8938044561617953,167909.19,0.3828,0,7,6783.805810051977,6771.818261229069,1.9314850364976932,3877.6530183147615,10369.651061819619,7277.108914266401,-374.4939966228749,3
Beverly Hills,2023-08-31,6901.230153859917,167.0,0.2789943227899494,167909.19,0.3828,0,8,6902.6149176435265,6689.612671305207,3.163374218397319,3877.6530183147615,10369.651061819619,7294.102512844235,-392.87235898431845,3
Beverly Hills,2023-09-30,7026.903600335141,174.0,0.53217301284334,167909.19,0.3828,0,9,6901.230153859917,6687.94877615459,5.068143245789658,3877.6530183147615,10369.651061819619,7368.724562586364,-341.82096225122314,3
Beverly Hills,2023-10-31,7076.799485324742,177.0,0.859197760293462,167909.19,0.3828,0,10,7026.903600335141,6835.945345677373,3.523347941915156,3877.6530183147615,10369.651061819619,7430.966782645427,-354.16729732068507,3
Beverly Hills,2023-11-30,6987.181973922573,170.0,0.5695142378559392,167909.19,0.3828,0,11,7076.799485324742,6768.71673812275,3.2275724373186376,3877.6530183147615,10369.651061819619,7441.4356236252,-454.2536497026267,3
Beverly Hills,2023-12-31,6890.400888185774,160.0,0.420354684178803,167909.19,0.3828,0,12,6987.181973922573,6649.243997172474,3.626831728777735,3877.6530183147615,10369.651061819619,7496.197010726711,-605.7961225409363,3
Beverly Hills,2024-01-31,6853.813055833017,154.0,-1.123098551502988,167909.19,0.3828,0,1,6890.400888185774,6608.856166066006,3.7064944918119513,3877.6530183147615,10615.199227987112,7243.651222630279,-389.8381667972626,4
Beverly Hills,2024-02-29,6891.078401844294,142.0,0.2044859096427709,167909.19,0.3828,0,2,6853.813055833017,6832.875798941626,0.851802441831051,3877.6530183147615,10615.199227987112,7357.854383998588,-466.77598215429407,4
Beverly Hills,2024-03-31,7033.620224720109,144.0,0.1004400229577262,167909.19,0.3828,0,3,6891.078401844294,6877.871328408235,2.2644927314730667,3877.6530183147615,10615.199227987112,7386.953870001621,-353.33364528151196,4
Beverly Hills,2024-04-30,7097.568154062814,150.0,-0.0525586506760933,167909.19,0.3828,0,4,7033.620224720109,6783.20654427167,4.634410108838827,3877.6530183147615,10615.199227987112,7368.634147801504,-271.06599373868994,4
Beverly Hills,2024-05-31,7258.3126550223,159.0,0.1099531503967909,167909.19,0.3828,0,5,7097.568154062814,6747.903675923142,7.5639636191062065,3877.6530183147615,10615.199227987112,7407.4344120154665,-149.12175699316685,4
Beverly Hills,2024-06-30,7338.785359152478,168.0,-0.6287506168123125,167909.19,0.3828,0,6,7258.3126550223,6783.805810051977,8.180946870238447,3877.6530183147615,10615.199227987112,7475.130528913809,-136.3451697613309,4
Beverly Hills,2024-07-31,7451.771908960451,157.0,-0.2899340039725806,167909.19,0.3828,0,7,7338.785359152478,6902.6149176435265,7.95578194450981,3877.6530183147615,10615.199227987112,7501.675675207754,-49.90376624730288,4
Beverly Hills,2024-08-31,7314.726768535875,158.0,0.2811380468135116,167909.19,0.3828,0,8,7451.771908960451,6901.230153859917,5.991636352610064,3877.6530183147615,10615.199227987112,7525.224390549346,-210.4976220134713,4
Beverly Hills,2024-09-30,7337.097546770253,157.0,0.437345807567846,167909.19,0.3828,0,9,7314.726768535875,7026.903600335141,4.414376005105813,3877.6530183147615,10615.199227987112,7600.582212277388,-263.4846655071351,4
Beverly Hills,2024-10-31,7346.495634640109,154.0,1.4371161974639168,167909.19,0.3828,0,10,7337.097546770253,7076.799485324742,3.810990404272996,3877.6530183147615,10615.199227987112,7665.072378753201,-318.576744113092,4
Beverly Hills,2024-11-30,7461.745711156686,143.0,0.5173281338448854,167909.19,0.3828,0,11,7346.495634640109,6987.181973922573,6.7919189596789,3877.6530183147615,10615.199227987112,7653.758822312601,-192.01311115591488,4
Beverly Hills,2024-12-31,7248.158584884635,142.0,-0.5756746186937889,167909.19,0.3828,0,12,7461.745711156686,6890.400888185774,5.19211730209006,3877.6530183147615,10615.199227987112,7654.249040808963,-406.0904559243281,4
Beverly Hills,2025-01-31,7562.076781444176,151.0,-2.0957565649731724,167909.19,0.3828,0,1,7248.158584884635,6853.813055833017,10.333864081810384,3877.6530183147615,11192.61856673503,7465.194575837833,96.88220560634272,5
Beverly Hills,2025-02-28,8008.718881179309,158.0,0.6219365206910465,167909.19,0.3828,0,2,7562.076781444176,6891.078401844294,16.218658592476555,3877.6530183147615,11192.61856673503,7556.011479218964,452.7074019603451,5
Beverly Hills,2025-03-31,8431.527726027878,158.0,0.0734683447262574,167909.19,0.3828,0,3,8008.718881179309,7033.620224720109,19.87465141201019,3877.6530183147615,11192.61856673503,7603.3649954406965,828.1627305871816,5
Beverly Hills,2025-04-30,8342.566083680718,155.0,0.7261642567589099,167909.19,0.3828,0,4,8431.527726027878,7097.568154062814,17.541190201960077,3877.6530183147615,11192.61856673503,7603.44417682773,739.1219068529881,5
Beverly Hills,2025-05-31,8333.638141617552,180.0,0.1980574525058287,167909.19,0.3828,0,5,8342.566083680718,7258.3126550223,14.81508909444944,3877.6530183147615,11192.61856673503,7650.639007044325,682.9991345732269,5
Beverly Hills,2025-06-30,8340.072302972287,187.0,-0.814383756602044,167909.19,0.3828,0,6,8333.638141617552,7338.785359152478,13.643769299930074,3877.6530183147615,11192.61856673503,7730.999912689581,609.0723902827058,5
Beverly Hills,2025-07-31,8432.814578996957,186.0,-0.787589879310624,167909.19,0.3828,0,7,8340.072302972287,7451.771908960451,13.16522676783547,3877.6530183147615,11192.61856673503,7762.22753277472,670.5870462222365,5
Beverly Hills,2025-08-31,8356.848455885818,174.0,0.4499509874817287,167909.19,0.3828,0,8,8432.814578996957,7314.726768535875,14.24689835077102,3877.6530183147615,11192.61856673503,7761.0932064339695,595.7552494518486,5
Beverly Hills,2025-09-30,8367.152151306549,170.0,0.0159976963317376,167909.19,0.3828,0,9,8356.848455885818,7337.097546770253,14.038992911982206,3877.6530183147615,11192.61856673503,7810.008218498796,557.1439328077531,5
Beverly Hills,2025-10-31,8217.117565430519,166.0,1.0332858810921497,167909.19,0.3828,0,10,8367.152151306549,7346.495634640109,11.85084663611946,3877.6530183147615,11192.61856673503,7878.113661355651,339.00390407486793,5
Beverly Hills,2025-11-30,8205.897641189953,142.0,0.3467109950130442,167909.19,0.3828,0,11,8217.117565430519,7461.745711156686,9.972893192013,3877.6530183147615,11192.61856673503,7873.609130862193,332.2885103277604,5
Beverly Hills,2025-12-31,8133.311248123243,127.0,-0.0110437965417098,167909.19,0.3828,0,12,8205.897641189953,7248.158584884635,12.212103982996611,3877.6530183147615,11192.61856673503,7838.743996066691,294.5672520565522,5
Boyle Heights,2022-01-31,1960.3910125643497,127.0,-2.264157050607707,51728.34,0.7708,0,1,1935.2780712448944,1868.581619538499,4.913319924902493,1301.0946092903241,2978.6495345929116,1960.435709379086,-0.044696814736198576,2
Boyle Heights,2022-02-28,1952.4089672528376,112.0,1.5731081304851902,51728.34,0.7708,0,2,1960.3910125643497,1878.037485878172,3.960063733226793,1301.0946092903241,2978.6495345929116,1971.130147143914,-18.721179891076417,2
Boyle Heights,2022-03-31,1973.801265098329,131.0,0.283664819041407,51728.34,0.7708,0,3,1952.4089672528376,1858.706584700463,6.192191997663454,1301.0946092903241,2978.6495345929116,1973.7244529909574,0.07681210737155197,2
Boyle Heights,2022-04-30,2004.743366328242,114.0,0.6047403843027821,51728.34,0.7708,0,4,1973.801265098329,1886.42752949099,6.271952406736592,1301.0946092903241,2978.6495345929116,1978.7483664012705,25.99499992697156,2
Boyle Heights,2022-05-31,2071.991036757228,118.0,0.252076398539236,51728.34,0.7708,0,5,2004.743366328242,1885.5844018170255,9.885881255730222,1301.0946092903241,2978.6495345929116,1989.1228445523268,82.8681922049011,2
Boyle Heights,2022-06-30,2102.8213423070288,144.0,-0.1128267947519412,51728.34,0.7708,0,6,2071.991036757228,1886.6172355477984,11.459881881999957,1301.0946092903241,2978.6495345929116,1992.9228974783334,109.89844482869535,2
Boyle Heights,2022-07-31,2132.430871896524,166.0,-0.4437487897760328,51728.34,0.7708,0,7,2102.8213423070288,1894.43285769704,12.56302186865601,1301.0946092903241,2978.6495345929116,1995.768414055126,136.662457841398,2
Boyle Heights,2022-08-31,2170.6302015873675,173.0,0.3338898163605996,51728.34,0.7708,0,8,2132.430871896524,1921.562774384973,12.961711713119172,1301.0946092903241,2978.6495345929116,2016.4313927247536,154.198808862614,2
Boyle Heights,2022-09-30,2206.9146318485405,166.0,0.4539359966398981,51728.34,0.7708,0,9,2170.6302015873675,1977.9682262805352,11.57482726598329,1301.0946092903241,2978.6495345929116,2045.836725773126,161.07790607541438,2
Boyle Heights,2022-10-31,2238.083541243868,176.0,0.8603499292422434,51728.34,0.7708,0,10,2206.9146318485405,1985.7663563952744,12.706287627242308,1301.0946092903241,2978.6495345929116,2056.565864305387,181.5176769384807,2
Boyle Heights,2022-11-30,2198.521641082875,190.0,0.534128414037216,51728.34,0.7708,0,11,2238.083541243868,1973.5069004853983,11.401771158850904,1301.0946092903241,2978.6495345929116,2045.8733243480278,152.64831673484696,2
Boyle Heights,2022-12-31,2201.679756278299,180.0,0.0301329019570584,51728.34,0.7708,0,12,2198.521641082875,1935.2780712448944,13.76555074909922,1301.0946092903241,2978.6495345929116,2041.5038850613203,160.17587121697875,2
Boyle Heights,2023-01-31,2141.6131183983784,164.0,-2.199039208536135,56305.41,0.7812,0,1,2201.679756278299,1960.3910125643497,9.244181628693337,1301.0946092903241,3357.1253118658015,2228.9480651692575,-87.33494677087901,3
Boyle Heights,2023-02-28,2138.1609937078206,173.0,0.5495574360470767,56305.41,0.7812,0,2,2141.6131183983784,1952.4089672528376,9.513991667245204,1301.0946092903241,3357.1253118658015,2249.772553269258,-111.61155956143739,3
Boyle Heights,2023-03-31,2123.824025615749,181.0,0.0225715437323525,56305.41,0.7812,0,3,2138.1609937078206,1973.801265098329,7.600702419751792,1301.0946092903241,3357.1253118658015,2265.6345818770383,-141.8105562612891,3
Boyle Heights,2023-04-30,2143.2450834820543,176.0,0.1144441399764772,56305.41,0.7812,0,4,2123.824025615749,2004.743366328242,6.908700608770846,1301.0946092903241,3357.1253118658015,2292.8263430783404,-149.58125959628615,3
Boyle Heights,2023-05-31,2181.411494689336,170.0,0.4685235871840332,56305.41,0.7812,0,5,2143.2450834820543,2071.991036757228,5.2809329765903135,1301.0946092903241,3357.1253118658015,2332.5456019900794,-151.13410730074338,3
Boyle Heights,2023-06-30,2139.537806472773,181.0,-0.3124949920674358,56305.41,0.7812,0,6,2181.411494689336,2102.8213423070288,1.7460572340140867,1301.0946092903241,3357.1253118658015,2359.9905697923255,-220.45276331955256,3
Boyle Heights,2023-07-31,2136.95335508915,189.0,-0.8938044561617953,56305.41,0.7812,0,7,2139.537806472773,2132.430871896524,0.2120811160740698,1301.0946092903241,3357.1253118658015,2379.506327223556,-242.552972134406,3
Boyle Heights,2023-08-31,2172.5266179048995,207.0,0.2789943227899494,56305.41,0.7812,0,8,2136.95335508915,2170.6302015873675,0.0873670842755691,1301.0946092903241,3357.1253118658015,2414.9843937200094,-242.45777581510993,3
Boyle Heights,2023-09-30,2213.1610786517003,195.0,0.53217301284334,56305.41,0.7812,0,9,2172.5266179048995,2206.9146318485405,0.2830398019486591,1301.0946092903241,3357.1253118658015,2457.3213227892597,-244.1602441375594,3
Boyle Heights,2023-10-31,2216.94641089298,191.0,0.859197760293462,56305.41,0.7812,0,10,2213.1610786517003,2238.083541243868,-0.9444299089541696,1301.0946092903241,3357.1253118658015,2475.202323776247,-258.2559128832668,3
Boyle Heights,2023-11-30,2273.0857350472,189.0,0.5695142378559392,56305.41,0.7812,0,11,2216.94641089298,2198.521641082875,3.3915560607171935,1301.0946092903241,3357.1253118658015,2468.056214215923,-194.9704791687227,3
Boyle Heights,2023-12-31,2319.904648116541,169.0,0.420354684178803,56305.41,0.7812,0,12,2273.0857350472,2201.679756278299,5.3697587717338235,1301.0946092903241,3357.1253118658015,2471.5590506616027,-151.65440254506166,3
Boyle Heights,2024-01-31,2352.9453186923447,154.0,-1.123098551502988,56305.41,0.7812,0,1,2319.904648116541,2141.6131183983784,9.867898103463824,1301.0946092903241,3479.8569721748117,2261.3523252539617,91.59299343838302,4
Boyle Heights,2024-02-29,2290.658917838565,133.0,0.2044859096427709,56305.41,0.7812,0,2,2352.9453186923447,2138.1609937078206,7.132200268338784,1301.0946092903241,3479.8569721748117,2254.8735498300102,35.78536800855454,4
Boyle Heights,2024-03-31,2241.003201613046,141.0,0.1004400229577262,56305.41,0.7812,0,3,2290.658917838565,2123.824025615749,5.517367474140111,1301.0946092903241,3479.8569721748117,2258.3931047308824,-17.38990311783664,4
Boyle Heights,2024-04-30,2250.1397490745267,155.0,-0.0525586506760933,56305.41,0.7812,0,4,2241.003201613046,2143.2450834820543,4.987514793166081,1301.0946092903241,3479.8569721748117,2280.9756100882555,-30.835861013728845,4
Boyle Heights,2024-05-31,2284.86385688094,156.0,0.1099531503967909,56305.41,0.7812,0,5,2250.1397490745267,2181.411494689336,4.742450585020741,1301.0946092903241,3479.8569721748117,2303.0156145365013,-18.15175765556114,4
Boyle Heights,2024-06-30,2335.921582836153,166.0,-0.6287506168123125,56305.41,0.7812,0,6,2284.86385688094,2139.537806472773,9.178794399858582,1301.0946092903241,3479.8569721748117,2307.5473449477095,28.37423788844353,4
Boyle Heights,2024-07-31,2292.027363389391,199.0,-0.2899340039725806,56305.41,0.7812,0,7,2335.921582836153,2136.95335508915,7.256780216139602,1301.0946092903241,3479.8569721748117,2314.263171990281,-22.235808600889868,4
Boyle Heights,2024-08-31,2279.732460433327,204.0,0.2811380468135116,56305.41,0.7812,0,8,2292.027363389391,2172.5266179048995,4.934615835998946,1301.0946092903241,3479.8569721748117,2343.0691770385843,-63.33671660525715,4
Boyle Heights,2024-09-30,2265.9242237048297,203.0,0.437345807567846,56305.41,0.7812,0,9,2279.732460433327,2213.1610786517003,2.3840625773734248,1301.0946092903241,3479.8569721748117,2375.6472033339437,-109.72297962911398,4
Boyle Heights,2024-10-31,2240.7826044699837,204.0,1.4371161974639168,56305.41,0.7812,0,10,2265.9242237048297,2216.94641089298,1.0751813151587353,1301.0946092903241,3479.8569721748117,2389.8725997379915,-149.0899952680079,4
Boyle Heights,2024-11-30,2268.9415365073587,212.0,0.5173281338448854,56305.41,0.7812,0,11,2240.7826044699837,2273.0857350472,-0.1823159802529561,1301.0946092903241,3479.8569721748117,2390.546970586299,-121.6054340789401,4
Boyle Heights,2024-12-31,2296.0972780474845,213.0,-0.5756746186937889,56305.41,0.7812,0,12,2268.9415365073587,2319.904648116541,-1.0262219220253277,1301.0946092903241,3479.8569721748117,2392.936334369923,-96.83905632243841,4
Boyle Heights,2025-01-31,2256.6537703517706,188.0,-2.0957565649731724,56305.41,0.7812,0,1,2296.0972780474845,2352.9453186923447,-4.0923836000612335,1301.0946092903241,3529.417978038517,2377.454559471632,-120.80078911986129,5
Boyle Heights,2025-02-28,2219.9727458349817,187.0,0.6219365206910465,56305.41,0.7812,0,2,2256.6537703517706,2290.658917838565,-3.085844490120848,1301.0946092903241,3529.417978038517,2370.1891619313064,-150.2164160963248,5
Boyle Heights,2025-03-31,2289.2533351109328,187.0,0.0734683447262574,56305.41,0.7812,0,3,2219.9727458349817,2241.003201613046,2.153059552220049,1301.0946092903241,3529.417978038517,2359.566895193955,-70.31356008302237,5
Boyle Heights,2025-04-30,2328.364566491605,190.0,0.7261642567589099,56305.41,0.7812,0,4,2289.2533351109328,2250.1397490745267,3.476442627585752,1301.0946092903241,3529.417978038517,2376.7013661577425,-48.33679966613772,5
Boyle Heights,2025-05-31,2286.5639544998494,183.0,0.1980574525058287,56305.41,0.7812,0,5,2328.364566491605,2284.86385688094,0.0744069548734627,1301.0946092903241,3529.417978038517,2406.8006091837788,-120.23665468392937,5
Boyle Heights,2025-06-30,2255.24360028516,179.0,-0.814383756602044,56305.41,0.7812,0,6,2286.5639544998494,2335.921582836153,-3.4537967003600345,1301.0946092903241,3529.417978038517,2416.059150519824,-160.815550234664,5
Boyle Heights,2025-07-31,2219.761301423922,169.0,-0.787589879310624,56305.41,0.7812,0,7,2255.24360028516,2292.027363389391,-3.152931902985845,1301.0946092903241,3529.417978038517,2415.717654453381,-195.95635302945902,5
Boyle Heights,2025-08-31,2302.5242908749524,171.0,0.4499509874817287,56305.41,0.7812,0,8,2219.761301423922,2279.732460433327,0.9997589996719736,1301.0946092903241,3529.417978038517,2434.1732712546277,-131.64898037967532,5
Boyle Heights,2025-09-30,2316.55301210939,173.0,0.0159976963317376,56305.41,0.7812,0,9,2302.5242908749524,2265.9242237048297,2.2343548771362354,1301.0946092903241,3529.417978038517,2458.9871746681615,-142.43416255877173,5
Boyle Heights,2025-10-31,2327.909794212803,160.0,1.0332858810921497,56305.41,0.7812,0,10,2316.55301210939,2240.7826044699837,3.888248220466139,1301.0946092903241,3529.417978038517,2466.154606744604,-138.24481253180102,5
Boyle Heights,2025-11-30,2366.2267879205283,149.0,0.3467109950130442,56305.41,0.7812,0,11,2327.909794212803,2268.9415365073587,4.2876931753351055,1301.0946092903241,3529.417978038517,2467.274830923945,-101.04804300341675,5
Boyle Heights,2025-12-31,2360.0496496870337,143.0,-0.0110437965417098,56305.41,0.7812,0,12,2366.2267879205283,2296.0972780474845,2.7852640326254896,1301.0946092903241,3529.417978038517,2484.6520243397185,-124.60237465268483,5
Brentwood,2022-01-31,3417.4594609709707,432.0,-2.264157050607707,161605.0,0.4556,0,1,3412.931729763789,3033.0653149220816,12.673454282627738,2117.7379640237673,5119.397594645683,3240.086801941014,177.3726590299566,2
Brentwood,2022-02-28,3426.715850623776,402.0,1.5731081304851902,161605.0,0.4556,0,2,3417.4594609709707,3058.203094763271,12.049976552948015,2117.7379640237673,5119.397594645683,3241.2677661528664,185.44808447090963,2
Brentwood,2022-03-31,3425.253612272422,446.0,0.283664819041407,161605.0,0.4556,0,3,3426.715850623776,3070.4967671943937,11.553728011320462,2117.7379640237673,5119.397594645683,3246.7069252210486,178.54668705137328,2
Brentwood,2022-04-30,3463.9723684750907,446.0,0.6047403843027821,161605.0,0.4556,0,4,3425.253612272422,3060.2226149402854,13.193476564863694,2117.7379640237673,5119.397594645683,3237.9705121140837,226.00185636100696,2
Brentwood,2022-05-31,3494.8033075793333,470.0,0.252076398539236,161605.0,0.4556,0,5,3463.9723684750907,3069.53900859585,13.854337664143856,2117.7379640237673,5119.397594645683,3228.283349700223,266.5199578791103,2
Brentwood,2022-06-30,3562.110630344009,499.0,-0.1128267947519412,161605.0,0.4556,0,6,3494.8033075793333,3130.266449081982,13.795764299511148,2117.7379640237673,5119.397594645683,3243.169174607835,318.94145573617425,2
Brentwood,2022-07-31,3609.153577940744,504.0,-0.4437487897760328,161605.0,0.4556,0,7,3562.110630344009,3179.316219642095,13.519805159457764,2117.7379640237673,5119.397594645683,3277.5252852395056,331.6282927012385,2
Brentwood,2022-08-31,3648.0739513314174,565.0,0.3338898163605996,161605.0,0.4556,0,8,3609.153577940744,3245.85397915691,12.391807356626106,2117.7379640237673,5119.397594645683,3306.4018174742064,341.67213385721107,2
Brentwood,2022-09-30,3657.1852144657864,520.0,0.4539359966398981,161605.0,0.4556,0,9,3648.0739513314174,3281.6182533617243,11.444565824173104,2117.7379640237673,5119.397594645683,3326.255783833465,330.9294306323213,2
Brentwood,2022-10-31,3638.14494956574,521.0,0.8603499292422434,161605.0,0.4556,0,10,3657.1852144657864,3345.930844317237,8.73341736111497,2117.7379640237673,5119.397594645683,3346.438360234426,291.7065893313138,2
Brentwood,2022-11-30,3619.342156558518,505.0,0.534128414037216,161605.0,0.4556,0,11,3638.14494956574,3383.938145252666,6.956510468020838,2117.7379640237673,5119.397594645683,3355.642094145715,263.70006241280316,2
Brentwood,2022-12-31,3631.56658478258,491.0,0.0301329019570584,161605.0,0.4556,0,12,3619.342156558518,3412.931729763789,6.406071739205954,2117.7379640237673,5119.397594645683,3344.1028048593025,287.46377992327734,2
Brentwood,2023-01-31,3663.315374776227,485.0,-2.199039208536135,169898.0,0.473,0,1,3631.56658478258,3417.4594609709707,7.194113539986335,2117.7379640237673,5485.77782169868,3654.1936026005237,9.121772175703427,3
Brentwood,2023-02-28,3669.1566014852183,424.0,0.5495574360470767,169898.0,0.473,0,2,3663.315374776227,3426.715850623776,7.07501763874907,2117.7379640237673,5485.77782169868,3686.4948598975852,-17.33825841236694,3
Brentwood,2023-03-31,3678.411271995236,441.0,0.0225715437323525,169898.0,0.473,0,3,3669.1566014852183,3425.253612272422,7.390917239405859,2117.7379640237673,5485.77782169868,3689.0088778963386,-10.597605901102725,3
Brentwood,2023-04-30,3631.0616873869417,414.0,0.1144441399764772,169898.0,0.473,0,4,3678.411271995236,3463.9723684750907,4.823633133811844,2117.7379640237673,5485.77782169868,3685.4858048953934,-54.42411750845167,3
Brentwood,2023-05-31,3666.67052950579,421.0,0.4685235871840332,169898.0,0.473,0,5,3631.0616873869417,3494.8033075793333,4.917793844183471,2117.7379640237673,5485.77782169868,3703.7723782258863,-37.101848720096314,3
Brentwood,2023-06-30,3704.3195208026577,438.0,-0.3124949920674358,169898.0,0.473,0,6,3666.67052950579,3562.110630344009,3.9922648456573784,2117.7379640237673,5485.77782169868,3736.3411635696866,-32.02164276702888,3
Brentwood,2023-07-31,3750.666562056793,443.0,-0.8938044561617953,169898.0,0.473,0,7,3704.3195208026577,3609.153577940744,3.920946589277352,2117.7379640237673,5485.77782169868,3771.7045082451705,-21.037946188377646,3
Brentwood,2023-08-31,3766.4004652794497,492.0,0.2789943227899494,169898.0,0.473,0,8,3750.666562056793,3648.0739513314174,3.2435338627071264,2117.7379640237673,5485.77782169868,3807.320193760359,-40.91972848090927,3
Brentwood,2023-09-30,3754.196103937899,490.0,0.53217301284334,169898.0,0.473,0,9,3766.4004652794497,3657.1852144657864,2.6526107862514525,2117.7379640237673,5485.77782169868,3832.4582843428966,-78.26218040499771,3
Brentwood,2023-10-31,3771.66099129456,516.0,0.859197760293462,169898.0,0.473,0,10,3754.196103937899,3638.14494956574,3.669893409407931,2117.7379640237673,5485.77782169868,3834.297242854541,-62.63625155998079,3
Brentwood,2023-11-30,3725.922227663339,510.0,0.5695142378559392,169898.0,0.473,0,11,3771.66099129456,3619.342156558518,2.944735990536018,2117.7379640237673,5485.77782169868,3828.8116120562604,-102.88938439292133,3
Brentwood,2023-12-31,3753.154322557541,484.0,0.420354684178803,169898.0,0.473,0,12,3725.922227663339,3631.56658478258,3.3480795391292784,2117.7379640237673,5485.77782169868,3852.163815096313,-99.00949253877207,3
Brentwood,2024-01-31,3763.096237571722,490.0,-1.123098551502988,169898.0,0.473,0,1,3753.154322557541,3663.315374776227,2.7237857674645483,2117.7379640237673,5657.49148694184,3865.9736738215634,-102.87743624984114,4
Brentwood,2024-02-29,3802.016837592126,445.0,0.2044859096427709,169898.0,0.473,0,2,3763.096237571722,3669.1566014852183,3.621002059523115,2117.7379640237673,5657.49148694184,3902.176197941903,-100.15936034977676,4
Brentwood,2024-03-31,3777.414573834712,443.0,0.1004400229577262,169898.0,0.473,0,3,3802.016837592126,3678.411271995236,2.6914690750655224,2117.7379640237673,5657.49148694184,3898.403806720441,-120.98923288572905,4
Brentwood,2024-04-30,3796.015758311913,439.0,-0.0525586506760933,169898.0,0.473,0,4,3777.414573834712,3631.0616873869417,4.54286060459852,2117.7379640237673,5657.49148694184,3889.031135559273,-93.01537724736,4
Brentwood,2024-05-31,3826.5048799675337,450.0,0.1099531503967909,169898.0,0.473,0,5,3796.015758311913,3666.67052950579,4.3591140566231035,2117.7379640237673,5657.49148694184,3909.6686366597146,-83.16375669218087,4
Brentwood,2024-06-30,3798.287684922525,460.0,-0.6287506168123125,169898.0,0.473,0,6,3826.5048799675337,3704.3195208026577,2.536718649462122,2117.7379640237673,5657.49148694184,3947.4170897302706,-149.1294048077457,4
Brentwood,2024-07-31,3804.846164930029,481.0,-0.2899340039725806,169898.0,0.473,0,7,3798.287684922525,3750.666562056793,1.4445326444461282,2117.7379640237673,5657.49148694184,3982.4800194203676,-177.63385449033876,4
Brentwood,2024-08-31,3822.103258745948,519.0,0.2811380468135116,169898.0,0.473,0,8,3804.846164930029,3766.4004652794497,1.478939745786323,2117.7379640237673,5657.49148694184,4013.1356535542564,-191.03239480830825,4
Brentwood,2024-09-30,3859.965703085895,533.0,0.437345807567846,169898.0,0.473,0,9,3822.103258745948,3754.196103937899,2.817370116522433,2117.7379640237673,5657.49148694184,4033.7010052708183,-173.7353021849235,4
Brentwood,2024-10-31,3855.492811107409,534.0,1.4371161974639168,169898.0,0.473,0,10,3859.965703085895,3771.66099129456,2.2226764284049683,2117.7379640237673,5657.49148694184,4031.0512450335173,-175.55843392610814,4
Brentwood,2024-11-30,3803.711627608961,513.0,0.5173281338448854,169898.0,0.473,0,11,3855.492811107409,3725.922227663339,2.0877891483635835,2117.7379640237673,5657.49148694184,4022.075977109294,-218.364349500333,4
Brentwood,2024-12-31,3799.869810242689,505.0,-0.5756746186937889,169898.0,0.473,0,12,3803.711627608961,3753.154322557541,1.2446993560689457,2117.7379640237673,5657.49148694184,4047.508545016651,-247.63873477396237,4
Brentwood,2025-01-31,3874.6517558727505,476.0,-2.0957565649731724,169898.0,0.473,0,1,3799.869810242689,3763.096237571722,2.964460945410563,2117.7379640237673,5789.948554628842,3988.327912327401,-113.67615645465048,5
Brentwood,2025-02-28,4026.015732552558,454.0,0.6219365206910465,169898.0,0.473,0,2,3874.6517558727505,3802.016837592126,5.891580824831211,2117.7379640237673,5789.948554628842,4021.200346194882,4.815386357675834,5
Brentwood,2025-03-31,4109.859803840807,450.0,0.0734683447262574,169898.0,0.473,0,3,4026.015732552558,3777.414573834712,8.80086692916544,2117.7379640237673,5789.948554628842,4017.09919244726,92.76061139354715,5
Brentwood,2025-04-30,4100.8081680578025,429.0,0.7261642567589099,169898.0,0.473,0,4,4109.859803840807,3796.015758311913,8.029271455960195,2117.7379640237673,5789.948554628842,4010.725705263554,90.08246279424839,5
Brentwood,2025-05-31,4085.6348356522017,435.0,0.1980574525058287,169898.0,0.473,0,5,4100.8081680578025,3826.5048799675337,6.771975048072232,2117.7379640237673,5789.948554628842,4031.5000404021052,54.13479525009643,5
Brentwood,2025-06-30,4106.81759340574,440.0,-0.814383756602044,169898.0,0.473,0,6,4085.6348356522017,3798.287684922525,8.122868357442714,2117.7379640237673,5789.948554628842,4060.639884147884,46.177709257855895,5
Brentwood,2025-07-31,4098.353713674172,477.0,-0.787589879310624,169898.0,0.473,0,7,4106.81759340574,3804.846164930029,7.7140450893772305,2117.7379640237673,5789.948554628842,4085.288731222292,13.064982451879587,5
Brentwood,2025-08-31,4101.10981369469,494.0,0.4499509874817287,169898.0,0.473,0,8,4098.353713674172,3822.103258745948,7.299817301123501,2117.7379640237673,5789.948554628842,4115.056616700704,-13.946803006013397,5
Brentwood,2025-09-30,4094.342538208077,502.0,0.0159976963317376,169898.0,0.473,0,9,4101.10981369469,3859.965703085895,6.071992684670913,2117.7379640237673,5789.948554628842,4140.034214022151,-45.69167581407419,5
Brentwood,2025-10-31,4100.697552697363,521.0,1.0332858810921497,169898.0,0.473,0,10,4094.342538208077,3855.492811107409,6.359880658667971,2117.7379640237673,5789.948554628842,4135.560707791453,-34.86315509408996,5
Brentwood,2025-11-30,4067.5606830631264,502.0,0.3467109950130442,169898.0,0.473,0,11,4100.697552697363,3803.711627608961,6.936620892578627,2117.7379640237673,5789.948554628842,4118.396701029734,-50.836017966607415,5
Brentwood,2025-12-31,4043.861923728128,492.0,-0.0110437965417098,169898.0,0.473,0,12,4067.5606830631264,3799.869810242689,6.421065080381161,2117.7379640237673,5789.948554628842,4137.607370328229,-93.74544660010088,5
Culver City,2022-01-31,2941.767476528538,78.0,-2.264157050607707,109698.72,0.4719,0,1,2911.5651159178906,2655.0121217926567,10.80052902139914,1844.8122543252937,4371.321242402961,2800.666307036078,141.10116949246003,2
Culver City,2022-02-28,2963.412818619845,76.0,1.5731081304851902,109698.72,0.4719,0,2,2941.767476528538,2674.87209973282,10.787084695221338,1844.8122543252937,4371.321242402961,2813.5083020856296,149.90451653421542,2
Culver City,2022-03-31,3005.3143087283643,83.0,0.283664819041407,109698.72,0.4719,0,3,2963.412818619845,2674.0487136393867,12.388166056934846,1844.8122543252937,4371.321242402961,2827.662737436413,177.6515712919513,2
Culver City,2022-04-30,3046.813531912784,79.0,0.6047403843027821,109698.72,0.4719,0,4,3005.3143087283643,2673.3735907090586,13.968864752070733,1844.8122543252937,4371.321242402961,2822.316117558187,224.4974143545969,2
Culver City,2022-05-31,3089.5960525519204,75.0,0.252076398539236,109698.72,0.4719,0,5,3046.813531912784,2686.531376763969,15.003162787306,1844.8122543252937,4371.321242402961,2813.6495883660273,275.9464641858931,2
Culver City,2022-06-30,3138.4167173387523,68.0,-0.1128267947519412,109698.72,0.4719,0,6,3089.5960525519204,2743.7162922800917,14.385613635389948,1844.8122543252937,4371.321242402961,2823.852970076026,314.56374726272634,2
Culver City,2022-07-31,3126.1533182606317,71.0,-0.4437487897760328,109698.72,0.4719,0,7,3138.4167173387523,2781.838292907273,12.377248031679011,1844.8122543252937,4371.321242402961,2847.6332082838967,278.52010997673506,2
Culver City,2022-08-31,3138.6954085138177,75.0,0.3338898163605996,109698.72,0.4719,0,8,3126.1533182606317,2829.927316198087,10.910813523315175,1844.8122543252937,4371.321242402961,2869.767808351839,268.9276001619787,2
Culver City,2022-09-30,3125.932460314614,66.0,0.4539359966398981,109698.72,0.4719,0,9,3138.6954085138177,2862.611214200787,9.198638110811142,1844.8122543252937,4371.321242402961,2889.7074071941315,236.2250531204827,2
Culver City,2022-10-31,3111.6865680999385,70.0,0.8603499292422434,109698.72,0.4719,0,10,3125.932460314614,2911.3602699475855,6.88084879841957,1844.8122543252937,4371.321242402961,2905.8863422818686,205.80022581806998,2
Culver City,2022-11-30,3081.216757882349,70.0,0.534128414037216,109698.72,0.4719,0,11,3111.6865680999385,2914.2141616019735,5.73062194538827,1844.8122543252937,4371.321242402961,2902.325242709568,178.89151517278106,2
Culver City,2022-12-31,3051.4845699038024,74.0,0.0301329019570584,109698.72,0.4719,0,12,3081.216757882349,2911.5651159178906,4.805643989239838,1844.8122543252937,4371.321242402961,2881.150045097309,170.3345248064934,2
Culver City,2023-01-31,3075.479006597723,72.0,-2.199039208536135,113310.09,0.4803,0,1,3051.4845699038024,2941.767476528538,4.545278684873244,1844.8122543252937,4708.043112770727,3127.978096767825,-52.49909017010168,3
Culver City,2023-02-28,3104.7114194070327,70.0,0.5495574360470767,113310.09,0.4803,0,2,3075.479006597723,2963.412818619845,4.76810385307691,1844.8122543252937,4708.043112770727,3175.5921534051135,-70.88073399808081,3
Culver City,2023-03-31,3156.342028391979,78.0,0.0225715437323525,113310.09,0.4803,0,3,3104.7114194070327,3005.3143087283643,5.025355225740724,1844.8122543252937,4708.043112770727,3193.171720564482,-36.829692172502746,3
Culver City,2023-04-30,3165.44024270078,77.0,0.1144441399764772,113310.09,0.4803,0,4,3156.342028391979,3046.813531912784,3.893468029647429,1844.8122543252937,4708.043112770727,3196.807560321191,-31.367317620411086,3
Culver City,2023-05-31,3172.861676064267,93.0,0.4685235871840332,113310.09,0.4803,0,5,3165.44024270078,3089.5960525519204,2.69503268699387,1844.8122543252937,4708.043112770727,3216.362844200755,-43.50116813648765,3
Culver City,2023-06-30,3167.545603934899,90.0,-0.3124949920674358,113310.09,0.4803,0,6,3172.861676064267,3138.4167173387523,0.9281395435863926,1844.8122543252937,4708.043112770727,3238.7098827457958,-71.16427881089658,3
Culver City,2023-07-31,3167.477552295618,96.0,-0.8938044561617953,113310.09,0.4803,0,7,3167.545603934899,3126.1533182606317,1.3218876308337402,1844.8122543252937,4708.043112770727,3250.729561330105,-83.25200903448695,3
Culver City,2023-08-31,3202.6282335609803,97.0,0.2789943227899494,113310.09,0.4803,0,8,3167.477552295618,3138.6954085138177,2.0369235215925263,1844.8122543252937,4708.043112770727,3266.9570454400296,-64.32881187904923,3
Culver City,2023-09-30,3222.6924515857436,91.0,0.53217301284334,113310.09,0.4803,0,9,3202.6282335609803,3125.932460314614,3.0953960937911917,1844.8122543252937,4708.043112770727,3288.4090191782634,-65.71656759251982,3
Culver City,2023-10-31,3220.2741647495513,92.0,0.859197760293462,113310.09,0.4803,0,10,3222.6924515857436,3111.6865680999385,3.489670128181288,1844.8122543252937,4708.043112770727,3288.0915191130835,-67.8173543635321,3
Culver City,2023-11-30,3165.2739752620337,79.0,0.5695142378559392,113310.09,0.4803,0,11,3220.2741647495513,3081.216757882349,2.7280527137420574,1844.8122543252937,4708.043112770727,3267.5662868229656,-102.29231156093192,3
Culver City,2023-12-31,3108.629674164341,85.0,0.420354684178803,113310.09,0.4803,0,12,3165.2739752620337,3051.4845699038024,1.8726984505885944,1844.8122543252937,4708.043112770727,3273.9295537461685,-165.29987958182755,3
Culver City,2024-01-31,3094.158739259275,77.0,-1.123098551502988,113310.09,0.4803,0,1,3108.629674164341,3075.479006597723,0.6073763671115673,1844.8122543252937,4834.038677378616,3253.044068692783,-158.8853294335081,4
Culver City,2024-02-29,3152.8963606458897,75.0,0.2044859096427709,113310.09,0.4803,0,2,3094.158739259275,3104.7114194070327,1.5519942026708478,1844.8122543252937,4834.038677378616,3305.2433497632865,-152.3469891173968,4
Culver City,2024-03-31,3225.451527491306,89.0,0.1004400229577262,113310.09,0.4803,0,3,3152.8963606458897,3156.342028391979,2.189544050602632,1844.8122543252937,4834.038677378616,3326.943464626317,-101.49193713501109,4
Culver City,2024-04-30,3246.128008784071,83.0,-0.0525586506760933,113310.09,0.4803,0,4,3225.451527491306,3165.44024270078,2.5490219336583575,1844.8122543252937,4834.038677378616,3332.7526481673326,-86.62463938326164,4
Culver City,2024-05-31,3246.88216187527,89.0,0.1099531503967909,113310.09,0.4803,0,5,3246.128008784071,3172.861676064267,2.3329250805166124,1844.8122543252937,4834.038677378616,3349.5088399142664,-102.62667803899649,4
Culver City,2024-06-30,3255.9987802448395,91.0,-0.6287506168123125,113310.09,0.4803,0,6,3246.88216187527,3167.545603934899,2.7924831200554445,1844.8122543252937,4834.038677378616,3365.641508144303,-109.64272789946335,4
Culver City,2024-07-31,3281.270538403065,96.0,-0.2899340039725806,113310.09,0.4803,0,7,3255.9987802448395,3167.477552295618,3.5925427798209952,1844.8122543252937,4834.038677378616,3374.4576443399246,-93.18710593685955,4
Culver City,2024-08-31,3262.585128053902,99.0,0.2811380468135116,113310.09,0.4803,0,8,3281.270538403065,3202.6282335609803,1.872115341537972,1844.8122543252937,4834.038677378616,3394.039545056263,-131.45441700236097,4
Culver City,2024-09-30,3251.0028923357895,93.0,0.437345807567846,113310.09,0.4803,0,9,3262.585128053902,3222.6924515857436,0.8784716871172549,1844.8122543252937,4834.038677378616,3418.7688980029466,-167.76600566715706,4
Culver City,2024-10-31,3246.680886275749,106.0,1.4371161974639168,113310.09,0.4803,0,10,3251.0028923357895,3220.2741647495513,0.8200146998431412,1844.8122543252937,4834.038677378616,3414.1601831335697,-167.47929685782083,4
Culver City,2024-11-30,3260.3786573882217,99.0,0.5173281338448854,113310.09,0.4803,0,11,3246.680886275749,3165.2739752620337,3.0046271782307565,1844.8122543252937,4834.038677378616,3383.7346186882514,-123.35596130002978,4
Culver City,2024-12-31,3256.9040911623333,95.0,-0.5756746186937889,113310.09,0.4803,0,12,3260.3786573882217,3108.629674164341,4.769767792873281,1844.8122543252937,4834.038677378616,3382.0085320512144,-125.10444088888107,4
Culver City,2025-01-31,3306.023753697006,96.0,-2.0957565649731724,113310.09,0.4803,0,1,3256.9040911623333,3094.158739259275,6.847257438655219,1844.8122543252937,4921.905807604598,3315.0690470646073,-9.045293367601062,5
Culver City,2025-02-28,3361.3676755030847,89.0,0.6219365206910465,113310.09,0.4803,0,2,3306.023753697006,3152.8963606458897,6.612057327963949,1844.8122543252937,4921.905807604598,3358.457260171079,2.9104153320058685,5
Culver City,2025-03-31,3373.95844649825,88.0,0.0734683447262574,113310.09,0.4803,0,3,3361.3676755030847,3225.451527491306,4.604221075442716,1844.8122543252937,4921.905807604598,3390.9897315741778,-17.031285075927826,5
Culver City,2025-04-30,3345.865397537642,79.0,0.7261642567589099,113310.09,0.4803,0,4,3373.95844649825,3246.128008784071,3.0725032556843113,1844.8122543252937,4921.905807604598,3401.8841179409596,-56.01872040331773,5
Culver City,2025-05-31,3362.307168182586,79.0,0.1980574525058287,113310.09,0.4803,0,5,3345.865397537642,3246.88216187527,3.554949041964961,1844.8122543252937,4921.905807604598,3411.7624895138865,-49.45532133130064,5
Culver City,2025-06-30,3364.344542867948,79.0,-0.814383756602044,113310.09,0.4803,0,6,3362.307168182586,3255.9987802448395,3.327573808702744,1844.8122543252937,4921.905807604598,3425.924618895784,-61.580076027836185,5
Culver City,2025-07-31,3410.6557962363177,80.0,-0.787589879310624,113310.09,0.4803,0,7,3364.344542867948,3281.270538403065,3.943145081119148,1844.8122543252937,4921.905807604598,3438.086139366868,-27.430343130550227,5
Culver City,2025-08-31,3355.759371272833,96.0,0.4499509874817287,113310.09,0.4803,0,8,3410.6557962363177,3262.585128053902,2.855840983818525,1844.8122543252937,4921.905807604598,3450.2277351385455,-94.46836386571249,5
Culver City,2025-09-30,3370.1265861568486,98.0,0.0159976963317376,113310.09,0.4803,0,9,3355.759371272833,3251.0028923357895,3.66421371392478,1844.8122543252937,4921.905807604598,3463.0756778024684,-92.94909164561977,5
Culver City,2025-10-31,3340.5800293506427,93.0,1.0332858810921497,113310.09,0.4803,0,10,3370.1265861568486,3246.680886275749,2.892158064311801,1844.8122543252937,4921.905807604598,3461.394126440791,-120.81409709014815,5
Culver City,2025-11-30,3363.911484139534,96.0,0.3467109950130442,113310.09,0.4803,0,11,3340.5800293506427,3260.3786573882217,3.175484740605228,1844.8122543252937,4921.905807604598,3440.4834819068974,-76.57199776736343,5
Culver City,2025-12-31,3328.8799649765747,98.0,-0.0110437965417098,113310.09,0.4803,0,12,3363.911484139534,3256.9040911623333,2.2099476005311036,1844.8122543252937,4921.905807604598,3429.39181011865,-100.51184514207534,5
Downtown LA,2022-01-31,2660.264283376211,92.0,-2.264157050607707,50131.25,0.9432,0,1,2626.42786272274,2299.0512675796103,15.71139456045614,1606.165944552253,3939.64179408411,2492.1183550719275,168.14592830428364,2
Downtown LA,2022-02-28,2672.1737632577656,81.0,1.5731081304851902,50131.25,0.9432,0,2,2660.264283376211,2294.52277793179,16.458803066072768,1606.165944552253,3939.64179408411,2488.555047578492,183.61871567927346,2
Downtown LA,2022-03-31,2663.378885559106,81.0,0.283664819041407,50131.25,0.9432,0,3,2672.1737632577656,2298.4162825808394,15.87887301983688,1606.165944552253,3939.64179408411,2490.417815185987,172.96107037311913,2
Downtown LA,2022-04-30,2669.7815653435205,87.0,0.6047403843027821,50131.25,0.9432,0,4,2663.378885559106,2308.122679960351,15.66896285553514,1606.165944552253,3939.64179408411,2490.994761506765,178.78680383675555,2
Downtown LA,2022-05-31,2671.225959489719,87.0,0.252076398539236,50131.25,0.9432,0,5,2669.7815653435205,2339.5858920236456,14.175161023014148,1606.165944552253,3939.64179408411,2485.119654517507,186.106304972212,2
Downtown LA,2022-06-30,2653.84462230737,80.0,-0.1128267947519412,50131.25,0.9432,0,6,2671.225959489719,2404.5864920592867,10.365945707139822,1606.165944552253,3939.64179408411,2489.019723282682,164.82489902468797,2
Downtown LA,2022-07-31,2669.733512817101,85.0,-0.4437487897760328,50131.25,0.9432,0,7,2653.84462230737,2481.937462734271,7.566510151949646,1606.165944552253,3939.64179408411,2514.4551586533553,155.27835416374592,2
Downtown LA,2022-08-31,2665.512059674887,94.0,0.3338898163605996,50131.25,0.9432,0,8,2669.733512817101,2559.8973084290865,4.125741720108778,1606.165944552253,3939.64179408411,2541.0979102868846,124.41414938800244,2
Downtown LA,2022-09-30,2673.4339629620085,101.0,0.4539359966398981,50131.25,0.9432,0,9,2665.512059674887,2593.0354989677057,3.1005539270985594,1606.165944552253,3939.64179408411,2545.8094042193693,127.62455874263924,2
Downtown LA,2022-10-31,2660.9609644945526,96.0,0.8603499292422434,50131.25,0.9432,0,10,2673.4339629620085,2600.3790786166505,2.329732859954037,1606.165944552253,3939.64179408411,2538.4865614185596,122.474403075993,2
Downtown LA,2022-11-30,2654.7381085659176,95.0,0.534128414037216,50131.25,0.9432,0,11,2660.9609644945526,2600.9716253219553,2.0671691578837192,1606.165944552253,3939.64179408411,2539.4990884158415,115.23902015007616,2
Downtown LA,2022-12-31,2623.6692392415607,95.0,0.0301329019570584,50131.25,0.9432,0,12,2654.7381085659176,2626.42786272274,-0.1050332857160385,1606.165944552253,3939.64179408411,2545.930341809569,77.73889743199152,2
Downtown LA,2023-01-31,2617.81078940254,92.0,-2.199039208536135,57165.85,0.9323,0,1,2623.6692392415607,2660.264283376211,-1.5958374601711345,1606.165944552253,4010.150944443013,2724.611355213593,-106.80056581105282,3
Downtown LA,2023-02-28,2617.8420704121063,83.0,0.5495574360470767,57165.85,0.9323,0,2,2617.81078940254,2672.1737632577656,-2.0332395143129123,1606.165944552253,4010.150944443013,2755.051895712525,-137.20982530041874,3
Downtown LA,2023-03-31,2633.693713763048,73.0,0.0225715437323525,57165.85,0.9323,0,3,2617.8420704121063,2663.378885559106,-1.114568113346981,1606.165944552253,4010.150944443013,2751.950468184826,-118.25675442177817,3
Downtown LA,2023-04-30,2640.362276428245,76.0,0.1144441399764772,57165.85,0.9323,0,4,2633.693713763048,2669.7815653435205,-1.101936176995444,1606.165944552253,4010.150944443013,2743.16084542624,-102.79856899799506,3
Downtown LA,2023-05-31,2651.494454840615,86.0,0.4685235871840332,57165.85,0.9323,0,5,2640.362276428245,2671.225959489719,-0.7386684970998592,1606.165944552253,4010.150944443013,2746.4796327480535,-94.98517790743836,3
Downtown LA,2023-06-30,2637.0967546634233,87.0,-0.3124949920674358,57165.85,0.9323,0,6,2651.494454840615,2653.84462230737,-0.6310794348384108,1606.165944552253,4010.150944443013,2752.0635255414313,-114.96677087800799,3
Downtown LA,2023-07-31,2624.2829657967036,94.0,-0.8938044561617953,57165.85,0.9323,0,7,2637.0967546634233,2669.733512817101,-1.7024375954451831,1606.165944552253,4010.150944443013,2761.4085510314535,-137.1255852347499,3
Downtown LA,2023-08-31,2602.0216876406225,97.0,0.2789943227899494,57165.85,0.9323,0,8,2624.2829657967036,2665.512059674887,-2.3819202694587815,1606.165944552253,4010.150944443013,2782.9092061309043,-180.88751849028176,3
Downtown LA,2023-09-30,2578.756649063352,94.0,0.53217301284334,57165.85,0.9323,0,9,2602.0216876406225,2673.4339629620085,-3.5414121018257583,1606.165944552253,4010.150944443013,2796.6120677792032,-217.8554187158511,3
Downtown LA,2023-10-31,2546.23822931615,94.0,0.859197760293462,57165.85,0.9323,0,10,2578.756649063352,2660.9609644945526,-4.311327250161079,1606.165944552253,4010.150944443013,2782.59470294382,-236.35647362766986,3
Downtown LA,2023-11-30,2512.088875125936,79.0,0.5695142378559392,57165.85,0.9323,0,11,2546.23822931615,2654.7381085659176,-5.373382518588265,1606.165944552253,4010.150944443013,2768.6846508441135,-256.5957757181777,3
Downtown LA,2023-12-31,2496.929056253853,75.0,0.420354684178803,57165.85,0.9323,0,12,2512.088875125936,2623.6692392415607,-4.830646374630099,1606.165944552253,4010.150944443013,2797.3756373964775,-300.4465811426244,3
Downtown LA,2024-01-31,2506.6798083220024,74.0,-1.123098551502988,57165.85,0.9323,0,1,2496.929056253853,2617.81078940254,-4.245187678590822,1606.165944552253,4010.150944443013,2641.3621184241765,-134.68231010217414,4
Downtown LA,2024-02-29,2529.762735246027,67.0,0.2044859096427709,57165.85,0.9323,0,2,2506.6798083220024,2617.8420704121063,-3.3645778773894297,1606.165944552253,4010.150944443013,2660.9189297101952,-131.15619446416804,4
Downtown LA,2024-03-31,2556.899686746101,65.0,0.1004400229577262,57165.85,0.9323,0,3,2529.762735246027,2633.693713763048,-2.9158298330455024,1606.165944552253,4010.150944443013,2662.706387197972,-105.80670045187117,4
Downtown LA,2024-04-30,2570.7123111956166,62.0,-0.0525586506760933,57165.85,0.9323,0,4,2556.899686746101,2640.362276428245,-2.637894271343988,1606.165944552253,4010.150944443013,2661.8317421699408,-91.11943097432413,4
Downtown LA,2024-05-31,2580.399780297458,62.0,0.1099531503967909,57165.85,0.9323,0,5,2570.7123111956166,2651.494454840615,-2.6813057976932675,1606.165944552253,4010.150944443013,2665.242769458025,-84.84298916056696,4
Downtown LA,2024-06-30,2592.7865570031904,60.0,-0.6287506168123125,57165.85,0.9323,0,6,2580.399780297458,2637.0967546634233,-1.6802643885505897,1606.165944552253,4010.150944443013,2667.602553150403,-74.81599614721245,4
Downtown LA,2024-07-31,2602.95281936464,55.0,-0.2899340039725806,57165.85,0.9323,0,7,2592.7865570031904,2624.2829657967036,-0.8127990277751129,1606.165944552253,4010.150944443013,2672.932430634276,-69.97961126963583,4
Downtown LA,2024-08-31,2597.5070611645115,57.0,0.2811380468135116,57165.85,0.9323,0,8,2602.95281936464,2602.0216876406225,-0.1735045675274382,1606.165944552253,4010.150944443013,2684.7741132037195,-87.26705203920801,4
Downtown LA,2024-09-30,2584.8193063475824,60.0,0.437345807567846,57165.85,0.9323,0,9,2597.5070611645115,2578.756649063352,0.2351000155998539,1606.165944552253,4010.150944443013,2687.093263470129,-102.27395712254656,4
Downtown LA,2024-10-31,2574.1432669806454,59.0,1.4371161974639168,57165.85,0.9323,0,10,2584.8193063475824,2546.23822931615,1.095931925897986,1606.165944552253,4010.150944443013,2668.5892282606787,-94.44596128003332,4
Downtown LA,2024-11-30,2570.6708456998895,55.0,0.5173281338448854,57165.85,0.9323,0,11,2574.1432669806454,2512.088875125936,2.332002309075021,1606.165944552253,4010.150944443013,2652.0102220871904,-81.33937638730094,4
Downtown LA,2024-12-31,2550.7479701055795,54.0,-0.5756746186937889,57165.85,0.9323,0,12,2570.6708456998895,2496.929056253853,2.1554042040934585,1606.165944552253,4010.150944443013,2664.7271080734477,-113.97913796786816,4
Downtown LA,2025-01-31,2551.1169393965865,53.0,-2.0957565649731724,57165.85,0.9323,0,1,2550.7479701055795,2506.6798083220024,1.772748594657192,1606.165944552253,4010.150944443013,2644.9138435177206,-93.79690412113405,5
Downtown LA,2025-02-28,2557.8861555187345,55.0,0.6219365206910465,57165.85,0.9323,0,2,2551.1169393965865,2529.762735246027,1.111701895236128,1606.165944552253,4010.150944443013,2663.377779209533,-105.4916236907984,5
Downtown LA,2025-03-31,2575.38843750813,64.0,0.0734683447262574,57165.85,0.9323,0,3,2557.8861555187345,2556.899686746101,0.7230925349894335,1606.165944552253,4010.150944443013,2669.391744655903,-94.00330714777283,5
Downtown LA,2025-04-30,2575.21018080403,61.0,0.7261642567589099,57165.85,0.9323,0,4,2575.38843750813,2570.7123111956166,0.1749658874244719,1606.165944552253,4010.150944443013,2670.2451501214578,-95.03496931742757,5
Downtown LA,2025-05-31,2580.265353884868,67.0,0.1980574525058287,57165.85,0.9323,0,5,2575.21018080403,2580.399780297458,-0.0052095188356693,1606.165944552253,4010.150944443013,2673.5673511634004,-93.30199727853233,5
Downtown LA,2025-06-30,2584.122878459392,73.0,-0.814383756602044,57165.85,0.9323,0,6,2580.265353884868,2592.7865570031904,-0.3341454590775172,1606.165944552253,4010.150944443013,2677.240545965667,-93.11766750627521,5
Downtown LA,2025-07-31,2596.0263617529927,76.0,-0.787589879310624,57165.85,0.9323,0,7,2584.122878459392,2602.95281936464,-0.2661000061206731,1606.165944552253,4010.150944443013,2682.297042062612,-86.27068030961937,5
Downtown LA,2025-08-31,2593.2298468366193,79.0,0.4499509874817287,57165.85,0.9323,0,8,2596.0263617529927,2597.5070611645115,-0.1646661289911755,1606.165944552253,4010.150944443013,2689.5401482789225,-96.31030144230317,5
Downtown LA,2025-09-30,2596.196573069565,69.0,0.0159976963317376,57165.85,0.9323,0,9,2593.2298468366193,2584.8193063475824,0.4401571395742598,1606.165944552253,4010.150944443013,2688.8104233859162,-92.61385031635109,5
Downtown LA,2025-10-31,2581.1159185328856,77.0,1.0332858810921497,57165.85,0.9323,0,10,2596.196573069565,2574.1432669806454,0.2708727071131012,1606.165944552253,4010.150944443013,2672.7289436715546,-91.61302513866895,5
Downtown LA,2025-11-30,2551.66401213632,72.0,0.3467109950130442,57165.85,0.9323,0,11,2581.1159185328856,2570.6708456998895,-0.7393725103065463,1606.165944552253,4010.150944443013,2657.421870252897,-105.75785811657715,5
Downtown LA,2025-12-31,2530.686613529449,63.0,-0.0110437965417098,57165.85,0.9323,0,12,2551.66401213632,2550.7479701055795,-0.7864891714605582,1606.165944552253,4010.150944443013,2664.0992567876165,-133.41264325816746,5
Exposition Park,2022-01-31,2114.129695292431,172.0,-2.264157050607707,52238.0,0.7487,0,1,2114.129695292431,2114.129695292431,0.0,1479.8907867047014,3171.194542938646,2113.018132086132,1.111563206298797,2
Exposition Park,2022-02-28,2114.129695292431,172.0,1.5731081304851902,52238.0,0.7487,0,2,2114.129695292431,2114.129695292431,0.0,1479.8907867047014,3171.194542938646,2110.389563486406,3.740131806024692,2
Exposition Park,2022-03-31,2114.129695292431,176.0,0.283664819041407,52238.0,0.7487,0,3,2114.129695292431,2114.129695292431,0.0,1479.8907867047014,3171.194542938646,2107.4914640884604,6.638231203970463,2
Exposition Park,2022-04-30,2114.129695292431,183.0,0.6047403843027821,52238.0,0.7487,0,4,2114.129695292431,2114.129695292431,0.0,1479.8907867047014,3171.194542938646,2107.527663862681,6.602031429749786,2
Exposition Park,2022-05-31,2114.129695292431,199.0,0.252076398539236,52238.0,0.7487,0,5,2114.129695292431,2114.129695292431,0.0,1479.8907867047014,3171.194542938646,2110.5761340371896,3.5535612552412204,2
Exposition Park,2022-06-30,2114.129695292431,217.0,-0.1128267947519412,52238.0,0.7487,0,6,2114.129695292431,2114.129695292431,0.0,1479.8907867047014,3171.194542938646,2113.5629475053115,0.5667477871193114,2
Exposition Park,2022-07-31,2128.3496975988896,218.0,-0.4437487897760328,52238.0,0.7487,0,7,2114.129695292431,2114.129695292431,0.6726173109494082,1479.8907867047014,3171.194542938646,2114.7179355065705,13.63176209231915,2
Exposition Park,2022-08-31,2131.2401989254317,221.0,0.3338898163605996,52238.0,0.7487,0,8,2128.3496975988896,2114.129695292431,0.8093403006968369,1479.8907867047014,3171.194542938646,2114.721012287212,16.519186638219708,2
Exposition Park,2022-09-30,2160.0479923398284,219.0,0.4539359966398981,52238.0,0.7487,0,9,2131.2401989254317,2114.129695292431,2.1719716226324515,1479.8907867047014,3171.194542938646,2114.720040146929,45.327952192899374,2
Exposition Park,2022-10-31,2181.811920318474,205.0,0.8603499292422434,52238.0,0.7487,0,10,2160.0479923398284,2114.129695292431,3.2014225606287416,1479.8907867047014,3171.194542938646,2114.7207824521047,67.09113786636954,2
Exposition Park,2022-11-30,2227.325296533793,193.0,0.534128414037216,52238.0,0.7487,0,11,2181.811920318474,2114.129695292431,5.354241108926128,1479.8907867047014,3171.194542938646,2114.7198272950277,112.60546923876518,2
Exposition Park,2022-12-31,2281.231320164438,182.0,0.0301329019570584,52238.0,0.7487,0,12,2227.325296533793,2114.129695292431,7.904038491304255,1479.8907867047014,3171.194542938646,2114.7227782490845,166.50854191535336,2
Exposition Park,2023-01-31,2253.2147001708595,173.0,-2.199039208536135,56417.0,0.7701,0,1,2281.231320164438,2114.129695292431,6.578830295422833,1479.8907867047014,3421.846980246657,2235.962206207709,17.2524939631503,3
Exposition Park,2023-02-28,2227.921152193115,178.0,0.5495574360470767,56417.0,0.7701,0,2,2253.2147001708595,2114.129695292431,5.382425550999348,1479.8907867047014,3421.846980246657,2240.1818611572,-12.260708964084643,3
Exposition Park,2023-03-31,2203.292470012878,191.0,0.0225715437323525,56417.0,0.7701,0,3,2227.921152193115,2114.129695292431,4.217469482548175,1479.8907867047014,3421.846980246657,2254.7536167429275,-51.46114673004968,3
Exposition Park,2023-04-30,2252.048212409911,200.0,0.1144441399764772,56417.0,0.7701,0,4,2203.292470012878,2114.129695292431,6.523654505425358,1479.8907867047014,3421.846980246657,2269.8693046043954,-17.821092194484663,3
Exposition Park,2023-05-31,2251.043465987283,192.0,0.4685235871840332,56417.0,0.7701,0,5,2252.048212409911,2114.129695292431,6.4761292081427335,1479.8907867047014,3421.846980246657,2278.4839580307935,-27.440492043510403,3
Exposition Park,2023-06-30,2278.9931325805665,196.0,-0.3124949920674358,56417.0,0.7701,0,6,2251.043465987283,2114.129695292431,7.798170455447462,1479.8907867047014,3421.846980246657,2286.8466060085843,-7.853473428017878,3
Exposition Park,2023-07-31,2284.222135845565,192.0,-0.8938044561617953,56417.0,0.7701,0,7,2278.9931325805665,2128.3496975988896,7.323629120840613,1479.8907867047014,3421.846980246657,2301.192488414478,-16.97035256891286,3
Exposition Park,2023-08-31,2329.6743790920027,202.0,0.2789943227899494,56417.0,0.7701,0,8,2284.222135845565,2131.2401989254317,9.3107374882766,1479.8907867047014,3421.846980246657,2315.3845519532415,14.289827138761211,3
Exposition Park,2023-09-30,2328.234603325542,194.0,0.53217301284334,56417.0,0.7701,0,9,2329.6743790920027,2160.0479923398284,7.786244175229129,1479.8907867047014,3421.846980246657,2327.996562059241,0.23804126630102473,3
Exposition Park,2023-10-31,2345.502811554959,212.0,0.859197760293462,56417.0,0.7701,0,10,2328.234603325542,2181.811920318474,7.502520712811544,1479.8907867047014,3421.846980246657,2349.027889063461,-3.5250775085019086,3
Exposition Park,2023-11-30,2358.843332463292,223.0,0.5695142378559392,56417.0,0.7701,0,11,2345.502811554959,2227.325296533793,5.904752042019634,1479.8907867047014,3421.846980246657,2375.941732796528,-17.098400333235986,3
Exposition Park,2023-12-31,2375.1750233052653,207.0,0.420354684178803,56417.0,0.7701,0,12,2358.843332463292,2281.231320164438,4.118113858530381,1479.8907867047014,3421.846980246657,2394.6317837761385,-19.456760470873178,3
Exposition Park,2024-01-31,2371.139941908846,205.0,-1.123098551502988,56417.0,0.7701,0,1,2375.1750233052653,2253.2147001708595,5.2336442563171826,1479.8907867047014,3562.762534957898,2386.308364359211,-15.168422450364687,4
Exposition Park,2024-02-29,2369.387873357645,184.0,0.2044859096427709,56417.0,0.7701,0,2,2371.139941908846,2227.921152193115,6.34971848197019,1479.8907867047014,3562.762534957898,2384.784656477384,-15.396783119739212,4
Exposition Park,2024-03-31,2342.4549761126664,191.0,0.1004400229577262,56417.0,0.7701,0,3,2369.387873357645,2203.292470012878,6.316115903531183,1479.8907867047014,3562.762534957898,2393.5045609271147,-51.04958481444828,4
Exposition Park,2024-04-30,2390.6079546742253,171.0,-0.0525586506760933,56417.0,0.7701,0,4,2342.4549761126664,2252.048212409911,6.152609944173526,1479.8907867047014,3562.762534957898,2410.593736837467,-19.985782163241765,4
Exposition Park,2024-05-31,2432.878577977486,169.0,0.1099531503967909,56417.0,0.7701,0,5,2390.6079546742253,2251.043465987283,8.077814344222457,1479.8907867047014,3562.762534957898,2424.0981548505088,8.780423126977439,4
Exposition Park,2024-06-30,2488.2808114224354,174.0,-0.6287506168123125,56417.0,0.7701,0,6,2432.878577977486,2278.9931325805665,9.183339600715978,1479.8907867047014,3562.762534957898,2433.5583325442785,54.722478878156835,4
Exposition Park,2024-07-31,2431.8420193924735,165.0,-0.2899340039725806,56417.0,0.7701,0,7,2488.2808114224354,2284.222135845565,6.46258878374204,1479.8907867047014,3562.762534957898,2448.7515914181076,-16.909572025634134,4
Exposition Park,2024-08-31,2381.64440596149,185.0,0.2811380468135116,56417.0,0.7701,0,8,2431.8420193924735,2329.6743790920027,2.230785011669445,1479.8907867047014,3562.762534957898,2466.9869508052316,-85.3425448437415,4
Exposition Park,2024-09-30,2381.2364756802726,185.0,0.437345807567846,56417.0,0.7701,0,9,2381.64440596149,2328.234603325542,2.276483318262912,1479.8907867047014,3562.762534957898,2480.9172628100036,-99.68078712973102,4
Exposition Park,2024-10-31,2431.7851338024375,200.0,1.4371161974639168,56417.0,0.7701,0,10,2381.2364756802726,2345.502811554959,3.67862796081142,1479.8907867047014,3562.762534957898,2497.307856851064,-65.52272304862663,4
Exposition Park,2024-11-30,2468.3386317255745,193.0,0.5173281338448854,56417.0,0.7701,0,11,2431.7851338024375,2358.843332463292,4.641906385022132,1479.8907867047014,3562.762534957898,2521.0776371456413,-52.73900542006686,4
Exposition Park,2024-12-31,2478.859821737707,201.0,-0.5756746186937889,56417.0,0.7701,0,12,2468.3386317255745,2375.1750233052653,4.365354022970291,1479.8907867047014,3562.762534957898,2542.3313457988343,-63.471524061127184,4
Exposition Park,2025-01-31,2505.948313636728,220.0,-2.0957565649731724,56417.0,0.7701,0,1,2478.859821737707,2371.139941908846,5.685382349021406,1479.8907867047014,3732.421217133653,2501.3112055475194,4.637108089208596,5
Exposition Park,2025-02-28,2487.8926034185997,209.0,0.6219365206910465,56417.0,0.7701,0,2,2505.948313636728,2369.387873357645,5.0014913722430165,1479.8907867047014,3732.421217133653,2498.4186702062084,-10.52606678760867,5
Exposition Park,2025-03-31,2478.2333138681397,196.0,0.0734683447262574,56417.0,0.7701,0,3,2487.8926034185997,2342.4549761126664,5.796411847402894,1479.8907867047014,3732.421217133653,2500.991471366939,-22.75815749879939,5
Exposition Park,2025-04-30,2452.814931080659,184.0,0.7261642567589099,56417.0,0.7701,0,4,2478.2333138681397,2390.6079546742253,2.6021404423424377,1479.8907867047014,3732.421217133653,2517.372114621761,-64.55718354110195,5
Exposition Park,2025-05-31,2416.3835008311803,183.0,0.1980574525058287,56417.0,0.7701,0,5,2452.814931080659,2432.878577977486,-0.6780065925040435,1479.8907867047014,3732.421217133653,2540.205766858924,-123.82226602774381,5
Exposition Park,2025-06-30,2374.0580627844615,171.0,-0.814383756602044,56417.0,0.7701,0,6,2416.3835008311803,2488.2808114224354,-4.590428383871914,1479.8907867047014,3732.421217133653,2553.9017913695266,-179.84372858506504,5
Exposition Park,2025-07-31,2381.6233483815786,172.0,-0.787589879310624,56417.0,0.7701,0,7,2374.0580627844615,2431.8420193924735,-2.065046602963161,1479.8907867047014,3732.421217133653,2556.6884863203527,-175.06513793877411,5
Exposition Park,2025-08-31,2439.648970139649,167.0,0.4499509874817287,56417.0,0.7701,0,8,2381.6233483815786,2381.64440596149,2.4354838208830776,1479.8907867047014,3732.421217133653,2558.646749937711,-118.99777979806186,5
Exposition Park,2025-09-30,2546.3285481170465,185.0,0.0159976963317376,56417.0,0.7701,0,9,2439.648970139649,2381.2364756802726,6.933039793521978,1479.8907867047014,3732.421217133653,2569.6123628239716,-23.283814706925114,5
Exposition Park,2025-10-31,2486.775174345397,188.0,1.0332858810921497,56417.0,0.7701,0,10,2546.3285481170465,2431.7851338024375,2.261303425972283,1479.8907867047014,3732.421217133653,2591.4856626817627,-104.71048833636587,5
Exposition Park,2025-11-30,2438.6048916619666,183.0,0.3467109950130442,56417.0,0.7701,0,11,2486.775174345397,2468.3386317255745,-1.204605384424973,1479.8907867047014,3732.421217133653,2616.482078959727,-177.87718729776043,5
Exposition Park,2025-12-31,2412.408500351529,186.0,-0.0110437965417098,56417.0,0.7701,0,12,2438.6048916619666,2478.859821737707,-2.680721225276672,1479.8907867047014,3732.421217133653,2635.81998896656,-223.41148861503098,5
Glassell Park,2022-01-31,2429.8887230765363,293.0,-2.264157050607707,88329.0,0.5244,0,1,2424.065658729165,2213.624106933137,9.769708211346796,1506.799508397543,3636.0984880937476,2369.662428857467,60.22629421906913,2
Glassell Park,2022-02-28,2486.659375638248,290.0,1.5731081304851902,88329.0,0.5244,0,2,2429.8887230765363,2203.556992356804,12.84751809294722,1506.799508397543,3636.0984880937476,2363.2497406513007,123.40963498694737,2
Glassell Park,2022-03-31,2551.7649175727897,300.0,0.283664819041407,88329.0,0.5244,0,3,2486.659375638248,2204.0488888260734,15.776239379695324,1506.799508397543,3636.0984880937476,2384.6481896985697,167.11672787422003,2
Glassell Park,2022-04-30,2627.9216960735102,326.0,0.6047403843027821,88329.0,0.5244,0,4,2551.7649175727897,2240.4871905141677,17.292422255287732,1506.799508397543,3636.0984880937476,2417.6074124771894,210.31428359632082,2
Glassell Park,2022-05-31,2611.565685611248,351.0,0.252076398539236,88329.0,0.5244,0,5,2627.9216960735102,2276.1195827227184,14.737630897550025,1506.799508397543,3636.0984880937476,2449.7304533040506,161.83523230719766,2
Glassell Park,2022-06-30,2544.246743148225,379.0,-0.1128267947519412,88329.0,0.5244,0,6,2611.565685611248,2329.4933574096303,9.218888092361777,1506.799508397543,3636.0984880937476,2487.783302213638,56.4634409345872,2
Glassell Park,2022-07-31,2551.9795341024756,380.0,-0.4437487897760328,88329.0,0.5244,0,7,2544.246743148225,2346.0517386421475,8.77763231170321,1506.799508397543,3636.0984880937476,2532.005167478812,19.974366623663627,2
Glassell Park,2022-08-31,2589.288338634912,390.0,0.3338898163605996,88329.0,0.5244,0,8,2551.9795341024756,2377.7574332663435,8.896235688683651,1506.799508397543,3636.0984880937476,2555.1416275355577,34.146711099354434,2
Glassell Park,2022-09-30,2630.0816608799623,374.0,0.4539359966398981,88329.0,0.5244,0,9,2589.288338634912,2361.961943022646,11.351568074555772,1506.799508397543,3636.0984880937476,2552.5670234876184,77.51463739234396,2
Glassell Park,2022-10-31,2643.2582831817213,352.0,0.8603499292422434,88329.0,0.5244,0,10,2630.0816608799623,2374.8977618763843,11.299876803677966,1506.799508397543,3636.0984880937476,2551.7339627808874,91.52432040083386,2
Glassell Park,2022-11-30,2614.0083436327,345.0,0.534128414037216,88329.0,0.5244,0,11,2643.2582831817213,2387.5160648693027,9.486523759822152,1506.799508397543,3636.0984880937476,2562.7352085598927,51.273135072807236,2
Glassell Park,2022-12-31,2649.474116573548,342.0,0.0301329019570584,88329.0,0.5244,0,12,2614.0083436327,2424.065658729165,9.29877691359875,1506.799508397543,3636.0984880937476,2563.1275899055654,86.34652666798274,2
Glassell Park,2023-01-31,2629.875350788236,337.0,-2.199039208536135,92903.0,0.5307,0,1,2649.474116573548,2429.8887230765363,8.23027926392006,1506.799508397543,3974.211174860322,2633.591452714975,-3.716101926738702,3
Glassell Park,2023-02-28,2631.7465170127043,327.0,0.5495574360470767,92903.0,0.5307,0,2,2629.875350788236,2486.659375638248,5.8346206479211515,1506.799508397543,3974.211174860322,2649.570622467112,-17.8241054544078,3
Glassell Park,2023-03-31,2637.122836080721,360.0,0.0225715437323525,92903.0,0.5307,0,3,2631.7465170127043,2551.7649175727897,3.3450541591865113,1506.799508397543,3974.211174860322,2683.770701714002,-46.64786563328107,3
Glassell Park,2023-04-30,2660.790990748972,367.0,0.1144441399764772,92903.0,0.5307,0,4,2637.122836080721,2627.9216960735102,1.2507714641792012,1506.799508397543,3974.211174860322,2721.366885982778,-60.57589523380602,3
Glassell Park,2023-05-31,2698.171124794828,383.0,0.4685235871840332,92903.0,0.5307,0,5,2660.790990748972,2611.565685611248,3.3162267240967047,1506.799508397543,3974.211174860322,2739.8464759644376,-41.67535116960971,3
Glassell Park,2023-06-30,2662.303112611173,392.0,-0.3124949920674358,92903.0,0.5307,0,6,2698.171124794828,2544.246743148225,4.640130513319107,1506.799508397543,3974.211174860322,2745.239520425428,-82.93640781425484,3
Glassell Park,2023-07-31,2682.3797882220306,410.0,-0.8938044561617953,92903.0,0.5307,0,7,2662.303112611173,2551.9795341024756,5.1097688040596445,1506.799508397543,3974.211174860322,2765.6706307543413,-83.29084253231076,3
Glassell Park,2023-08-31,2669.4538956476545,436.0,0.2789943227899494,92903.0,0.5307,0,8,2682.3797882220306,2589.288338634912,3.096045960451277,1506.799508397543,3974.211174860322,2797.054236265953,-127.60034061829856,3
Glassell Park,2023-09-30,2693.7764689038904,440.0,0.53217301284334,92903.0,0.5307,0,9,2669.4538956476545,2630.0816608799623,2.421780622682923,1506.799508397543,3974.211174860322,2809.715470369853,-115.93900146596252,3
Glassell Park,2023-10-31,2697.629007995211,481.0,0.859197760293462,92903.0,0.5307,0,10,2693.7764689038904,2643.2582831817213,2.0569584576518585,1506.799508397543,3974.211174860322,2803.1495772852463,-105.52056929003538,3
Glassell Park,2023-11-30,2733.395919763222,468.0,0.5695142378559392,92903.0,0.5307,0,11,2697.629007995211,2614.0083436327,4.567222458234732,1506.799508397543,3974.211174860322,2802.8721065153554,-69.47618675213334,3
Glassell Park,2023-12-31,2743.02746443446,445.0,0.420354684178803,92903.0,0.5307,0,12,2733.395919763222,2649.474116573548,3.531015731601128,1506.799508397543,3974.211174860322,2816.1888331172913,-73.16136868283138,3
Glassell Park,2024-01-31,2703.989538118381,448.0,-1.123098551502988,92903.0,0.5307,0,1,2743.02746443446,2629.875350788236,2.818163503754323,1506.799508397543,4114.5411966516895,2776.657502136855,-72.66796401847387,4
Glassell Park,2024-02-29,2704.0626051523295,437.0,0.2044859096427709,92903.0,0.5307,0,2,2703.989538118381,2631.7465170127043,2.747836376799362,1506.799508397543,4114.5411966516895,2787.626209403801,-83.56360425147159,4
Glassell Park,2024-03-31,2726.3490651029165,431.0,0.1004400229577262,92903.0,0.5307,0,3,2704.0626051523295,2637.122836080721,3.3834688244861244,1506.799508397543,4114.5411966516895,2816.922809979697,-90.57374487678044,4
Glassell Park,2024-04-30,2786.105275888815,382.0,-0.0525586506760933,92903.0,0.5307,0,4,2726.3490651029165,2660.790990748972,4.709662862492214,1506.799508397543,4114.5411966516895,2852.235077839995,-66.12980195118007,4
Glassell Park,2024-05-31,2765.141135768459,409.0,0.1099531503967909,92903.0,0.5307,0,5,2786.105275888815,2698.171124794828,2.4820520225055764,1506.799508397543,4114.5411966516895,2869.766834531667,-104.62569876320777,4
Glassell Park,2024-06-30,2756.84377828888,420.0,-0.6287506168123125,92903.0,0.5307,0,6,2765.141135768459,2662.303112611173,3.5510857208509883,1506.799508397543,4114.5411966516895,2872.377943407873,-115.53416511899286,4
Glassell Park,2024-07-31,2768.7157584641595,456.0,-0.2899340039725806,92903.0,0.5307,0,7,2756.84377828888,2682.3797882220306,3.218633342721211,1506.799508397543,4114.5411966516895,2886.404553270185,-117.68879480602527,4
Glassell Park,2024-08-31,2786.9628713784705,458.0,0.2811380468135116,92903.0,0.5307,0,8,2768.7157584641595,2669.4538956476545,4.4019855867301505,1506.799508397543,4114.5411966516895,2911.4900413071427,-124.52716992867227,4
Glassell Park,2024-09-30,2820.9699946076894,441.0,0.437345807567846,92903.0,0.5307,0,9,2786.9628713784705,2693.7764689038904,4.721755022069618,1506.799508397543,4114.5411966516895,2923.5386977841063,-102.56870317641688,4
Glassell Park,2024-10-31,2789.1941831361733,439.0,1.4371161974639168,92903.0,0.5307,0,10,2820.9699946076894,2697.629007995211,3.39428345667927,1506.799508397543,4114.5411966516895,2922.5358645447695,-133.3416814085963,4
Glassell Park,2024-11-30,2789.4863382745634,414.0,0.5173281338448854,92903.0,0.5307,0,11,2789.1941831361733,2733.395919763222,2.052041495554735,1506.799508397543,4114.5411966516895,2928.352266732035,-138.86592845747145,4
Glassell Park,2024-12-31,2734.567205113612,432.0,-0.5756746186937889,92903.0,0.5307,0,12,2789.4863382745634,2743.02746443446,-0.3084278021471487,1506.799508397543,4114.5411966516895,2943.254995292856,-208.68779017924408,4
Glassell Park,2025-01-31,2752.0882449872843,386.0,-2.0957565649731724,92903.0,0.5307,0,1,2734.567205113612,2703.989538118381,1.7788052132174048,1506.799508397543,4231.454991911534,2812.6348921803356,-60.546647193051285,5
Glassell Park,2025-02-28,2800.02732180775,398.0,0.6219365206910465,92903.0,0.5307,0,2,2752.0882449872843,2704.0626051523295,3.548908833418607,1506.799508397543,4231.454991911534,2819.831582026156,-19.804260218405943,5
Glassell Park,2025-03-31,2830.6317786824193,411.0,0.0734683447262574,92903.0,0.5307,0,3,2800.02732180775,2726.3490651029165,3.8249949323919896,1506.799508397543,4231.454991911534,2846.3811903250426,-15.749411642623272,5
Glassell Park,2025-04-30,2852.9518900523585,415.0,0.7261642567589099,92903.0,0.5307,0,4,2830.6317786824193,2786.105275888815,2.3992852941358667,1506.799508397543,4231.454991911534,2877.699575867589,-24.747685815230398,5
Glassell Park,2025-05-31,2838.202217438642,425.0,0.1980574525058287,92903.0,0.5307,0,5,2852.9518900523585,2765.141135768459,2.6422188988873607,1506.799508397543,4231.454991911534,2888.5563997078248,-50.35418226918273,5
Glassell Park,2025-06-30,2886.441602635498,400.0,-0.814383756602044,92903.0,0.5307,0,6,2838.202217438642,2756.84377828888,4.700949156685863,1506.799508397543,4231.454991911534,2883.682364211601,2.7592384238969316,5
Glassell Park,2025-07-31,2923.974886610315,396.0,-0.787589879310624,92903.0,0.5307,0,7,2886.441602635498,2768.7157584641595,5.607622511321986,1506.799508397543,4231.454991911534,2892.060914600485,31.913972009830104,5
Glassell Park,2025-08-31,2942.787567134645,375.0,0.4499509874817287,92903.0,0.5307,0,8,2923.974886610315,2786.9628713784705,5.591200993614298,1506.799508397543,4231.454991911534,2914.7394668485063,28.048100286138833,5
Glassell Park,2025-09-30,2927.812017297261,363.0,0.0159976963317376,92903.0,0.5307,0,9,2942.787567134645,2820.9699946076894,3.787421450557815,1506.799508397543,4231.454991911534,2924.600274694998,3.2117426022628024,5
Glassell Park,2025-10-31,2885.804184672634,365.0,1.0332858810921497,92903.0,0.5307,0,10,2927.812017297261,2789.1941831361733,3.463724473562202,1506.799508397543,4231.454991911534,2917.4499759880855,-31.645791315451334,5
Glassell Park,2025-11-30,2814.5625470688246,326.0,0.3467109950130442,92903.0,0.5307,0,11,2885.804184672634,2789.4863382745634,0.8989543504906328,1506.799508397543,4231.454991911534,2913.400900409507,-98.83835334068226,5
Glassell Park,2025-12-31,2811.9039812050114,316.0,-0.0110437965417098,92903.0,0.5307,0,12,2814.5625470688246,2734.567205113612,2.8281175882889364,1506.799508397543,4231.454991911534,2917.8929663953236,-105.98898519031218,5
Hancock Park,2022-01-31,2149.117127346717,262.0,-2.264157050607707,58420.0,0.8354,0,1,2139.8278885438754,1986.1150165180077,8.207083148410987,1344.7697888010691,3209.741832815813,2067.204225063358,81.91290228335902,2
Hancock Park,2022-02-28,2147.6066209241617,257.0,1.5731081304851902,58420.0,0.8354,0,2,2149.117127346717,1940.3054691699028,10.683944103035792,1344.7697888010691,3209.741832815813,2040.0452792727306,107.56134165143112,2
Hancock Park,2022-03-31,2159.407381101957,279.0,0.283664819041407,58420.0,0.8354,0,3,2147.6066209241617,1921.0996982872416,12.404753539193148,1344.7697888010691,3209.741832815813,2026.3767280342624,133.03065306769463,2
Hancock Park,2022-04-30,2186.5399470997686,263.0,0.6047403843027821,58420.0,0.8354,0,4,2159.407381101957,1937.988690081956,12.825217107293918,1344.7697888010691,3209.741832815813,2032.5830969259273,153.9568501738413,2
Hancock Park,2022-05-31,2213.387589416105,268.0,0.252076398539236,58420.0,0.8354,0,5,2186.5399470997686,1967.5191388852968,12.496368938505253,1344.7697888010691,3209.741832815813,2043.4741663662357,169.91342304986938,2
Hancock Park,2022-06-30,2229.4736527106515,280.0,-0.1128267947519412,58420.0,0.8354,0,6,2213.387589416105,2004.85555531396,11.20370476572894,1344.7697888010691,3209.741832815813,2052.5204345676284,176.95321814302315,2
Hancock Park,2022-07-31,2244.068974784181,300.0,-0.4437487897760328,58420.0,0.8354,0,7,2229.4736527106515,2034.9186191373576,10.278069780278807,1344.7697888010691,3209.741832815813,2067.10134790026,176.96762688392118,2
Hancock Park,2022-08-31,2252.209844182576,321.0,0.3338898163605996,58420.0,0.8354,0,8,2244.068974784181,2068.058551533467,8.904549269775796,1344.7697888010691,3209.741832815813,2086.6519528910762,165.5578912914998,2
Hancock Park,2022-09-30,2254.250991898294,302.0,0.4539359966398981,58420.0,0.8354,0,9,2252.209844182576,2110.699663887266,6.801125260362739,1344.7697888010691,3209.741832815813,2103.125949117971,151.12504278032338,2
Hancock Park,2022-10-31,2245.69954081936,307.0,0.8603499292422434,58420.0,0.8354,0,10,2254.250991898294,2119.7347951308916,5.9424766710351795,1344.7697888010691,3209.741832815813,2117.9703485989485,127.72919222041173,2
Hancock Park,2022-11-30,2237.0106354784944,309.0,0.534128414037216,58420.0,0.8354,0,11,2245.69954081936,2133.242799944559,4.864323720517527,1344.7697888010691,3209.741832815813,2131.4457222044734,105.56491327402091,2
Hancock Park,2022-12-31,2233.6495842605714,303.0,0.0301329019570584,58420.0,0.8354,0,12,2237.0106354784944,2139.8278885438754,4.38454401959123,1344.7697888010691,3209.741832815813,2132.364580966102,101.28500329446933,2
Hancock Park,2023-01-31,2257.25964186995,277.0,-2.199039208536135,62655.0,0.831,0,1,2233.6495842605714,2149.117127346717,5.0319507088357085,1344.7697888010691,3381.3764878474412,2291.7827674110817,-34.523125541131776,3
Hancock Park,2023-02-28,2271.2628984447883,258.0,0.5495574360470767,62655.0,0.831,0,2,2257.25964186995,2147.6066209241617,5.757864420599268,1344.7697888010691,3381.3764878474412,2294.426725557088,-23.163827112299714,3
Hancock Park,2023-03-31,2295.162584514165,277.0,0.0225715437323525,62655.0,0.831,0,3,2271.2628984447883,2159.407381101957,6.286687940416824,1344.7697888010691,3381.3764878474412,2291.3108846058776,3.8516999082871735,3
Hancock Park,2023-04-30,2290.667202542659,268.0,0.1144441399764772,62655.0,0.831,0,4,2295.162584514165,2186.5399470997686,4.762193143601379,1344.7697888010691,3381.3764878474412,2302.9621586644134,-12.29495612175424,3
Hancock Park,2023-05-31,2290.317052944481,264.0,0.4685235871840332,62655.0,0.831,0,5,2290.667202542659,2213.387589416105,3.4756435744121017,1344.7697888010691,3381.3764878474412,2326.4583807460363,-36.141327801555235,3
Hancock Park,2023-06-30,2269.9575026963316,261.0,-0.3124949920674358,62655.0,0.831,0,6,2290.317052944481,2229.4736527106515,1.815847876760457,1344.7697888010691,3381.3764878474412,2343.1229214337327,-73.16541873740107,3
Hancock Park,2023-07-31,2258.8173135228917,280.0,-0.8938044561617953,62655.0,0.831,0,7,2269.9575026963316,2244.068974784181,0.6572141455736258,1344.7697888010691,3381.3764878474412,2356.1522136416356,-97.33490011874392,3
Hancock Park,2023-08-31,2269.4900045281715,294.0,0.2789943227899494,62655.0,0.831,0,8,2258.8173135228917,2252.209844182576,0.7672535661021884,1344.7697888010691,3381.3764878474412,2376.543229172112,-107.05322464394067,3
Hancock Park,2023-09-30,2278.1571713454787,280.0,0.53217301284334,62655.0,0.831,0,9,2269.4900045281715,2254.250991898294,1.0604932429042924,1344.7697888010691,3381.3764878474412,2395.4481785222442,-117.29100717676556,3
Hancock Park,2023-10-31,2258.6376577723477,284.0,0.859197760293462,62655.0,0.831,0,10,2278.1571713454787,2245.69954081936,0.5761285834465113,1344.7697888010691,3381.3764878474412,2401.834744097845,-143.19708632549737,3
Hancock Park,2023-11-30,2248.8377687776547,293.0,0.5695142378559392,62655.0,0.831,0,11,2258.6376577723477,2237.0106354784944,0.5287025958475411,1344.7697888010691,3381.3764878474412,2406.362811809159,-157.52504303150454,3
Hancock Park,2023-12-31,2245.2481294670415,292.0,0.420354684178803,62655.0,0.831,0,12,2248.8377687776547,2233.6495842605714,0.5192643146982201,1344.7697888010691,3381.3764878474412,2424.5669176588003,-179.3187881917588,3
Hancock Park,2024-01-31,2256.1767472786705,288.0,-1.123098551502988,62655.0,0.831,0,1,2245.2481294670415,2257.25964186995,-0.0479738604807766,1344.7697888010691,3442.7438767712474,2349.4852667189434,-93.3085194402729,4
Hancock Park,2024-02-29,2232.532425207902,274.0,0.2044859096427709,62655.0,0.831,0,2,2256.1767472786705,2271.2628984447883,-1.7052395503579176,1344.7697888010691,3442.7438767712474,2358.2643361895434,-125.73191098164125,4
Hancock Park,2024-03-31,2232.1385206715813,264.0,0.1004400229577262,62655.0,0.831,0,3,2232.532425207902,2295.162584514165,-2.7459520413855243,1344.7697888010691,3442.7438767712474,2355.135291292397,-122.99677062081582,4
Hancock Park,2024-04-30,2219.243695989322,265.0,-0.0525586506760933,62655.0,0.831,0,4,2232.1385206715813,2290.667202542659,-3.118021966440887,1344.7697888010691,3442.7438767712474,2362.0448385509967,-142.80114256167462,4
Hancock Park,2024-05-31,2247.3678174357915,267.0,0.1099531503967909,62655.0,0.831,0,5,2219.243695989322,2290.317052944481,-1.875252836871344,1344.7697888010691,3442.7438767712474,2377.274157827012,-129.9063403912205,4
Hancock Park,2024-06-30,2243.674182389918,258.0,-0.6287506168123125,62655.0,0.831,0,6,2247.3678174357915,2269.9575026963316,-1.1578771970485624,1344.7697888010691,3442.7438767712474,2383.6846688179135,-140.0104864279956,4
Hancock Park,2024-07-31,2261.497411595389,264.0,-0.2899340039725806,62655.0,0.831,0,7,2243.674182389918,2258.8173135228917,0.1186505015900341,1344.7697888010691,3442.7438767712474,2387.953713810504,-126.45630221511465,4
Hancock Park,2024-08-31,2241.123520549539,258.0,0.2811380468135116,62655.0,0.831,0,8,2261.497411595389,2269.4900045281715,-1.249905658189043,1344.7697888010691,3442.7438767712474,2404.2816601911786,-163.15813964163954,4
Hancock Park,2024-09-30,2255.890808390815,254.0,0.437345807567846,62655.0,0.831,0,9,2241.123520549539,2278.1571713454787,-0.9773848457309552,1344.7697888010691,3442.7438767712474,2419.4136702339392,-163.52286184312425,4
Hancock Park,2024-10-31,2236.9636730018983,271.0,1.4371161974639168,62655.0,0.831,0,10,2255.890808390815,2258.6376577723477,-0.9596043303300772,1344.7697888010691,3442.7438767712474,2417.2458558778076,-180.28218287590926,4
Hancock Park,2024-11-30,2239.5473082846106,252.0,0.5173281338448854,62655.0,0.831,0,11,2236.9636730018983,2248.8377687776547,-0.4131227526516401,1344.7697888010691,3442.7438767712474,2413.4920000668826,-173.944691782272,4
Hancock Park,2024-12-31,2211.224283879958,262.0,-0.5756746186937889,62655.0,0.831,0,12,2239.5473082846106,2245.2481294670415,-1.5153712919542597,1344.7697888010691,3442.7438767712474,2431.540451583511,-220.31616770355322,4
Hancock Park,2025-01-31,2279.718903246752,280.0,-2.0957565649731724,62655.0,0.831,0,1,2211.224283879958,2256.1767472786705,1.0434535324626903,1344.7697888010691,3442.7438767712474,2283.1920330698767,-3.473129823124964,5
Hancock Park,2025-02-28,2302.01382056712,292.0,0.6219365206910465,62655.0,0.831,0,2,2279.718903246752,2232.532425207902,3.1122233466664095,1344.7697888010691,3442.7438767712474,2282.427913922061,19.585906645058913,5
Hancock Park,2025-03-31,2332.1899342155957,289.0,0.0734683447262574,62655.0,0.831,0,3,2302.01382056712,2232.1385206715813,4.482312034734837,1344.7697888010691,3442.7438767712474,2273.5847766199668,58.60515759562895,5
Hancock Park,2025-04-30,2303.924673013656,281.0,0.7261642567589099,62655.0,0.831,0,4,2332.1899342155957,2219.243695989322,3.815758367473187,1344.7697888010691,3442.7438767712474,2275.0949825399284,28.829690473727624,5
Hancock Park,2025-05-31,2321.8767890848485,286.0,0.1980574525058287,62655.0,0.831,0,5,2303.924673013656,2247.3678174357915,3.3153883877393264,1344.7697888010691,3442.7438767712474,2285.3182028425717,36.55858624227676,5
Hancock Park,2025-06-30,2314.799594546382,274.0,-0.814383756602044,62655.0,0.831,0,6,2321.8767890848485,2243.674182389918,3.170041921180511,1344.7697888010691,3442.7438767712474,2288.794467326567,26.005127219815222,5
Hancock Park,2025-07-31,2308.885336510984,248.0,-0.787589879310624,62655.0,0.831,0,7,2314.799594546382,2261.497411595389,2.0954224697593116,1344.7697888010691,3442.7438767712474,2288.4766424944005,20.408694016583468,5
Hancock Park,2025-08-31,2289.419590172309,235.0,0.4499509874817287,62655.0,0.831,0,8,2308.885336510984,2241.123520549539,2.154993652957038,1344.7697888010691,3442.7438767712474,2296.2425779555706,-6.8229877832613965,5
Hancock Park,2025-09-30,2271.9841856316716,228.0,0.0159976963317376,62655.0,0.831,0,9,2289.419590172309,2255.890808390815,0.7133934488760207,1344.7697888010691,3442.7438767712474,2303.716142070199,-31.731956438527504,5
Hancock Park,2025-10-31,2266.9239359575913,225.0,1.0332858810921497,62655.0,0.831,0,10,2271.9841856316716,2236.9636730018983,1.3393272012990565,1344.7697888010691,3442.7438767712474,2297.467735517828,-30.543799560236494,5
Hancock Park,2025-11-30,2251.8482817169493,228.0,0.3467109950130442,62655.0,0.831,0,11,2266.9239359575913,2239.5473082846106,0.5492616024155517,1344.7697888010691,3442.7438767712474,2288.1881232727183,-36.339841555769,5
Hancock Park,2025-12-31,2249.5618806706184,230.0,-0.0110437965417098,62655.0,0.831,0,12,2251.8482817169493,2211.224283879958,1.7337724205610971,1344.7697888010691,3442.7438767712474,2293.6857645204013,-44.12388384978294,5
Highland Park,2022-01-31,2415.628115303055,312.0,-2.264157050607707,89168.0,0.5496,0,1,2416.3695395843133,2239.443078250582,7.867359468234669,1515.1153645876163,3624.55430937647,2400.6877182334256,14.940397069629398,2
Highland Park,2022-02-28,2442.4215303357287,309.0,1.5731081304851902,89168.0,0.5496,0,2,2415.628115303055,2226.1699033107975,9.714066599468364,1515.1153645876163,3624.55430937647,2410.302011444553,32.11951889117563,2
Highland Park,2022-03-31,2487.7599610602447,318.0,0.283664819041407,89168.0,0.5496,0,3,2442.4215303357287,2248.1101379520564,10.66005704357973,1515.1153645876163,3624.55430937647,2438.8638104807674,48.89615057947731,2
Highland Park,2022-04-30,2518.154670320333,322.0,0.6047403843027821,89168.0,0.5496,0,4,2487.7599610602447,2236.633095039936,12.586846537535036,1515.1153645876163,3624.55430937647,2459.197903581688,58.956766738645,2
Highland Park,2022-05-31,2525.0583057157887,350.0,0.252076398539236,89168.0,0.5496,0,5,2518.154670320333,2219.5744344144096,13.76317309142079,1515.1153645876163,3624.55430937647,2470.9570616767055,54.10124403908321,2
Highland Park,2022-06-30,2554.8509875317227,365.0,-0.1128267947519412,89168.0,0.5496,0,6,2525.0583057157887,2265.7602131749936,12.759107193943889,1515.1153645876163,3624.55430937647,2497.5404927627183,57.310494769004436,2
Highland Park,2022-07-31,2592.273848017195,381.0,-0.4437487897760328,89168.0,0.5496,0,7,2554.8509875317227,2317.044183846372,11.878481476081838,1515.1153645876163,3624.55430937647,2539.0597238672667,53.214124149928466,2
Highland Park,2022-08-31,2621.3562804386424,425.0,0.3338898163605996,89168.0,0.5496,0,8,2592.273848017195,2366.7253467998967,10.758786776126694,1515.1153645876163,3624.55430937647,2565.3017077938184,56.05457264482402,2
Highland Park,2022-09-30,2619.44563242793,434.0,0.4539359966398981,89168.0,0.5496,0,9,2621.3562804386424,2356.7226062458944,11.147812877330354,1515.1153645876163,3624.55430937647,2574.3726057514837,45.07302667644626,2
Highland Park,2022-10-31,2604.6382644266705,444.0,0.8603499292422434,89168.0,0.5496,0,10,2619.44563242793,2382.1359962353035,9.34045195333124,1515.1153645876163,3624.55430937647,2592.533644182753,12.104620243917452,2
Highland Park,2022-11-30,2584.7728019309193,417.0,0.534128414037216,89168.0,0.5496,0,11,2604.6382644266705,2412.313317120533,7.149132891918164,1515.1153645876163,3624.55430937647,2617.838368834254,-33.06556690333491,2
Highland Park,2022-12-31,2618.169215132277,395.0,0.0301329019570584,89168.0,0.5496,0,12,2584.7728019309193,2416.3695395843133,8.35135819427184,1515.1153645876163,3624.55430937647,2626.388169758176,-8.218954625899187,2
Highland Park,2023-01-31,2635.039835904211,400.0,-2.199039208536135,94401.0,0.5354,0,1,2618.169215132277,2415.628115303055,9.08300906133599,1515.1153645876163,3932.034420657964,2661.9534854543504,-26.913649550139326,3
Highland Park,2023-02-28,2670.5159630869725,368.0,0.5495574360470767,94401.0,0.5354,0,2,2635.039835904211,2442.4215303357287,9.338864316344718,1515.1153645876163,3932.034420657964,2684.3356098368927,-13.819646749920139,3
Highland Park,2023-03-31,2642.58257107404,368.0,0.0225715437323525,94401.0,0.5354,0,3,2670.5159630869725,2487.7599610602447,6.223374137262527,1515.1153645876163,3932.034420657964,2715.879509246081,-73.29693817204088,3
Highland Park,2023-04-30,2675.705991196391,362.0,0.1144441399764772,94401.0,0.5354,0,4,2642.58257107404,2518.154670320333,6.256618099475841,1515.1153645876163,3932.034420657964,2739.6516193159864,-63.94562811959531,3
Highland Park,2023-05-31,2693.5584638395917,381.0,0.4685235871840332,94401.0,0.5354,0,5,2675.705991196391,2525.0583057157887,6.673119497572855,1515.1153645876163,3932.034420657964,2757.0461130065432,-63.48764916695154,3
Highland Park,2023-06-30,2736.236037958876,406.0,-0.3124949920674358,94401.0,0.5354,0,6,2693.5584638395917,2554.8509875317227,7.099633258939764,1515.1153645876163,3932.034420657964,2784.0756891558285,-47.83965119695267,3
Highland Park,2023-07-31,2732.9666507323573,400.0,-0.8938044561617953,94401.0,0.5354,0,7,2736.236037958876,2592.273848017195,5.427389657260817,1515.1153645876163,3932.034420657964,2824.1461794872394,-91.17952875488209,3
Highland Park,2023-08-31,2742.0672068500885,448.0,0.2789943227899494,94401.0,0.5354,0,8,2732.9666507323573,2621.3562804386424,4.604903473527333,1515.1153645876163,3932.034420657964,2853.107565992275,-111.04035914218639,3
Highland Park,2023-09-30,2728.5793070021955,441.0,0.53217301284334,94401.0,0.5354,0,9,2742.0672068500885,2619.44563242793,4.1662889744007,1515.1153645876163,3932.034420657964,2860.362311775936,-131.78300477374069,3
Highland Park,2023-10-31,2710.1239954831954,448.0,0.859197760293462,94401.0,0.5354,0,10,2728.5793070021955,2604.6382644266705,4.049918658464624,1515.1153645876163,3932.034420657964,2864.132977465577,-154.00898198238156,3
Highland Park,2023-11-30,2679.228899769549,445.0,0.5695142378559392,94401.0,0.5354,0,11,2710.1239954831954,2584.7728019309193,3.654328835713061,1515.1153645876163,3932.034420657964,2877.728846425037,-198.49994665548775,3
Highland Park,2023-12-31,2667.6796601136266,426.0,0.420354684178803,94401.0,0.5354,0,12,2679.228899769549,2618.169215132277,1.8910330430589983,1515.1153645876163,3932.034420657964,2895.2133267441786,-227.53366663055203,3
Highland Park,2024-01-31,2686.698583995347,416.0,-1.123098551502988,94401.0,0.5354,0,1,2667.6796601136266,2635.039835904211,1.9604541603982728,1515.1153645876163,4113.100810275133,2790.9296617507152,-104.23107775536846,4
Highland Park,2024-02-29,2696.9984042951437,378.0,0.2044859096427709,94401.0,0.5354,0,2,2686.698583995347,2670.5159630869725,0.9916600976823452,1515.1153645876163,4113.100810275133,2816.8315635777726,-119.83315928262891,4
Highland Park,2024-03-31,2715.746870433226,381.0,0.1004400229577262,94401.0,0.5354,0,3,2696.9984042951437,2642.58257107404,2.768666537047859,1515.1153645876163,4113.100810275133,2832.2194225408193,-116.4725521075934,4
Highland Park,2024-04-30,2695.189420839079,390.0,-0.0525586506760933,94401.0,0.5354,0,4,2715.746870433226,2675.705991196391,0.728160332517569,1515.1153645876163,4113.100810275133,2843.976859993768,-148.78743915468885,4
Highland Park,2024-05-31,2716.848408924238,386.0,0.1099531503967909,94401.0,0.5354,0,5,2695.189420839079,2693.5584638395917,0.8646534091354852,1515.1153645876163,4113.100810275133,2863.4088256318214,-146.5604167075835,4
Highland Park,2024-06-30,2721.6955880118744,404.0,-0.6287506168123125,94401.0,0.5354,0,6,2716.848408924238,2736.236037958876,-0.5314033491733428,1515.1153645876163,4113.100810275133,2889.074135974999,-167.37854796312467,4
Highland Park,2024-07-31,2739.9523637674256,428.0,-0.2899340039725806,94401.0,0.5354,0,7,2721.6955880118744,2732.9666507323573,0.2556091576600972,1515.1153645876163,4113.100810275133,2915.8737876443984,-175.92142387697277,4
Highland Park,2024-08-31,2761.769637735208,452.0,0.2811380468135116,94401.0,0.5354,0,8,2739.9523637674256,2742.0672068500885,0.718524726013281,1515.1153645876163,4113.100810275133,2934.633235191825,-172.86359745661684,4
Highland Park,2024-09-30,2756.605579701037,455.0,0.437345807567846,94401.0,0.5354,0,9,2761.769637735208,2728.5793070021955,1.027137918510168,1515.1153645876163,4113.100810275133,2938.4266768724096,-181.82109717137246,4
Highland Park,2024-10-31,2766.6996359264813,460.0,1.4371161974639168,94401.0,0.5354,0,10,2756.605579701037,2710.1239954831954,2.0875664928090787,1515.1153645876163,4113.100810275133,2930.528817483014,-163.8291815565326,4
Highland Park,2024-11-30,2769.9246854199782,478.0,0.5173281338448854,94401.0,0.5354,0,11,2766.6996359264813,2679.228899769549,3.385145093733133,1515.1153645876163,4113.100810275133,2927.852201006309,-157.92751558633063,4
Highland Park,2024-12-31,2754.7190903094324,450.0,-0.5756746186937889,94401.0,0.5354,0,12,2769.9246854199782,2667.6796601136266,3.262739207304177,1515.1153645876163,4113.100810275133,2945.3469170531257,-190.62782674369328,4
Highland Park,2025-01-31,2800.4539063484667,439.0,-2.0957565649731724,94401.0,0.5354,0,1,2754.7190903094324,2686.698583995347,4.234018770499981,1515.1153645876163,4154.887028129968,2778.8698629086334,21.584043439833295,5
Highland Park,2025-02-28,2805.0167875536554,416.0,0.6219365206910465,94401.0,0.5354,0,2,2800.4539063484667,2696.9984042951437,4.005133376663683,1515.1153645876163,4154.887028129968,2791.79463717537,13.222150378285278,5
Highland Park,2025-03-31,2840.1288674839284,436.0,0.0734683447262574,94401.0,0.5354,0,3,2805.0167875536554,2715.746870433226,4.580029103775063,1515.1153645876163,4154.887028129968,2801.528352414424,38.60051506950458,5
Highland Park,2025-04-30,2831.475330759068,426.0,0.7261642567589099,94401.0,0.5354,0,4,2840.1288674839284,2695.189420839079,5.056635680825727,1515.1153645876163,4154.887028129968,2806.198509441785,25.276821317283066,5
Highland Park,2025-05-31,2830.9014759788633,411.0,0.1980574525058287,94401.0,0.5354,0,5,2831.475330759068,2716.848408924238,4.197991565520787,1515.1153645876163,4154.887028129968,2815.060447535706,15.841028443157484,5
Highland Park,2025-06-30,2862.9007453918407,429.0,-0.814383756602044,94401.0,0.5354,0,6,2830.9014759788633,2721.6955880118744,5.18813191313261,1515.1153645876163,4154.887028129968,2833.0066714581776,29.894073933663094,5
Highland Park,2025-07-31,2887.5842132246507,432.0,-0.787589879310624,94401.0,0.5354,0,7,2862.9007453918407,2739.9523637674256,5.388117377859514,1515.1153645876163,4154.887028129968,2854.079996264661,33.50421695998966,5
Highland Park,2025-08-31,2895.2072008955956,424.0,0.4499509874817287,94401.0,0.5354,0,8,2887.5842132246507,2761.769637735208,4.831596427782192,1515.1153645876163,4154.887028129968,2865.219314592401,29.9878863031945,5
Highland Park,2025-09-30,2929.1398839166354,390.0,0.0159976963317376,94401.0,0.5354,0,9,2895.2072008955956,2756.605579701037,6.258940542168889,1515.1153645876163,4154.887028129968,2862.8907749617556,66.24910895487983,5
Highland Park,2025-10-31,2896.1590346611483,379.0,1.0332858810921497,94401.0,0.5354,0,10,2929.1398839166354,2766.6996359264813,4.679199615801988,1515.1153645876163,4154.887028129968,2853.6205065780887,42.538528083059646,5
Highland Park,2025-11-30,2889.014801158036,385.0,0.3467109950130442,94401.0,0.5354,0,11,2896.1590346611483,2769.9246854199782,4.29939905459924,1515.1153645876163,4154.887028129968,2846.9288495365345,42.08595162150141,5
Highland Park,2025-12-31,2837.1176289709197,377.0,-0.0110437965417098,94401.0,0.5354,0,12,2889.014801158036,2754.7190903094324,2.991177537896661,1515.1153645876163,4154.887028129968,2848.6342446234084,-11.516615652488781,5
Koreatown,2022-01-31,2411.248313666638,193.0,-2.264157050607707,50126.66,0.9018,0,1,2370.749756335355,2168.5438335207105,11.192048617799344,1515.0412537934294,3556.124634503032,2275.7464019074955,135.50191175914233,2
Koreatown,2022-02-28,2458.198989711655,190.0,1.5731081304851902,50126.66,0.9018,0,2,2411.248313666638,2164.344648276328,13.57705861076013,1515.0412537934294,3556.124634503032,2271.426443330295,186.77254638135992,2
Koreatown,2022-03-31,2500.0325082988497,187.0,0.283664819041407,50126.66,0.9018,0,3,2458.198989711655,2168.838291646591,15.270581395020224,1515.0412537934294,3556.124634503032,2270.7462617190686,229.28624657978116,2
Koreatown,2022-04-30,2528.961210593856,194.0,0.6047403843027821,50126.66,0.9018,0,4,2500.0325082988497,2166.612230096464,16.724219288712284,1515.0412537934294,3556.124634503032,2261.4917503114148,267.4694602824411,2
Koreatown,2022-05-31,2522.0164232869342,200.0,0.252076398539236,50126.66,0.9018,0,5,2528.961210593856,2169.286539121182,16.260179455529624,1515.0412537934294,3556.124634503032,2248.0385659269764,273.97785735995785,2
Koreatown,2022-06-30,2518.8124787415613,220.0,-0.1128267947519412,50126.66,0.9018,0,6,2522.0164232869342,2184.585860097053,15.299312549320444,1515.0412537934294,3556.124634503032,2254.8512723419594,263.9612063996019,2
Koreatown,2022-07-31,2522.848453603882,226.0,-0.4437487897760328,50126.66,0.9018,0,7,2518.8124787415613,2224.882535844606,13.392433665994076,1515.0412537934294,3556.124634503032,2285.293831343967,237.5546222599146,2
Koreatown,2022-08-31,2536.6660716206065,239.0,0.3338898163605996,50126.66,0.9018,0,8,2522.848453603882,2281.335955451435,11.192131328094824,1515.0412537934294,3556.124634503032,2311.2270987838633,225.43897283674323,2
Koreatown,2022-09-30,2578.3692467144515,264.0,0.4539359966398981,50126.66,0.9018,0,9,2536.6660716206065,2330.7764454298035,10.62276057277518,1515.0412537934294,3556.124634503032,2316.6130042582176,261.75624245623385,2
Koreatown,2022-10-31,2575.215067957272,238.0,0.8603499292422434,50126.66,0.9018,0,10,2578.3692467144515,2341.228073581555,9.99419907082224,1515.0412537934294,3556.124634503032,2315.8002708522017,259.4147971050702,2
Koreatown,2022-11-30,2543.793193389198,234.0,0.534128414037216,50126.66,0.9018,0,11,2575.215067957272,2362.5736526739197,7.670429258794842,1515.0412537934294,3556.124634503032,2319.0100717737664,224.7831216154318,2
Koreatown,2022-12-31,2489.887567121656,207.0,0.0301329019570584,50126.66,0.9018,0,12,2543.793193389198,2370.749756335355,5.0253220723920355,1515.0412537934294,3556.124634503032,2317.538696138962,172.34887098269382,2
Koreatown,2023-01-31,2478.1947515390534,204.0,-2.199039208536135,53314.86,0.8997,0,1,2489.887567121656,2411.248313666638,2.776422382256194,1515.0412537934294,3867.553870071677,2566.4680271324883,-88.27327559343485,3
Koreatown,2023-02-28,2489.504023708986,177.0,0.5495574360470767,53314.86,0.8997,0,2,2478.1947515390534,2458.198989711655,1.2734947060165869,1515.0412537934294,3867.553870071677,2608.7113534703562,-119.20732976137015,3
Koreatown,2023-03-31,2510.805339391621,158.0,0.0225715437323525,53314.86,0.8997,0,3,2489.504023708986,2500.0325082988497,0.4309076404811041,1515.0412537934294,3867.553870071677,2620.1717328116856,-109.36639342006447,3
Koreatown,2023-04-30,2537.003385676437,167.0,0.1144441399764772,53314.86,0.8997,0,4,2510.805339391621,2528.961210593856,0.3180031013877427,1515.0412537934294,3867.553870071677,2613.362871344371,-76.35948566793377,3
Koreatown,2023-05-31,2541.8791115305303,177.0,0.4685235871840332,53314.86,0.8997,0,5,2537.003385676437,2522.0164232869342,0.7875717247593839,1515.0412537934294,3867.553870071677,2613.2080880019344,-71.32897647140408,3
Koreatown,2023-06-30,2546.4563958557696,191.0,-0.3124949920674358,53314.86,0.8997,0,6,2541.8791115305303,2518.8124787415613,1.097498021290555,1515.0412537934294,3867.553870071677,2620.195098743465,-73.73870288769558,3
Koreatown,2023-07-31,2535.4140941274313,194.0,-0.8938044561617953,53314.86,0.8997,0,7,2546.4563958557696,2522.848453603882,0.498073536902277,1515.0412537934294,3867.553870071677,2634.122254509965,-98.7081603825336,3
Koreatown,2023-08-31,2528.2153969277647,212.0,0.2789943227899494,53314.86,0.8997,0,8,2535.4140941274313,2536.6660716206065,-0.3331409990217193,1515.0412537934294,3867.553870071677,2661.2815980778246,-133.0662011500599,3
Koreatown,2023-09-30,2503.79402864553,209.0,0.53217301284334,53314.86,0.8997,0,9,2528.2153969277647,2578.3692467144515,-2.8923405041365036,1515.0412537934294,3867.553870071677,2685.0862356355083,-181.29220698997824,3
Koreatown,2023-10-31,2483.716753059963,209.0,0.859197760293462,53314.86,0.8997,0,10,2503.79402864553,2575.215067957272,-3.553035862355669,1515.0412537934294,3867.553870071677,2680.6689047524183,-196.95215169245512,3
Koreatown,2023-11-30,2470.9900553972843,201.0,0.5695142378559392,53314.86,0.8997,0,11,2483.716753059963,2543.793193389198,-2.8619912255884006,1515.0412537934294,3867.553870071677,2662.1022654220283,-191.11221002474394,3
Koreatown,2023-12-31,2461.8956762467756,183.0,0.420354684178803,53314.86,0.8997,0,12,2470.9900553972843,2489.887567121656,-1.12422308719905,1515.0412537934294,3867.553870071677,2674.8824386976567,-212.9867624508811,3
Koreatown,2024-01-31,2441.112053775336,179.0,-1.123098551502988,53314.86,0.8997,0,1,2461.8956762467756,2478.1947515390534,-1.4963593051227186,1515.0412537934294,3867.553870071677,2600.034554695716,-158.92250092038012,4
Koreatown,2024-02-29,2421.406934215586,176.0,0.2044859096427709,53314.86,0.8997,0,2,2441.112053775336,2489.504023708986,-2.735367721637416,1515.0412537934294,3867.553870071677,2636.3521370210105,-214.94520280542474,4
Koreatown,2024-03-31,2441.723390534434,162.0,0.1004400229577262,53314.86,0.8997,0,3,2421.406934215586,2510.805339391621,-2.751386090087171,1515.0412537934294,3867.553870071677,2649.634107163287,-207.9107166288527,4
Koreatown,2024-04-30,2468.595416064632,165.0,-0.0525586506760933,53314.86,0.8997,0,4,2441.723390534434,2537.003385676437,-2.69640829011214,1515.0412537934294,3867.553870071677,2649.324933400175,-180.72951733554282,4
Koreatown,2024-05-31,2478.0641513795053,177.0,0.1099531503967909,53314.86,0.8997,0,5,2468.595416064632,2541.8791115305303,-2.5105426871618763,1515.0412537934294,3867.553870071677,2651.859189740277,-173.79503836077174,4
Koreatown,2024-06-30,2469.7309279548267,187.0,-0.6287506168123125,53314.86,0.8997,0,6,2478.0641513795053,2546.4563958557696,-3.0130289301560365,1515.0412537934294,3867.553870071677,2656.800611623677,-187.0696836688503,4
Koreatown,2024-07-31,2459.108383088767,198.0,-0.2899340039725806,53314.86,0.8997,0,7,2469.7309279548267,2535.4140941274313,-3.0095956007898272,1515.0412537934294,3867.553870071677,2665.4851411068016,-206.3767580180347,4
Koreatown,2024-08-31,2472.6456856230925,196.0,0.2811380468135116,53314.86,0.8997,0,8,2459.108383088767,2528.2153969277647,-2.1979816819484355,1515.0412537934294,3867.553870071677,2682.7651976223437,-210.11951199925124,4
Koreatown,2024-09-30,2470.4226709022287,201.0,0.437345807567846,53314.86,0.8997,0,9,2472.6456856230925,2503.79402864553,-1.3328315892403575,1515.0412537934294,3867.553870071677,2695.2736557531157,-224.85098485088702,4
Koreatown,2024-10-31,2464.7960075843203,199.0,1.4371161974639168,53314.86,0.8997,0,10,2470.4226709022287,2483.716753059963,-0.761791595290906,1515.0412537934294,3867.553870071677,2685.4691775287206,-220.67316994440034,4
Koreatown,2024-11-30,2437.4355488681726,190.0,0.5173281338448854,53314.86,0.8997,0,11,2464.7960075843203,2470.9900553972843,-1.3579377406161552,1515.0412537934294,3867.553870071677,2667.9215638523606,-230.48601498418793,4
Koreatown,2024-12-31,2398.5470187008136,187.0,-0.5756746186937889,53314.86,0.8997,0,12,2437.4355488681726,2461.8956762467756,-2.5731657989073953,1515.0412537934294,3867.553870071677,2677.848512288642,-279.3014935878282,4
Koreatown,2025-01-31,2410.989216241989,172.0,-2.0957565649731724,53314.86,0.8997,0,1,2398.5470187008136,2441.112053775336,-1.2339801233933412,1515.0412537934294,3867.553870071677,2554.3773353365577,-143.38811909456854,5
Koreatown,2025-02-28,2434.998970716213,180.0,0.6219365206910465,53314.86,0.8997,0,2,2410.989216241989,2421.406934215586,0.5613280571954204,1515.0412537934294,3867.553870071677,2578.3371161356627,-143.33814541944957,5
Koreatown,2025-03-31,2478.140677182568,190.0,0.0734683447262574,53314.86,0.8997,0,3,2434.998970716213,2441.723390534434,1.4914583195340114,1515.0412537934294,3867.553870071677,2592.2571630137704,-114.11648583120223,5
Koreatown,2025-04-30,2471.3418870566165,182.0,0.7261642567589099,53314.86,0.8997,0,4,2478.140677182568,2468.595416064632,0.1112564243663349,1515.0412537934294,3867.553870071677,2597.4702621549727,-126.12837509835617,5
Koreatown,2025-05-31,2469.9581451755944,174.0,0.1980574525058287,53314.86,0.8997,0,5,2471.3418870566165,2478.0641513795053,-0.3271104260718416,1515.0412537934294,3867.553870071677,2600.8844627183003,-130.92631754270587,5
Koreatown,2025-06-30,2472.841021625159,175.0,-0.814383756602044,53314.86,0.8997,0,6,2469.9581451755944,2469.7309279548267,0.1259284416423423,1515.0412537934294,3867.553870071677,2602.524727314156,-129.68370568899672,5
Koreatown,2025-07-31,2487.778485054238,181.0,-0.787589879310624,53314.86,0.8997,0,7,2472.841021625159,2459.108383088767,1.1658738656106005,1515.0412537934294,3867.553870071677,2608.078893774088,-120.30040871985011,5
Koreatown,2025-08-31,2497.6861773681135,169.0,0.4499509874817287,53314.86,0.8997,0,8,2487.778485054238,2472.6456856230925,1.0127003594011086,1515.0412537934294,3867.553870071677,2622.874424018,-125.18824664988642,5
Koreatown,2025-09-30,2499.9798448681463,164.0,0.0159976963317376,53314.86,0.8997,0,9,2497.6861773681135,2470.4226709022287,1.1964419819351368,1515.0412537934294,3867.553870071677,2633.544353233681,-133.5645083655345,5
Koreatown,2025-10-31,2495.6959787072533,179.0,1.0332858810921497,53314.86,0.8997,0,10,2499.9798448681463,2464.7960075843203,1.2536522709324371,1515.0412537934294,3867.553870071677,2623.8438306978724,-128.14785199061907,5
Koreatown,2025-11-30,2488.142531044599,175.0,0.3467109950130442,53314.86,0.8997,0,11,2495.6959787072533,2437.4355488681726,2.0803414555913946,1515.0412537934294,3867.553870071677,2604.534044816929,-116.3915137723302,5
Koreatown,2025-12-31,2479.592133241318,168.0,-0.0110437965417098,53314.86,0.8997,0,12,2488.142531044599,2398.5470187008136,3.378925403947397,1515.0412537934294,3867.553870071677,2603.211729851437,-123.61959661011906,5
Leimert Park,2022-01-31,1865.7875551969555,210.0,-2.264157050607707,57880.0,0.6848,0,1,1873.2042368867956,1797.3574733269877,3.807260541404745,1180.076407997383,2828.9908565611076,1856.4513024664109,9.33625273054463,2
Leimert Park,2022-02-28,1862.5112852142336,212.0,1.5731081304851902,57880.0,0.6848,0,2,1865.7875551969555,1775.9762443168593,4.8725336937522234,1180.076407997383,2828.9908565611076,1848.4707612314742,14.040523982759396,2
Leimert Park,2022-03-31,1882.3739490780183,214.0,0.283664819041407,57880.0,0.6848,0,3,1862.5112852142336,1733.2191739914854,8.605649956147188,1180.076407997383,2828.9908565611076,1840.692299073268,41.68165000475028,2
Leimert Park,2022-04-30,1894.2060346579033,221.0,0.6047403843027821,57880.0,0.6848,0,4,1882.3739490780183,1737.2686597531158,9.033569679838129,1180.076407997383,2828.9908565611076,1837.6627663854954,56.543268272407886,2
Leimert Park,2022-05-31,1944.1162941447749,231.0,0.252076398539236,57880.0,0.6848,0,5,1894.2060346579033,1744.4179367102074,11.44785049683552,1180.076407997383,2828.9908565611076,1842.5738263587964,101.54246778597849,2
Leimert Park,2022-06-30,1971.0752056354863,254.0,-0.1128267947519412,57880.0,0.6848,0,6,1944.1162941447749,1783.0619961346297,10.544401143002148,1180.076407997383,2828.9908565611076,1854.603949815761,116.47125581972523,2
Leimert Park,2022-07-31,2007.8292951856852,270.0,-0.4437487897760328,57880.0,0.6848,0,7,1971.0752056354863,1780.2063164625165,12.786325754392491,1180.076407997383,2828.9908565611076,1870.1069455184643,137.7223496672209,2
Leimert Park,2022-08-31,2004.293408519213,292.0,0.3338898163605996,57880.0,0.6848,0,8,2007.8292951856852,1805.3709972894792,11.018367500551918,1180.076407997383,2828.9908565611076,1886.4358721903814,117.85753632883166,2
Leimert Park,2022-09-30,2047.8618124192344,291.0,0.4539359966398981,57880.0,0.6848,0,9,2004.293408519213,1827.082186919639,12.0837271076359,1180.076407997383,2828.9908565611076,1904.4928531440528,143.36895927518162,2
Leimert Park,2022-10-31,2048.9268294992553,286.0,0.8603499292422434,57880.0,0.6848,0,10,2047.8618124192344,1868.2769312810815,9.66933194932198,1180.076407997383,2828.9908565611076,1924.193691863787,124.73313763546821,2
Leimert Park,2022-11-30,2097.565286599867,282.0,0.534128414037216,57880.0,0.6848,0,11,2048.9268294992553,1885.9939043740717,11.218031072905932,1180.076407997383,2828.9908565611076,1937.767499718996,159.79778688087072,2
Leimert Park,2022-12-31,2094.1172913334535,258.0,0.0301329019570584,57880.0,0.6848,0,12,2097.565286599867,1873.2042368867956,11.793324512964398,1180.076407997383,2828.9908565611076,1940.971482576362,153.14580875709157,2
Leimert Park,2023-01-31,2103.819445730027,252.0,-2.199039208536135,61822.0,0.6964,0,1,2094.1172913334535,1865.7875551969555,12.757716700921208,1180.076407997383,3146.3479298998,2095.6700052168703,8.149440513156605,3
Leimert Park,2023-02-28,2075.906442165006,241.0,0.5495574360470767,61822.0,0.6964,0,2,2103.819445730027,1862.5112852142336,11.457388668988756,1180.076407997383,3146.3479298998,2099.0486838121888,-23.1422416471828,3
Leimert Park,2023-03-31,2065.347929599052,229.0,0.0225715437323525,61822.0,0.6964,0,3,2075.906442165006,1882.3739490780183,9.720384231340097,1180.076407997383,3146.3479298998,2106.6105752220606,-41.262645623008666,3
Leimert Park,2023-04-30,2065.12395011052,232.0,0.1144441399764772,61822.0,0.6964,0,4,2065.347929599052,1894.2060346579033,9.023195593582024,1180.076407997383,3146.3479298998,2120.8304096189468,-55.70645950842663,3
Leimert Park,2023-05-31,2051.285725448517,244.0,0.4685235871840332,61822.0,0.6964,0,5,2065.12395011052,1944.1162941447749,5.512501059042174,1180.076407997383,3146.3479298998,2145.0962746751807,-93.81054922666362,3
Leimert Park,2023-06-30,2075.496760443095,246.0,-0.3124949920674358,61822.0,0.6964,0,6,2051.285725448517,1971.0752056354863,5.297695111229528,1180.076407997383,3146.3479298998,2174.1581448983393,-98.66138445524439,3
Leimert Park,2023-07-31,2081.548888966023,259.0,-0.8938044561617953,61822.0,0.6964,0,7,2075.496760443095,2007.8292951856852,3.671606642910352,1180.076407997383,3146.3479298998,2201.7434698409297,-120.19458087490693,3
Leimert Park,2023-08-31,2102.9295995881484,259.0,0.2789943227899494,61822.0,0.6964,0,8,2081.548888966023,2004.293408519213,4.921245095637405,1180.076407997383,3146.3479298998,2224.9796958744955,-122.05009628634707,3
Leimert Park,2023-09-30,2094.2575851380952,268.0,0.53217301284334,61822.0,0.6964,0,9,2102.9295995881484,2047.8618124192344,2.2655714578734942,1180.076407997383,3146.3479298998,2248.8555289833635,-154.59794384526822,3
Leimert Park,2023-10-31,2094.9439031262964,280.0,0.859197760293462,61822.0,0.6964,0,10,2094.2575851380952,2048.9268294992553,2.24591102837417,1180.076407997383,3146.3479298998,2276.1832334643755,-181.23933033807907,3
Leimert Park,2023-11-30,2123.325714392182,280.0,0.5695142378559392,61822.0,0.6964,0,11,2094.9439031262964,2097.565286599867,1.2281108939437455,1180.076407997383,3146.3479298998,2297.6831298375846,-174.3574154454027,3
Leimert Park,2023-12-31,2140.438097179246,290.0,0.420354684178803,61822.0,0.6964,0,12,2123.325714392182,2094.1172913334535,2.2119489695010097,1180.076407997383,3146.3479298998,2308.8286680708347,-168.3905708915886,3
Leimert Park,2024-01-31,2219.4051997706124,285.0,-1.123098551502988,61822.0,0.6964,0,1,2140.438097179246,2103.819445730027,5.49409096275737,1180.076407997383,3210.657145768869,2185.667396563939,33.73780320667356,4
Leimert Park,2024-02-29,2225.354070100533,292.0,0.2044859096427709,61822.0,0.6964,0,2,2219.4051997706124,2075.906442165006,7.199150448209268,1180.076407997383,3210.657145768869,2184.2821214350233,41.07194866550981,4
Leimert Park,2024-03-31,2230.4049117866875,298.0,0.1004400229577262,61822.0,0.6964,0,3,2225.354070100533,2065.347929599052,7.991727680462946,1180.076407997383,3210.657145768869,2179.695041609559,50.70987017712832,4
Leimert Park,2024-04-30,2172.1693180293505,282.0,-0.0525586506760933,61822.0,0.6964,0,4,2230.4049117866875,2065.12395011052,5.18348392178114,1180.076407997383,3210.657145768869,2182.6239821682675,-10.454664138916996,4
Leimert Park,2024-05-31,2163.305515801167,292.0,0.1099531503967909,61822.0,0.6964,0,5,2172.1693180293505,2051.285725448517,5.460954998268552,1180.076407997383,3210.657145768869,2196.874996951682,-33.569481150515,4
Leimert Park,2024-06-30,2193.1190206830324,278.0,-0.6287506168123125,61822.0,0.6964,0,6,2163.305515801167,2075.496760443095,5.66718592298967,1180.076407997383,3210.657145768869,2216.0052005079765,-22.886179824944065,4
Leimert Park,2024-07-31,2217.3226499336915,270.0,-0.2899340039725806,61822.0,0.6964,0,7,2193.1190206830324,2081.548888966023,6.522727459700084,1180.076407997383,3210.657145768869,2234.56176124966,-17.23911131596833,4
Leimert Park,2024-08-31,2224.115799105799,265.0,0.2811380468135116,61822.0,0.6964,0,8,2217.3226499336915,2102.9295995881484,5.762732121007974,1180.076407997383,3210.657145768869,2250.4207938203103,-26.304994714511395,4
Leimert Park,2024-09-30,2213.7347685216537,265.0,0.437345807567846,61822.0,0.6964,0,9,2224.115799105799,2094.2575851380952,5.704989884311673,1180.076407997383,3210.657145768869,2265.2605403586367,-51.52577183698304,4
Leimert Park,2024-10-31,2203.594522359607,287.0,1.4371161974639168,61822.0,0.6964,0,10,2213.7347685216537,2094.9439031262964,5.186325947495329,1180.076407997383,3210.657145768869,2282.197960112893,-78.60343775328602,4
Leimert Park,2024-11-30,2228.8350594136173,263.0,0.5173281338448854,61822.0,0.6964,0,11,2203.594522359607,2123.325714392182,4.969060766620914,1180.076407997383,3210.657145768869,2300.291818606477,-71.45675919285986,4
Leimert Park,2024-12-31,2206.8297665465634,270.0,-0.5756746186937889,61822.0,0.6964,0,12,2228.8350594136173,2140.438097179246,3.1017794653725783,1180.076407997383,3210.657145768869,2317.072664993887,-110.24289844732357,4
Leimert Park,2025-01-31,2219.75669946754,267.0,-2.0957565649731724,61822.0,0.6964,0,1,2206.8297665465634,2219.4051997706124,0.0158375630084917,1180.076407997383,3345.6073676800315,2299.3203815592965,-79.56368209175662,5
Leimert Park,2025-02-28,2186.9369412185415,255.0,0.6219365206910465,61822.0,0.6964,0,2,2219.75669946754,2225.354070100533,-1.726337817345902,1180.076407997383,3345.6073676800315,2306.9786161035527,-120.04167488501116,5
Leimert Park,2025-03-31,2198.2329205625706,252.0,0.0734683447262574,61822.0,0.6964,0,3,2186.9369412185415,2230.4049117866875,-1.4424282808068845,1180.076407997383,3345.6073676800315,2299.379743964619,-101.14682340204854,5
Leimert Park,2025-04-30,2214.3919526316886,234.0,0.7261642567589099,61822.0,0.6964,0,4,2198.2329205625706,2172.1693180293505,1.943800340603441,1180.076407997383,3345.6073676800315,2290.827058712671,-76.43510608098222,5
Leimert Park,2025-05-31,2245.1974256760836,242.0,0.1980574525058287,61822.0,0.6964,0,5,2214.3919526316886,2163.305515801167,3.7854990558089607,1180.076407997383,3345.6073676800315,2298.8977524855227,-53.70032680943905,5
Leimert Park,2025-06-30,2288.47236444778,237.0,-0.814383756602044,61822.0,0.6964,0,6,2245.1974256760836,2193.1190206830324,4.347841720649082,1180.076407997383,3345.6073676800315,2319.8523717178123,-31.380007270032365,5
Leimert Park,2025-07-31,2279.88341430272,234.0,-0.787589879310624,61822.0,0.6964,0,7,2288.47236444778,2217.3226499336915,2.8214551621929873,1180.076407997383,3345.6073676800315,2339.119692866282,-59.23627856356188,5
Leimert Park,2025-08-31,2264.5067546703895,232.0,0.4499509874817287,61822.0,0.6964,0,8,2279.88341430272,2224.115799105799,1.8160455305802792,1180.076407997383,3345.6073676800315,2351.019885225002,-86.51313055461242,5
Leimert Park,2025-09-30,2253.937441888598,233.0,0.0159976963317376,61822.0,0.6964,0,9,2264.5067546703895,2213.7347685216537,1.8160564643338928,1180.076407997383,3345.6073676800315,2361.34319753944,-107.40575565084191,5
Leimert Park,2025-10-31,2266.5637478732106,244.0,1.0332858810921497,61822.0,0.6964,0,10,2253.937441888598,2203.594522359607,2.857568616851358,1180.076407997383,3345.6073676800315,2373.3835762335375,-106.81982836032694,5
Leimert Park,2025-11-30,2263.00370278958,238.0,0.3467109950130442,61822.0,0.6964,0,11,2266.5637478732106,2228.8350594136173,1.5330270058185658,1180.076407997383,3345.6073676800315,2386.322380750252,-123.31867796067172,5
Leimert Park,2025-12-31,2216.762412446216,230.0,-0.0110437965417098,61822.0,0.6964,0,12,2263.00370278958,2206.8297665465634,0.4500866378649659,1180.076407997383,3345.6073676800315,2404.1037101260217,-187.34129767980585,5
Los Feliz,2022-01-31,2445.2074743380053,296.0,-2.264157050607707,86826.0,0.7908,0,1,2411.6984631507544,2193.0016138064184,11.500486773187111,1530.113104482223,3617.5476947261313,2301.7727793676763,143.43469497032902,2
Los Feliz,2022-02-28,2442.5090709039737,296.0,1.5731081304851902,86826.0,0.7908,0,2,2445.2074743380053,2194.3168507663277,11.31068286929342,1530.113104482223,3617.5476947261313,2293.1247941867864,149.38427671718728,2
Los Feliz,2022-03-31,2429.031241595342,284.0,0.283664819041407,86826.0,0.7908,0,3,2442.5090709039737,2185.875863546033,11.123933527261263,1530.113104482223,3617.5476947261313,2287.6601562126634,141.37108538267876,2
Los Feliz,2022-04-30,2440.963636036193,271.0,0.6047403843027821,86826.0,0.7908,0,4,2429.031241595342,2187.461904522432,11.588852404225314,1530.113104482223,3617.5476947261313,2281.7104065051726,159.25322953102022,2
Los Feliz,2022-05-31,2483.458872143071,279.0,0.252076398539236,86826.0,0.7908,0,5,2440.963636036193,2197.919379547258,12.991354244059238,1530.113104482223,3617.5476947261313,2280.42702536825,203.03184677482113,2
Los Feliz,2022-06-30,2513.4673898701467,306.0,-0.1128267947519412,86826.0,0.7908,0,6,2483.458872143071,2216.493190480171,13.398380859705703,1530.113104482223,3617.5476947261313,2289.0097960368903,224.4575938332564,2
Los Feliz,2022-07-31,2550.704848959063,316.0,-0.4437487897760328,86826.0,0.7908,0,7,2513.4673898701467,2246.0943773228028,13.561784166849478,1530.113104482223,3617.5476947261313,2301.547361491436,249.1574874676271,2
Los Feliz,2022-08-31,2558.682352194248,329.0,0.3338898163605996,86826.0,0.7908,0,8,2550.704848959063,2274.229296357186,12.50766825898748,1530.113104482223,3617.5476947261313,2312.8225212685275,245.85983092572042,2
Los Feliz,2022-09-30,2565.5568318730934,326.0,0.4539359966398981,86826.0,0.7908,0,9,2558.682352194248,2329.932369745539,10.112931396085468,1530.113104482223,3617.5476947261313,2328.863484436531,236.69334743656236,2
Los Feliz,2022-10-31,2540.7696176875575,324.0,0.8603499292422434,86826.0,0.7908,0,10,2565.5568318730934,2346.512233322047,8.278558347445419,1530.113104482223,3617.5476947261313,2351.631059607092,189.13855808046537,2
Los Feliz,2022-11-30,2517.5514637044394,313.0,0.534128414037216,86826.0,0.7908,0,11,2540.7696176875575,2384.84228097769,5.564694310616813,1530.113104482223,3617.5476947261313,2364.9208164136794,152.63064729075995,2
Los Feliz,2022-12-31,2501.594254903753,306.0,0.0301329019570584,86826.0,0.7908,0,12,2517.5514637044394,2411.6984631507544,3.727488868386763,1530.113104482223,3617.5476947261313,2359.052759555959,142.54149534779435,2
Los Feliz,2023-01-31,2507.984263166673,302.0,-2.199039208536135,90532.0,0.797,0,1,2501.594254903753,2445.2074743380053,2.5673399696139576,1530.113104482223,3848.3352478096404,2566.61646471269,-58.63220154601686,3
Los Feliz,2023-02-28,2511.0169770335815,289.0,0.5495574360470767,90532.0,0.797,0,2,2507.984263166673,2442.5090709039737,2.8048168559821507,1530.113104482223,3848.3352478096404,2587.003696849471,-75.9867198158895,3
Los Feliz,2023-03-31,2555.429010714475,295.0,0.0225715437323525,90532.0,0.797,0,3,2511.0169770335815,2429.031241595342,5.203628794667847,1530.113104482223,3848.3352478096404,2575.8769700737216,-20.447959359246397,3
Los Feliz,2023-04-30,2565.768516837494,286.0,0.1144441399764772,90532.0,0.797,0,4,2555.429010714475,2440.963636036193,5.112934865509433,1530.113104482223,3848.3352478096404,2568.605098774914,-2.836581937419851,3
Los Feliz,2023-05-31,2586.847848155164,313.0,0.4685235871840332,90532.0,0.797,0,5,2565.768516837494,2483.458872143071,4.163104014799912,1530.113104482223,3848.3352478096404,2588.285080724895,-1.43723256973135,3
Los Feliz,2023-06-30,2576.2533385893953,311.0,-0.3124949920674358,90532.0,0.797,0,6,2586.847848155164,2513.4673898701467,2.497981432832219,1530.113104482223,3848.3352478096404,2611.067185939373,-34.81384734997755,3
Los Feliz,2023-07-31,2597.9027208048183,312.0,-0.8938044561617953,90532.0,0.797,0,7,2576.2533385893953,2550.704848959063,1.8503854675705256,1530.113104482223,3848.3352478096404,2622.45465663957,-24.55193583475193,3
Los Feliz,2023-08-31,2591.6337179518414,320.0,0.2789943227899494,90532.0,0.797,0,8,2597.9027208048183,2558.682352194248,1.2878255766815006,1530.113104482223,3848.3352478096404,2637.8167486602433,-46.18303070840193,3
Los Feliz,2023-09-30,2608.529608050985,319.0,0.53217301284334,90532.0,0.797,0,9,2591.6337179518414,2565.5568318730934,1.6749882771654567,1530.113104482223,3848.3352478096404,2657.5332570152023,-49.003648964217064,3
Los Feliz,2023-10-31,2595.3139949640517,340.0,0.859197760293462,90532.0,0.797,0,10,2608.529608050985,2540.7696176875575,2.1467659600769684,1530.113104482223,3848.3352478096404,2660.321442441606,-65.00744747755425,3
Los Feliz,2023-11-30,2610.6073048993353,326.0,0.5695142378559392,90532.0,0.797,0,11,2595.3139949640517,2517.5514637044394,3.696283573006665,1530.113104482223,3848.3352478096404,2653.1420339704496,-42.53472907111427,3
Los Feliz,2023-12-31,2596.0865850751757,312.0,0.420354684178803,90532.0,0.797,0,12,2610.6073048993353,2501.594254903753,3.777284425169825,1530.113104482223,3848.3352478096404,2672.33559238176,-76.24900730658419,3
Los Feliz,2024-01-31,2599.62281838632,323.0,-1.123098551502988,90532.0,0.797,0,1,2596.0865850751757,2507.984263166673,3.653872815929904,1530.113104482223,3915.910957349003,2667.2963960810744,-67.67357769475439,4
Los Feliz,2024-02-29,2586.366457177294,310.0,0.2044859096427709,90532.0,0.797,0,2,2599.62281838632,2511.0169770335815,3.000755503960284,1530.113104482223,3915.910957349003,2686.940801714923,-100.57434453762926,4
Los Feliz,2024-03-31,2586.897425190865,309.0,0.1004400229577262,90532.0,0.797,0,3,2586.366457177294,2555.429010714475,1.2314337179568646,1530.113104482223,3915.910957349003,2686.234374622114,-99.3369494312492,4
Los Feliz,2024-04-30,2586.2588313910933,300.0,-0.0525586506760933,90532.0,0.797,0,4,2586.897425190865,2565.768516837494,0.7986033977396723,1530.113104482223,3915.910957349003,2687.2528825918175,-100.99405120072424,4
Los Feliz,2024-05-31,2614.9950263181336,296.0,0.1099531503967909,90532.0,0.797,0,5,2586.2588313910933,2586.847848155164,1.088087889786138,1530.113104482223,3915.910957349003,2704.286998444427,-89.29197212629333,4
Los Feliz,2024-06-30,2636.9070097739395,303.0,-0.6287506168123125,90532.0,0.797,0,6,2614.9950263181336,2576.2533385893953,2.3543364418405544,1530.113104482223,3915.910957349003,2721.9606751240244,-85.05366535008488,4
Los Feliz,2024-07-31,2647.966126561565,298.0,-0.2899340039725806,90532.0,0.797,0,7,2636.9070097739395,2597.9027208048183,1.9270700690916296,1530.113104482223,3915.910957349003,2732.620668799266,-84.65454223770075,4
Los Feliz,2024-08-31,2641.7265019528045,305.0,0.2811380468135116,90532.0,0.797,0,8,2647.966126561565,2591.6337179518414,1.932865113383042,1530.113104482223,3915.910957349003,2746.3425434940295,-104.61604154122506,4
Los Feliz,2024-09-30,2646.9036834055723,294.0,0.437345807567846,90532.0,0.797,0,9,2641.7265019528045,2608.529608050985,1.4710998577953216,1530.113104482223,3915.910957349003,2761.5264937122824,-114.62281030671011,4
Los Feliz,2024-10-31,2644.987952064643,307.0,1.4371161974639168,90532.0,0.797,0,10,2646.9036834055723,2595.3139949640517,1.9139864076939792,1530.113104482223,3915.910957349003,2763.666042026135,-118.67808996149188,4
Los Feliz,2024-11-30,2625.3015136495055,300.0,0.5173281338448854,90532.0,0.797,0,11,2644.987952064643,2610.6073048993353,0.5628655341074706,1530.113104482223,3915.910957349003,2758.9759086722584,-133.67439502275283,4
Los Feliz,2024-12-31,2618.3260632485167,289.0,-0.5756746186937889,90532.0,0.797,0,12,2625.3015136495055,2596.0865850751757,0.8566539460276523,1530.113104482223,3915.910957349003,2773.3547985348296,-155.0287352863129,4
Los Feliz,2025-01-31,2640.738958853258,285.0,-2.0957565649731724,90532.0,0.797,0,1,2618.3260632485167,2599.62281838632,1.5816194632596758,1530.113104482223,3971.9491898423476,2723.1688589293562,-82.42990007609842,5
Los Feliz,2025-02-28,2663.7337536056752,269.0,0.6219365206910465,90532.0,0.797,0,2,2640.738958853258,2586.366457177294,2.9913509051930243,1530.113104482223,3971.9491898423476,2737.9818070128495,-74.24805340717421,5
Los Feliz,2025-03-31,2646.345207023765,288.0,0.0734683447262574,90532.0,0.797,0,3,2663.7337536056752,2586.897425190865,2.2980339790053206,1530.113104482223,3971.9491898423476,2735.3214927687736,-88.97628574500868,5
Los Feliz,2025-04-30,2632.186077454411,271.0,0.7261642567589099,90532.0,0.797,0,4,2646.345207023765,2586.2588313910933,1.775817853413164,1530.113104482223,3971.9491898423476,2736.604751033064,-104.41867357865294,5
Los Feliz,2025-05-31,2659.8119943751085,275.0,0.1980574525058287,90532.0,0.797,0,5,2632.186077454411,2614.9950263181336,1.7138452504086077,1530.113104482223,3971.9491898423476,2755.4180708382196,-95.6060764631111,5
Los Feliz,2025-06-30,2688.510503688723,281.0,-0.814383756602044,90532.0,0.797,0,6,2659.8119943751085,2636.9070097739395,1.95697056147639,1530.113104482223,3971.9491898423476,2774.4075803926294,-85.89707670390635,5
Los Feliz,2025-07-31,2698.444301408787,288.0,-0.787589879310624,90532.0,0.797,0,7,2688.510503688723,2647.966126561565,1.906299870715067,1530.113104482223,3971.9491898423476,2783.969552313854,-85.52525090506697,5
Los Feliz,2025-08-31,2682.9277944994715,280.0,0.4499509874817287,90532.0,0.797,0,8,2698.444301408787,2641.7265019528045,1.5596350536745796,1530.113104482223,3971.9491898423476,2794.6157878361732,-111.68799333670177,5
Los Feliz,2025-09-30,2687.186537518142,254.0,0.0159976963317376,90532.0,0.797,0,9,2682.9277944994715,2646.9036834055723,1.5218859063560908,1530.113104482223,3971.9491898423476,2807.336306889353,-120.14976937121128,5
Los Feliz,2025-10-31,2678.5400926621446,273.0,1.0332858810921497,90532.0,0.797,0,10,2687.186537518142,2644.987952064643,1.2685177099317713,1530.113104482223,3971.9491898423476,2808.0847167625725,-129.54462410042788,5
Los Feliz,2025-11-30,2673.3064631526345,273.0,0.3467109950130442,90532.0,0.797,0,11,2678.5400926621446,2625.3015136495055,1.828549949540692,1530.113104482223,3971.9491898423476,2801.0864404355457,-127.7799772829112,5
Los Feliz,2025-12-31,2668.794811201853,278.0,-0.0110437965417098,90532.0,0.797,0,12,2673.3064631526345,2618.3260632485167,1.9275195958871727,1530.113104482223,3971.9491898423476,2810.669216241571,-141.8744050397181,5
Mar Vista,2022-01-31,2810.264665185173,379.0,-2.264157050607707,100344.0,0.6328,0,1,2792.2894707872147,2534.8103110428992,10.866862618565843,1774.3672177300293,4188.434206180822,2669.4636227897445,140.80104239542834,2
Mar Vista,2022-02-28,2851.5731276392826,387.0,1.5731081304851902,100344.0,0.6328,0,2,2810.264665185173,2542.180562041687,12.170361547769629,1774.3672177300293,4188.434206180822,2675.3195240961013,176.25360354318127,2
Mar Vista,2022-03-31,2860.791509356669,429.0,0.283664819041407,100344.0,0.6328,0,3,2851.5731276392826,2550.349029333856,12.172548794385984,1774.3672177300293,4188.434206180822,2684.9380524557173,175.85345690095164,2
Mar Vista,2022-04-30,2898.2476321220697,436.0,0.6047403843027821,100344.0,0.6328,0,4,2860.791509356669,2551.13920112829,13.606016905712725,1774.3672177300293,4188.434206180822,2679.7004439363213,218.54718818574838,2
Mar Vista,2022-05-31,2943.746333017937,488.0,0.252076398539236,100344.0,0.6328,0,5,2898.2476321220697,2579.2440351083733,14.132136895462398,1774.3672177300293,4188.434206180822,2669.8913098764933,273.8550231414438,2
Mar Vista,2022-06-30,2955.5890244779644,538.0,-0.1128267947519412,100344.0,0.6328,0,6,2943.746333017937,2592.23957595559,14.016815879698562,1774.3672177300293,4188.434206180822,2678.615232307059,276.9737921709052,2
Mar Vista,2022-07-31,2986.839400563588,546.0,-0.4437487897760328,100344.0,0.6328,0,7,2955.5890244779644,2642.257507463933,13.041192697012647,1774.3672177300293,4188.434206180822,2699.1763427509463,287.66305781264145,2
Mar Vista,2022-08-31,3011.1169751211633,562.0,0.3338898163605996,100344.0,0.6328,0,8,2986.839400563588,2668.546117972655,12.837359446077931,1774.3672177300293,4188.434206180822,2706.326071751941,304.7909033692222,2
Mar Vista,2022-09-30,3038.3039399081763,529.0,0.4539359966398981,100344.0,0.6328,0,9,3011.1169751211633,2715.032639148558,11.906718766408542,1774.3672177300293,4188.434206180822,2702.1847322755234,336.1192076326529,2
Mar Vista,2022-10-31,3026.311018371349,548.0,0.8603499292422434,100344.0,0.6328,0,10,3038.3039399081763,2738.6312757255946,10.504508043695449,1774.3672177300293,4188.434206180822,2705.4775570076013,320.8334613637476,2
Mar Vista,2022-11-30,2999.6136440599253,511.0,0.534128414037216,100344.0,0.6328,0,11,3026.311018371349,2749.1176011341045,9.11187076254878,1774.3672177300293,4188.434206180822,2712.9484991116224,286.6651449483029,2
Mar Vista,2022-12-31,2982.3438177651196,454.0,0.0301329019570584,100344.0,0.6328,0,12,2999.6136440599253,2792.2894707872147,6.806398439926942,1774.3672177300293,4188.434206180822,2709.839772861646,272.50404490347364,2
Mar Vista,2023-01-31,2999.601077514034,441.0,-2.199039208536135,107786.0,0.6141,0,1,2982.3438177651196,2810.264665185173,6.737316049781583,1774.3672177300293,4557.455909862265,2993.801974024164,5.799103489870049,3
Mar Vista,2023-02-28,3035.0483691277955,418.0,0.5495574360470767,107786.0,0.6141,0,2,2999.601077514034,2851.5731276392826,6.434176269587932,1774.3672177300293,4557.455909862265,3030.2459111116214,4.802458016174114,3
Mar Vista,2023-03-31,3052.5016673500977,406.0,0.0225715437323525,107786.0,0.6141,0,3,3035.0483691277955,2860.791509356669,6.701297783022997,1774.3672177300293,4557.455909862265,3042.059443484754,10.442223865343749,3
Mar Vista,2023-04-30,3043.3338992979607,390.0,0.1144441399764772,107786.0,0.6141,0,4,3052.5016673500977,2898.2476321220697,5.005999679525663,1774.3672177300293,4557.455909862265,3043.8477278425294,-0.5138285445686961,3
Mar Vista,2023-05-31,3020.869549296969,398.0,0.4685235871840332,107786.0,0.6141,0,5,3043.3338992979607,2943.746333017937,2.6199002072289757,1774.3672177300293,4557.455909862265,3057.305254834161,-36.43570553719201,3
Mar Vista,2023-06-30,3029.230329532478,431.0,-0.3124949920674358,107786.0,0.6141,0,6,3020.869549296969,2955.5890244779644,2.49159488834958,1774.3672177300293,4557.455909862265,3075.456693152952,-46.226363620473876,3
Mar Vista,2023-07-31,3044.883950112654,467.0,-0.8938044561617953,107786.0,0.6141,0,7,3029.230329532478,2986.839400563588,1.9433435067889528,1774.3672177300293,4557.455909862265,3090.930082714174,-46.046132601520185,3
Mar Vista,2023-08-31,3055.5356806030477,500.0,0.2789943227899494,107786.0,0.6141,0,8,3044.883950112654,3011.1169751211633,1.4751570878476672,1774.3672177300293,4557.455909862265,3108.2159751760923,-52.68029457304465,3
Mar Vista,2023-09-30,3065.793876545469,504.0,0.53217301284334,107786.0,0.6141,0,9,3055.5356806030477,3038.3039399081763,0.904779020828439,1774.3672177300293,4557.455909862265,3121.5267727765467,-55.732896231077575,3
Mar Vista,2023-10-31,3073.7409066311134,533.0,0.859197760293462,107786.0,0.6141,0,10,3065.793876545469,3026.311018371349,1.5672509524579326,1774.3672177300293,4557.455909862265,3116.54437818437,-42.80347155325671,3
Mar Vista,2023-11-30,3060.562410395754,542.0,0.5695142378559392,107786.0,0.6141,0,11,3073.7409066311134,2999.6136440599253,2.031887221760176,1774.3672177300293,4557.455909862265,3105.2436063835958,-44.681195987841875,3
Mar Vista,2023-12-31,3044.195883748184,525.0,0.420354684178803,107786.0,0.6141,0,12,3060.562410395754,2982.3438177651196,2.073941495766718,1774.3672177300293,4557.455909862265,3121.6964462108535,-77.50056246266968,3
Mar Vista,2024-01-31,3028.84963064393,499.0,-1.123098551502988,107786.0,0.6141,0,1,3044.195883748184,2999.601077514034,0.9750814316327848,1774.3672177300293,4610.61135994667,3140.153581604151,-111.30395096022085,4
Mar Vista,2024-02-29,3043.11336266875,475.0,0.2044859096427709,107786.0,0.6141,0,2,3028.84963064393,3035.0483691277955,0.2657286659082825,1774.3672177300293,4610.61135994667,3183.226444439612,-140.11308177086175,4
Mar Vista,2024-03-31,3072.941720462444,464.0,0.1004400229577262,107786.0,0.6141,0,3,3043.11336266875,3052.5016673500977,0.6696164438164232,1774.3672177300293,4610.61135994667,3195.2595428294185,-122.31782236697427,4
Mar Vista,2024-04-30,3090.6562238018896,425.0,-0.0525586506760933,107786.0,0.6141,0,4,3072.941720462444,3043.3338992979607,1.554950132643862,1774.3672177300293,4610.61135994667,3191.4066671444484,-100.75044334255881,4
Mar Vista,2024-05-31,3096.144923780874,403.0,0.1099531503967909,107786.0,0.6141,0,5,3090.6562238018896,3020.869549296969,2.4918445916151333,1774.3672177300293,4610.61135994667,3199.0991739188757,-102.95425013800195,4
Mar Vista,2024-06-30,3075.258898073624,428.0,-0.6287506168123125,107786.0,0.6141,0,6,3096.144923780874,3029.230329532478,1.5194806447170972,1774.3672177300293,4610.61135994667,3214.8223867981783,-139.5634887245542,4
Mar Vista,2024-07-31,3061.835781976234,433.0,-0.2899340039725806,107786.0,0.6141,0,7,3075.258898073624,3044.883950112654,0.5567316239738052,1774.3672177300293,4610.61135994667,3228.8798202325415,-167.04403825630743,4
Mar Vista,2024-08-31,3058.02000213755,438.0,0.2811380468135116,107786.0,0.6141,0,8,3061.835781976234,3055.5356806030477,0.0813055972565868,1774.3672177300293,4610.61135994667,3245.0919735954008,-187.07197145785085,4
Mar Vista,2024-09-30,3072.244609467607,448.0,0.437345807567846,107786.0,0.6141,0,9,3058.02000213755,3065.793876545469,0.2104098703924029,1774.3672177300293,4610.61135994667,3259.1246635263255,-186.88005405871854,4
Mar Vista,2024-10-31,3077.595811723638,466.0,1.4371161974639168,107786.0,0.6141,0,10,3072.244609467607,3073.7409066311134,0.1254141194597213,1774.3672177300293,4610.61135994667,3255.051952512672,-177.45614078903418,4
Mar Vista,2024-11-30,3079.1257836344193,457.0,0.5173281338448854,107786.0,0.6141,0,11,3077.595811723638,3060.562410395754,0.6065347066804394,1774.3672177300293,4610.61135994667,3242.153960979245,-163.0281773448255,4
Mar Vista,2024-12-31,3055.5557363869034,445.0,-0.5756746186937889,107786.0,0.6141,0,12,3079.1257836344193,3044.195883748184,0.3731643124335493,1774.3672177300293,4610.61135994667,3257.100183109441,-201.5444467225375,4
Mar Vista,2025-01-31,3068.8955474498516,444.0,-2.0957565649731724,107786.0,0.6141,0,1,3055.5557363869034,3028.84963064393,1.3221493863796674,1774.3672177300293,4644.217385671311,3190.2379565136725,-121.34240906382092,5
Mar Vista,2025-02-28,3094.51002537014,429.0,0.6219365206910465,107786.0,0.6141,0,2,3068.8955474498516,3043.11336266875,1.6889499856264312,1774.3672177300293,4644.217385671311,3225.765437028607,-131.25541165846698,5
Mar Vista,2025-03-31,3164.284718363292,435.0,0.0734683447262574,107786.0,0.6141,0,3,3094.51002537014,3072.941720462444,2.9724936627532728,1774.3672177300293,4644.217385671311,3241.3277777735793,-77.04305941028724,5
Mar Vista,2025-04-30,3168.3196594630526,449.0,0.7261642567589099,107786.0,0.6141,0,4,3164.284718363292,3090.6562238018896,2.5128461413164604,1774.3672177300293,4644.217385671311,3242.197683819593,-73.87802435654021,5
Mar Vista,2025-05-31,3182.365004293344,453.0,0.1980574525058287,107786.0,0.6141,0,5,3168.3196594630526,3096.144923780874,2.7847559670166167,1774.3672177300293,4644.217385671311,3248.025928288621,-65.66092399527679,5
Mar Vista,2025-06-30,3149.6986505372124,467.0,-0.814383756602044,107786.0,0.6141,0,6,3182.365004293344,3075.258898073624,2.420601156872304,1774.3672177300293,4644.217385671311,3257.3726329030615,-107.67398236584904,5
Mar Vista,2025-07-31,3167.675447670227,476.0,-0.787589879310624,107786.0,0.6141,0,7,3149.6986505372124,3061.835781976234,3.456738807385684,1774.3672177300293,4644.217385671311,3265.266705408895,-97.59125773866799,5
Mar Vista,2025-08-31,3153.2868491871836,509.0,0.4499509874817287,107786.0,0.6141,0,8,3167.675447670227,3058.02000213755,3.115311442797708,1774.3672177300293,4644.217385671311,3277.4880997569444,-124.20125056976076,5
Mar Vista,2025-09-30,3187.681908201884,517.0,0.0159976963317376,107786.0,0.6141,0,9,3153.2868491871836,3072.244609467607,3.75742538138204,1774.3672177300293,4644.217385671311,3290.9147318293044,-103.2328236274202,5
Mar Vista,2025-10-31,3179.274286039494,532.0,1.0332858810921497,107786.0,0.6141,0,10,3187.681908201884,3077.595811723638,3.3038280702270217,1774.3672177300293,4644.217385671311,3290.0180066710423,-110.74372063154806,5
Mar Vista,2025-11-30,3177.675953565589,539.0,0.3467109950130442,107786.0,0.6141,0,11,3179.274286039494,3079.1257836344193,3.200589285925415,1774.3672177300293,4644.217385671311,3278.401298320246,-100.72534475465682,5
Mar Vista,2025-12-31,3130.157423982606,520.0,-0.0110437965417098,107786.0,0.6141,0,12,3177.675953565589,3055.5557363869034,2.441509631367955,1774.3672177300293,4644.217385671311,3285.7547693420206,-155.5973453594147,5
Mid-Wilshire,2022-01-31,2715.14796657889,134.0,-2.264157050607707,97583.0,0.8524,0,1,2709.652929050393,2329.868556700645,16.53652987290597,1610.283060384487,4064.4793935755897,2590.6661365155346,124.48183006335557,2
Mid-Wilshire,2022-02-28,2747.6569782700676,152.0,1.5731081304851902,97583.0,0.8524,0,2,2715.14796657889,2342.626348546032,17.289595926188596,1610.283060384487,4064.4793935755897,2607.2381801741726,140.418798095895,2
Mid-Wilshire,2022-03-31,2772.5945178377165,176.0,0.283664819041407,97583.0,0.8524,0,3,2747.6569782700676,2375.935604135789,16.694851199311266,1610.283060384487,4064.4793935755897,2603.816298277504,168.77821956021262,2
Mid-Wilshire,2022-04-30,2814.0379061049925,168.0,0.6047403843027821,97583.0,0.8524,0,4,2772.5945178377165,2396.958578174937,17.400356089908865,1610.283060384487,4064.4793935755897,2589.5034978376807,224.53440826731185,2
Mid-Wilshire,2022-05-31,2827.6478065754613,176.0,0.252076398539236,97583.0,0.8524,0,5,2814.0379061049925,2442.09680084637,15.787703648580552,1610.283060384487,4064.4793935755897,2585.7453753097175,241.90243126574387,2
Mid-Wilshire,2022-06-30,2839.391424109584,178.0,-0.1128267947519412,97583.0,0.8524,0,6,2827.6478065754613,2479.8856988237253,14.496866748994996,1610.283060384487,4064.4793935755897,2602.1279786250584,237.26344548452562,2
Mid-Wilshire,2022-07-31,2854.120706035129,196.0,-0.4437487897760328,97583.0,0.8524,0,7,2839.391424109584,2541.796272724687,12.287547851962376,1610.283060384487,4064.4793935755897,2630.006004190223,224.114701844906,2
Mid-Wilshire,2022-08-31,2875.0062926265005,209.0,0.3338898163605996,97583.0,0.8524,0,8,2854.120706035129,2587.5056396836535,11.11111212797189,1610.283060384487,4064.4793935755897,2651.4697902631797,223.53650236332078,2
Mid-Wilshire,2022-09-30,2873.829744997573,204.0,0.4539359966398981,97583.0,0.8524,0,9,2875.0062926265005,2646.798290724244,8.577588064378205,1610.283060384487,4064.4793935755897,2656.30764398587,217.52210101170294,2
Mid-Wilshire,2022-10-31,2859.3778884273615,215.0,0.8603499292422434,97583.0,0.8524,0,10,2873.829744997573,2678.222556519472,6.764013373978628,1610.283060384487,4064.4793935755897,2649.5970065449333,209.78088188242828,2
Mid-Wilshire,2022-11-30,2869.6676276014127,216.0,0.534128414037216,97583.0,0.8524,0,11,2859.3778884273615,2693.6094128376003,6.5361449185887155,1610.283060384487,4064.4793935755897,2647.878284733628,221.78934286778485,2
Mid-Wilshire,2022-12-31,2894.2793145473634,225.0,0.0301329019570584,97583.0,0.8524,0,12,2869.6676276014127,2709.652929050393,6.813654380514089,1610.283060384487,4064.4793935755897,2664.4059494992866,229.87336504807672,2
Mid-Wilshire,2023-01-31,2893.07647300204,218.0,-2.199039208536135,102877.0,0.8661,0,1,2894.2793145473634,2715.14796657889,6.553179002149978,1610.283060384487,4341.4189718210455,2982.2663137880145,-89.18984078597441,3
Mid-Wilshire,2023-02-28,2881.975091240094,190.0,0.5495574360470767,102877.0,0.8661,0,2,2893.07647300204,2747.6569782700676,4.888460023659635,1610.283060384487,4341.4189718210455,3025.736086880161,-143.760995640067,3
Mid-Wilshire,2023-03-31,2861.1299663571517,196.0,0.0225715437323525,102877.0,0.8661,0,3,2881.975091240094,2772.5945178377165,3.1932346381641885,1610.283060384487,4341.4189718210455,3044.3431686337026,-183.21320227655087,3
Mid-Wilshire,2023-04-30,2866.8750978383523,198.0,0.1144441399764772,102877.0,0.8661,0,4,2861.1299663571517,2814.0379061049925,1.877628997773284,1610.283060384487,4341.4189718210455,3051.261679023219,-184.38658118486683,3
Mid-Wilshire,2023-05-31,2850.2922341068515,205.0,0.4685235871840332,102877.0,0.8661,0,5,2866.8750978383523,2827.6478065754613,0.8008220641457786,1610.283060384487,4341.4189718210455,3067.399564018864,-217.10732991201257,3
Mid-Wilshire,2023-06-30,2846.6095615748677,212.0,-0.3124949920674358,102877.0,0.8661,0,6,2850.2922341068515,2839.391424109584,0.2542142447847784,1610.283060384487,4341.4189718210455,3092.5491535432952,-245.93959196842752,3
Mid-Wilshire,2023-07-31,2833.9488197921487,214.0,-0.8938044561617953,102877.0,0.8661,0,7,2846.6095615748677,2854.120706035129,-0.7067635997428656,1610.283060384487,4341.4189718210455,3123.205583661129,-289.2567638689802,3
Mid-Wilshire,2023-08-31,2840.9211732273193,229.0,0.2789943227899494,102877.0,0.8661,0,8,2833.9488197921487,2875.0062926265005,-1.185566775509295,1610.283060384487,4341.4189718210455,3153.02636730894,-312.10519408162054,3
Mid-Wilshire,2023-09-30,2841.0683031431067,227.0,0.53217301284334,102877.0,0.8661,0,9,2840.9211732273193,2873.829744997573,-1.1399924408011186,1610.283060384487,4341.4189718210455,3168.7630245560695,-327.69472141296274,3
Mid-Wilshire,2023-10-31,2829.446067438184,224.0,0.859197760293462,102877.0,0.8661,0,10,2841.0683031431067,2859.3778884273615,-1.046794867873857,1610.283060384487,4341.4189718210455,3167.052888542313,-337.60682110412927,3
Mid-Wilshire,2023-11-30,2795.3758405046856,229.0,0.5695142378559392,102877.0,0.8661,0,11,2829.446067438184,2869.6676276014127,-2.588863824582477,1610.283060384487,4341.4189718210455,3171.0586118625833,-375.68277135789776,3
Mid-Wilshire,2023-12-31,2751.970723808199,224.0,0.420354684178803,102877.0,0.8661,0,12,2795.3758405046856,2894.2793145473634,-4.916892092061953,1610.283060384487,4341.4189718210455,3209.108903752442,-457.1381799442429,3
Mid-Wilshire,2024-01-31,2749.2909890534797,229.0,-1.123098551502988,102877.0,0.8661,0,1,2751.970723808199,2893.07647300204,-4.969985594586079,1610.283060384487,4341.4189718210455,2998.180337685029,-248.88934863154918,4
Mid-Wilshire,2024-02-29,2758.5472707247563,216.0,0.2044859096427709,102877.0,0.8661,0,2,2749.2909890534797,2881.975091240094,-4.282751120594441,1610.283060384487,4341.4189718210455,3039.4457330561354,-280.89846233137905,4
Mid-Wilshire,2024-03-31,2784.7550325929424,206.0,0.1004400229577262,102877.0,0.8661,0,3,2758.5472707247563,2861.1299663571517,-2.6693975688721117,1610.283060384487,4341.4189718210455,3037.4818651622377,-252.7268325692953,4
Mid-Wilshire,2024-04-30,2792.464097853209,206.0,-0.0525586506760933,102877.0,0.8661,0,4,2784.7550325929424,2866.8750978383523,-2.5955438393967745,1610.283060384487,4341.4189718210455,3029.406105692144,-236.9420078389353,4
Mid-Wilshire,2024-05-31,2799.970081530058,214.0,0.1099531503967909,102877.0,0.8661,0,5,2792.464097853209,2850.2922341068515,-1.7655085318843522,1610.283060384487,4341.4189718210455,3039.010482863609,-239.04040133355102,4
Mid-Wilshire,2024-06-30,2822.6689712229986,201.0,-0.6287506168123125,102877.0,0.8661,0,6,2799.970081530058,2846.6095615748677,-0.8410212160821939,1610.283060384487,4341.4189718210455,3050.307178578322,-227.63820735532317,4
Mid-Wilshire,2024-07-31,2841.549440738074,214.0,-0.2899340039725806,102877.0,0.8661,0,7,2822.6689712229986,2833.9488197921487,0.2681989488604319,1610.283060384487,4341.4189718210455,3059.4137702704493,-217.86432953237545,4
Mid-Wilshire,2024-08-31,2852.88730200072,252.0,0.2811380468135116,102877.0,0.8661,0,8,2841.549440738074,2840.9211732273193,0.4212059414449465,1610.283060384487,4341.4189718210455,3077.8970734803434,-225.0097714796234,4
Mid-Wilshire,2024-09-30,2823.084700872034,275.0,0.437345807567846,102877.0,0.8661,0,9,2852.88730200072,2841.0683031431067,-0.6329873256189389,1610.283060384487,4341.4189718210455,3089.412210515699,-266.32750964366505,4
Mid-Wilshire,2024-10-31,2830.914875910445,296.0,1.4371161974639168,102877.0,0.8661,0,10,2823.084700872034,2829.446067438184,0.0519115203913678,1610.283060384487,4341.4189718210455,3072.2576961621576,-241.3428202517125,4
Mid-Wilshire,2024-11-30,2817.702203953145,295.0,0.5173281338448854,102877.0,0.8661,0,11,2830.914875910445,2795.3758405046856,0.7986891467312907,1610.283060384487,4341.4189718210455,3056.6369564992424,-238.93475254609757,4
Mid-Wilshire,2024-12-31,2850.7311139703916,305.0,-0.5756746186937889,102877.0,0.8661,0,12,2817.702203953145,2751.970723808199,3.588715145396848,1610.283060384487,4341.4189718210455,3092.012699194091,-241.2815852236995,4
Mid-Wilshire,2025-01-31,2861.63916809483,299.0,-2.0957565649731724,102877.0,0.8661,0,1,2850.7311139703916,2749.2909890534797,4.086441904064486,1610.283060384487,4341.4189718210455,2969.244041290836,-107.60487319600588,5
Mid-Wilshire,2025-02-28,2901.6589824887164,279.0,0.6219365206910465,102877.0,0.8661,0,2,2861.63916809483,2758.5472707247563,5.187937625094974,1610.283060384487,4341.4189718210455,2992.365102124978,-90.70611963626152,5
Mid-Wilshire,2025-03-31,2909.1650213377548,265.0,0.0734683447262574,102877.0,0.8661,0,3,2901.6589824887164,2784.7550325929424,4.467537980494174,1610.283060384487,4341.4189718210455,2996.7683154223514,-87.60329408459666,5
Mid-Wilshire,2025-04-30,2881.339358487048,254.0,0.7261642567589099,102877.0,0.8661,0,4,2909.1650213377548,2792.464097853209,3.182682302063067,1610.283060384487,4341.4189718210455,2995.4459348859455,-114.10657639889769,5
Mid-Wilshire,2025-05-31,2839.7338430122145,246.0,0.1980574525058287,102877.0,0.8661,0,5,2881.339358487048,2799.970081530058,1.4201495131843431,1610.283060384487,4341.4189718210455,3001.606847145011,-161.87300413279672,5
Mid-Wilshire,2025-06-30,2831.06521447498,250.0,-0.814383756602044,102877.0,0.8661,0,6,2839.7338430122145,2822.6689712229986,0.2974575955445369,1610.283060384487,4341.4189718210455,3013.1885012501975,-182.12328677521737,5
Mid-Wilshire,2025-07-31,2850.9306839450674,246.0,-0.787589879310624,102877.0,0.8661,0,7,2831.06521447498,2841.549440738074,0.3301453450887948,1610.283060384487,4341.4189718210455,3028.0339147117174,-177.10323076665009,5
Mid-Wilshire,2025-08-31,2869.4986132962135,243.0,0.4499509874817287,102877.0,0.8661,0,8,2850.9306839450674,2852.88730200072,0.5822631438628489,1610.283060384487,4341.4189718210455,3042.646301353031,-173.14768805681751,5
Mid-Wilshire,2025-09-30,2855.3977248287315,233.0,0.0159976963317376,102877.0,0.8661,0,9,2869.4986132962135,2823.084700872034,1.1445998749777695,1610.283060384487,4341.4189718210455,3045.4823556196743,-190.0846307909428,5
Mid-Wilshire,2025-10-31,2840.689177968033,216.0,1.0332858810921497,102877.0,0.8661,0,10,2855.3977248287315,2830.914875910445,0.3452700800282704,1610.283060384487,4341.4189718210455,3032.443938691689,-191.75476072365564,5
Mid-Wilshire,2025-11-30,2819.0813081645774,212.0,0.3467109950130442,102877.0,0.8661,0,11,2840.689177968033,2817.702203953145,0.0489442855067467,1610.283060384487,4341.4189718210455,3024.3127899509827,-205.2314817864053,5
Mid-Wilshire,2025-12-31,2822.822514780627,203.0,-0.0110437965417098,102877.0,0.8661,0,12,2819.0813081645774,2850.7311139703916,-0.978997950841265,1610.283060384487,4341.4189718210455,3043.700064044348,-220.877549263721,5
Palms,2022-01-31,2396.366444537334,306.0,-2.264157050607707,97511.0,0.7966,0,1,2377.029715020453,2116.099066089444,13.244530132789322,1481.2693462626107,3565.544572530679,2254.966724398836,141.39972013849774,2
Palms,2022-02-28,2409.480910767149,296.0,1.5731081304851902,97511.0,0.7966,0,2,2396.366444537334,2124.441951614716,13.417121561536892,1481.2693462626107,3565.544572530679,2256.8015414134065,152.67936935374246,2
Palms,2022-03-31,2421.6933441234783,325.0,0.283664819041407,97511.0,0.7966,0,3,2409.480910767149,2130.7472252188377,13.65465201414302,1481.2693462626107,3565.544572530679,2259.7572655281706,161.93607859530766,2
Palms,2022-04-30,2433.858890069356,321.0,0.6047403843027821,97511.0,0.7966,0,4,2421.6933441234783,2137.469446048131,13.866371029031832,1481.2693462626107,3565.544572530679,2258.1832156104833,175.6756744588729,2
Palms,2022-05-31,2468.036971783568,364.0,0.252076398539236,97511.0,0.7966,0,5,2433.858890069356,2160.7016652060156,14.223865863881247,1481.2693462626107,3565.544572530679,2261.3477528731382,206.68921891042964,2
Palms,2022-06-30,2508.8123755433603,385.0,-0.1128267947519412,97511.0,0.7966,0,6,2468.036971783568,2197.279035882266,14.178141900671504,1481.2693462626107,3565.544572530679,2276.6505006876805,232.1618748556798,2
Palms,2022-07-31,2546.2517657957737,378.0,-0.4437487897760328,97511.0,0.7966,0,7,2508.8123755433603,2228.692690288585,14.248670392779438,1481.2693462626107,3565.544572530679,2296.212136063082,250.03962973269154,2
Palms,2022-08-31,2572.246813081917,398.0,0.3338898163605996,97511.0,0.7966,0,8,2546.2517657957737,2274.820353850855,13.074722965599172,1481.2693462626107,3565.544572530679,2307.234267614409,265.01254546750806,2
Palms,2022-09-30,2584.487796596936,366.0,0.4539359966398981,97511.0,0.7966,0,9,2572.246813081917,2300.500871257461,12.34456934520729,1481.2693462626107,3565.544572530679,2310.1719485187737,274.31584807816216,2
Palms,2022-10-31,2591.575022133839,370.0,0.8603499292422434,97511.0,0.7966,0,10,2584.487796596936,2340.526198183922,10.7261702152581,1481.2693462626107,3565.544572530679,2309.3358747451884,282.2391473886505,2
Palms,2022-11-30,2587.9828174412,339.0,0.534128414037216,97511.0,0.7966,0,11,2591.575022133839,2352.639792025845,10.003359894406216,1481.2693462626107,3565.544572530679,2302.32576500561,285.65705243559023,2
Palms,2022-12-31,2567.8905269382044,327.0,0.0301329019570584,97511.0,0.7966,0,12,2587.9828174412,2377.029715020453,8.02938266659865,1481.2693462626107,3565.544572530679,2289.5750045306463,278.3155224075581,2
Palms,2023-01-31,2563.0930671789192,314.0,-2.199039208536135,103082.0,0.7935,0,1,2567.8905269382044,2396.366444537334,6.957476099769688,1481.2693462626107,3887.3625332007587,2533.551654001922,29.54141317699714,3
Palms,2023-02-28,2561.92035439218,294.0,0.5495574360470767,103082.0,0.7935,0,2,2563.0930671789192,2409.480910767149,6.326650812788381,1481.2693462626107,3887.3625332007587,2557.345912378394,4.574442013785756,3
Palms,2023-03-31,2596.060453667148,302.0,0.0225715437323525,103082.0,0.7935,0,3,2561.92035439218,2421.6933441234783,7.20021426192512,1481.2693462626107,3887.3625332007587,2561.533851273603,34.52660239354509,3
Palms,2023-04-30,2595.6141657427797,311.0,0.1144441399764772,103082.0,0.7935,0,4,2596.060453667148,2433.858890069356,6.646041655636581,1481.2693462626107,3887.3625332007587,2560.887792903409,34.726372839370924,3
Palms,2023-05-31,2605.757484951191,322.0,0.4685235871840332,103082.0,0.7935,0,5,2595.6141657427797,2468.036971783568,5.58016410378559,1481.2693462626107,3887.3625332007587,2578.610668959206,27.146815991985022,3
Palms,2023-06-30,2598.216656168955,317.0,-0.3124949920674358,103082.0,0.7935,0,6,2605.757484951191,2508.8123755433603,3.563609678313684,1481.2693462626107,3887.3625332007587,2606.1830148319905,-7.9663586630354075,3
Palms,2023-07-31,2610.4143761262926,323.0,-0.8938044561617953,103082.0,0.7935,0,7,2598.216656168955,2546.2517657957737,2.519884765223379,1481.2693462626107,3887.3625332007587,2628.3829275158555,-17.96855138956289,3
Palms,2023-08-31,2612.0822177618443,338.0,0.2789943227899494,103082.0,0.7935,0,8,2610.4143761262926,2572.246813081917,1.5486618343672376,1481.2693462626107,3887.3625332007587,2645.2627159351546,-33.1804981733103,3
Palms,2023-09-30,2624.335811225057,352.0,0.53217301284334,103082.0,0.7935,0,9,2612.0822177618443,2584.487796596936,1.5418147719865605,1481.2693462626107,3887.3625332007587,2658.145385876518,-33.809574651460935,3
Palms,2023-10-31,2612.880292428429,346.0,0.859197760293462,103082.0,0.7935,0,10,2624.335811225057,2591.575022133839,0.8220973775649343,1481.2693462626107,3887.3625332007587,2656.960039862556,-44.07974743412706,3
Palms,2023-11-30,2597.24039326374,347.0,0.5695142378559392,103082.0,0.7935,0,11,2612.880292428429,2587.9828174412,0.357713960083128,1481.2693462626107,3887.3625332007587,2645.426860455321,-48.18646719158096,3
Palms,2023-12-31,2577.056037231609,328.0,0.420354684178803,103082.0,0.7935,0,12,2597.24039326374,2567.8905269382044,0.3569276103188468,1481.2693462626107,3887.3625332007587,2649.7404585263644,-72.68442129475534,3
Palms,2024-01-31,2572.618985881258,317.0,-1.123098551502988,103082.0,0.7935,0,1,2577.056037231609,2563.0930671789192,0.3716571522244249,1481.2693462626107,3936.5037168375857,2670.295190144465,-97.67620426320673,4
Palms,2024-02-29,2586.7843194346046,296.0,0.2044859096427709,103082.0,0.7935,0,2,2572.618985881258,2561.92035439218,0.9705206096589868,1481.2693462626107,3936.5037168375857,2700.612975335423,-113.82865590081838,4
Palms,2024-03-31,2602.1240086256807,267.0,0.1004400229577262,103082.0,0.7935,0,3,2586.7843194346046,2596.060453667148,0.2335675561779604,1481.2693462626107,3936.5037168375857,2706.332224476045,-104.20821585036447,4
Palms,2024-04-30,2621.0789432948013,257.0,-0.0525586506760933,103082.0,0.7935,0,4,2602.1240086256807,2595.6141657427797,0.9810694473820104,1481.2693462626107,3936.5037168375857,2706.5580582755774,-85.4791149807761,4
Palms,2024-05-31,2620.439461870065,249.0,0.1099531503967909,103082.0,0.7935,0,5,2621.0789432948013,2605.757484951191,0.5634437204408149,1481.2693462626107,3936.5037168375857,2722.966981614341,-102.5275197442761,4
Palms,2024-06-30,2607.418197428363,281.0,-0.6287506168123125,103082.0,0.7935,0,6,2620.439461870065,2598.216656168955,0.3541483439250648,1481.2693462626107,3936.5037168375857,2744.3586446103013,-136.94044718193845,4
Palms,2024-07-31,2614.2635580774536,293.0,-0.2899340039725806,103082.0,0.7935,0,7,2607.418197428363,2610.4143761262926,0.1474548250409491,1481.2693462626107,3936.5037168375857,2759.9289546180544,-145.6653965406008,4
Palms,2024-08-31,2624.8417479169707,304.0,0.2811380468135116,103082.0,0.7935,0,8,2614.2635580774536,2612.0822177618443,0.4884811844115377,1481.2693462626107,3936.5037168375857,2775.667002825938,-150.8252549089675,4
Palms,2024-09-30,2650.1538860286587,323.0,0.437345807567846,103082.0,0.7935,0,9,2624.8417479169707,2624.335811225057,0.9837946307469592,1481.2693462626107,3936.5037168375857,2788.7868420147847,-138.63295598612603,4
Palms,2024-10-31,2640.782730710924,342.0,1.4371161974639168,103082.0,0.7935,0,10,2650.1538860286587,2612.880292428429,1.0678804675189335,1481.2693462626107,3936.5037168375857,2783.4335751968865,-142.65084448596235,4
Palms,2024-11-30,2626.2773836899764,336.0,0.5173281338448854,103082.0,0.7935,0,11,2640.782730710924,2597.24039326374,1.1179939485596924,1481.2693462626107,3936.5037168375857,2768.0766419450515,-141.79925825507507,4
Palms,2024-12-31,2621.119170497035,321.0,-0.5756746186937889,103082.0,0.7935,0,12,2626.2773836899764,2577.056037231609,1.7098244131610318,1481.2693462626107,3936.5037168375857,2776.3538676826433,-155.23469718560818,4
Palms,2025-01-31,2645.1712977098623,319.0,-2.0957565649731724,103082.0,0.7935,0,1,2621.119170497035,2572.618985881258,2.8201732252920886,1481.2693462626107,3975.2308290429883,2716.6679816221304,-71.49668391226805,5
Palms,2025-02-28,2663.1765015767605,308.0,0.6219365206910465,103082.0,0.7935,0,2,2645.1712977098623,2586.7843194346046,2.953171687651679,1481.2693462626107,3975.2308290429883,2740.1046628338313,-76.92816125707077,5
Palms,2025-03-31,2671.230673969042,293.0,0.0734683447262574,103082.0,0.7935,0,3,2663.1765015767605,2602.1240086256807,2.655779091014976,1481.2693462626107,3975.2308290429883,2748.764391571322,-77.53371760227992,5
Palms,2025-04-30,2664.507664924721,279.0,0.7261642567589099,103082.0,0.7935,0,4,2671.230673969042,2621.0789432948013,1.6569024653384945,1481.2693462626107,3975.2308290429883,2752.4643084166332,-87.95664349191202,5
Palms,2025-05-31,2666.0189605552077,288.0,0.1980574525058287,103082.0,0.7935,0,5,2664.507664924721,2620.439461870065,1.739383769339797,1481.2693462626107,3975.2308290429883,2765.0077122303674,-98.98875167515962,5
Palms,2025-06-30,2660.561415608639,288.0,-0.814383756602044,103082.0,0.7935,0,6,2666.0189605552077,2607.418197428363,2.038154762925637,1481.2693462626107,3975.2308290429883,2779.7409188143506,-119.17950320571163,5
Palms,2025-07-31,2662.334645357212,300.0,-0.787589879310624,103082.0,0.7935,0,7,2660.561415608639,2614.2635580774536,1.8388003432641795,1481.2693462626107,3975.2308290429883,2792.67798234303,-130.34333698581804,5
Palms,2025-08-31,2672.344715378664,303.0,0.4499509874817287,103082.0,0.7935,0,8,2662.334645357212,2624.8417479169707,1.809745958947473,1481.2693462626107,3975.2308290429883,2808.917672081437,-136.5729567027729,5
Palms,2025-09-30,2687.5457703996253,317.0,0.0159976963317376,103082.0,0.7935,0,9,2672.344715378664,2650.1538860286587,1.41093257142888,1481.2693462626107,3975.2308290429883,2822.2149863818636,-134.66921598223826,5
Palms,2025-10-31,2689.156238236012,316.0,1.0332858810921497,103082.0,0.7935,0,10,2687.5457703996253,2640.782730710924,1.831786726053952,1481.2693462626107,3975.2308290429883,2817.7538671633506,-128.59762892733852,5
Palms,2025-11-30,2683.5827221991053,307.0,0.3467109950130442,103082.0,0.7935,0,11,2689.156238236012,2626.2773836899764,2.1819987052781764,1481.2693462626107,3975.2308290429883,2802.8225800435584,-119.23985784445313,5
Palms,2025-12-31,2665.558292275097,318.0,-0.0110437965417098,103082.0,0.7935,0,12,2683.5827221991053,2621.119170497035,1.6954254609352626,1481.2693462626107,3975.2308290429883,2805.3528047027075,-139.7945124276107,5
Santa Monica,2022-01-31,3223.886939663373,0.0,-2.264157050607707,109122.45,0.7356,0,1,3218.2599415481673,2930.289566642463,10.019397958588616,2050.7590318093135,4827.389912322251,3088.435074659127,135.45186500424597,2
Santa Monica,2022-02-28,3253.0675864324858,0.0,1.5731081304851902,109122.45,0.7356,0,2,3223.886939663373,2929.655759727591,11.039243284165456,2050.7590318093135,4827.389912322251,3092.805030278072,160.2625561544137,2
Santa Monica,2022-03-31,3297.1193454048102,0.0,0.283664819041407,109122.45,0.7356,0,3,3253.0675864324858,2937.5408275972336,12.24080068707316,2050.7590318093135,4827.389912322251,3098.884458957905,198.23488644690542,2
Santa Monica,2022-04-30,3332.0669763503925,0.0,0.6047403843027821,109122.45,0.7356,0,4,3297.1193454048102,2949.1513636683285,12.983925389498175,2050.7590318093135,4827.389912322251,3092.5497103083717,239.51726604202076,2
Santa Monica,2022-05-31,3353.696575192056,0.0,0.252076398539236,109122.45,0.7356,0,5,3332.0669763503925,2970.6568268763695,12.89410964101334,2050.7590318093135,4827.389912322251,3085.132700523864,268.56387466819206,2
Santa Monica,2022-06-30,3372.39359873373,0.0,-0.1128267947519412,109122.45,0.7356,0,6,3353.696575192056,3001.7621778464836,12.34712808438221,2050.7590318093135,4827.389912322251,3098.563598553041,273.8300001806888,2
Santa Monica,2022-07-31,3390.9774681109516,0.0,-0.4437487897760328,109122.45,0.7356,0,7,3372.39359873373,3069.39666004176,10.477003909452897,2050.7590318093135,4827.389912322251,3130.878813188061,260.09865492289055,2
Santa Monica,2022-08-31,3398.48114179733,0.0,0.3338898163605996,109122.45,0.7356,0,8,3390.9774681109516,3126.280342755957,8.706858285185515,2050.7590318093135,4827.389912322251,3157.5923322700714,240.88880952725867,2
Santa Monica,2022-09-30,3409.419472993901,0.0,0.4539359966398981,109122.45,0.7356,0,9,3398.48114179733,3179.0468459454073,7.246594284771657,2050.7590318093135,4827.389912322251,3166.4904330655168,242.9290399283841,2
Santa Monica,2022-10-31,3425.8007999435613,0.0,0.8603499292422434,109122.45,0.7356,0,10,3409.419472993901,3198.6065002715227,7.102914961648232,2050.7590318093135,4827.389912322251,3163.528700913219,262.27209903034236,2
Santa Monica,2022-11-30,3433.9724923955696,0.0,0.534128414037216,109122.45,0.7356,0,11,3425.8007999435613,3214.650135844409,6.822588688754783,2050.7590318093135,4827.389912322251,3152.7380993691204,281.2343930264492,2
Santa Monica,2022-12-31,3407.3387300432805,0.0,0.0301329019570584,109122.45,0.7356,0,12,3433.9724923955696,3218.2599415481673,5.875186962186629,2050.7590318093135,4827.389912322251,3136.3964742798735,270.94225576340705,2
Santa Monica,2023-01-31,3408.255473742664,0.0,-2.199039208536135,116402.87,0.7337,0,1,3407.3387300432805,3223.886939663373,5.71882753737456,2050.7590318093135,5150.958738593355,3386.8004652015,21.455008541163807,3
Santa Monica,2023-02-28,3432.31939327619,0.0,0.5495574360470767,116402.87,0.7337,0,2,3408.255473742664,3253.0675864324858,5.510239245913828,2050.7590318093135,5150.958738593355,3419.6946526944494,12.624740581740753,3
Santa Monica,2023-03-31,3471.6081299106413,0.0,0.0225715437323525,116402.87,0.7337,0,3,3432.31939327619,3297.1193454048102,5.292158585312223,2050.7590318093135,5150.958738593355,3436.9113132842826,34.69681662635867,3
Santa Monica,2023-04-30,3452.8140255643084,0.0,0.1144441399764772,116402.87,0.7337,0,4,3471.6081299106413,3332.0669763503925,3.623788179257126,2050.7590318093135,5150.958738593355,3438.8045236614053,14.00950190290314,3
Santa Monica,2023-05-31,3433.1126179215867,0.0,0.4685235871840332,116402.87,0.7337,0,5,3452.8140255643084,3353.696575192056,2.3680151423651763,2050.7590318093135,5150.958738593355,3446.8469714987714,-13.73435357718472,3
Santa Monica,2023-06-30,3426.4850249436954,0.0,-0.3124949920674358,116402.87,0.7337,0,6,3433.1126179215867,3372.39359873373,1.6039476006085351,2050.7590318093135,5150.958738593355,3465.8208584427534,-39.335833499058026,3
Santa Monica,2023-07-31,3458.2288386828404,0.0,-0.8938044561617953,116402.87,0.7337,0,7,3426.4850249436954,3390.9774681109516,1.983244394996042,2050.7590318093135,5150.958738593355,3488.803570934175,-30.574732251334353,3
Santa Monica,2023-08-31,3471.6345844857283,0.0,0.2789943227899494,116402.87,0.7337,0,8,3458.2288386828404,3398.48114179733,2.1525334299695498,2050.7590318093135,5150.958738593355,3511.126009928012,-39.4914254422838,3
Santa Monica,2023-09-30,3487.294877017806,0.0,0.53217301284334,116402.87,0.7337,0,9,3471.6345844857283,3409.419472993901,2.2841250435963634,2050.7590318093135,5150.958738593355,3527.3204611725387,-40.02558415473277,3
Santa Monica,2023-10-31,3462.3424890971323,0.0,0.859197760293462,116402.87,0.7337,0,10,3487.294877017806,3425.8007999435613,1.0666612359414795,2050.7590318093135,5150.958738593355,3527.7539487087683,-65.41145961163602,3
Santa Monica,2023-11-30,3446.1010840513713,0.0,0.5695142378559392,116402.87,0.7337,0,11,3462.3424890971323,3433.9724923955696,0.3531941995068344,2050.7590318093135,5150.958738593355,3516.5289795669632,-70.4278955155919,3
Santa Monica,2023-12-31,3427.260972477872,0.0,0.420354684178803,116402.87,0.7337,0,12,3446.1010840513713,3407.3387300432805,0.5846862907679995,2050.7590318093135,5150.958738593355,3519.1226556251954,-91.86168314732322,3
Santa Monica,2024-01-31,3442.588242794147,0.0,-1.123098551502988,116402.87,0.7337,0,1,3427.260972477872,3408.255473742664,1.0073414189747163,2050.7590318093135,5230.942315526709,3528.906027779819,-86.317784985672,4
Santa Monica,2024-02-29,3478.596025803723,0.0,0.2044859096427709,116402.87,0.7337,0,2,3442.588242794147,3432.31939327619,1.3482612550040465,2050.7590318093135,5230.942315526709,3570.4537144284545,-91.85768862473151,4
Santa Monica,2024-03-31,3488.9347323894835,0.0,0.1004400229577262,116402.87,0.7337,0,3,3478.596025803723,3471.6081299106413,0.4990944205240266,2050.7590318093135,5230.942315526709,3588.0763446101237,-99.14161222064013,4
Santa Monica,2024-04-30,3511.585302071431,0.0,-0.0525586506760933,116402.87,0.7337,0,4,3488.9347323894835,3452.8140255643084,1.7021269049530607,2050.7590318093135,5230.942315526709,3585.0559142730413,-73.47061220161004,4
Santa Monica,2024-05-31,3504.076986994173,0.0,0.1099531503967909,116402.87,0.7337,0,5,3511.585302071431,3433.1126179215867,2.067056253911881,2050.7590318093135,5230.942315526709,3587.0162602268433,-82.93927323267053,4
Santa Monica,2024-06-30,3502.6038606649113,0.0,-0.6287506168123125,116402.87,0.7337,0,6,3504.076986994173,3426.4850249436954,2.2214845582891884,2050.7590318093135,5230.942315526709,3601.815420288895,-99.2115596239837,4
Santa Monica,2024-07-31,3502.985475091687,0.0,-0.2899340039725806,116402.87,0.7337,0,7,3502.6038606649113,3458.2288386828404,1.2942069046504523,2050.7590318093135,5230.942315526709,3623.6781217359858,-120.69264664429875,4
Santa Monica,2024-08-31,3502.646779679746,0.0,0.2811380468135116,116402.87,0.7337,0,8,3502.985475091687,3471.6345844857283,0.8933024037900417,2050.7590318093135,5230.942315526709,3646.902760483196,-144.2559808034498,4
Santa Monica,2024-09-30,3509.9291469256787,0.0,0.437345807567846,116402.87,0.7337,0,9,3502.646779679746,3487.294877017806,0.6490494984246586,2050.7590318093135,5230.942315526709,3661.5679336172384,-151.63878669155974,4
Santa Monica,2024-10-31,3497.642477948722,0.0,1.4371161974639168,116402.87,0.7337,0,10,3509.9291469256787,3462.3424890971323,1.0195406422891071,2050.7590318093135,5230.942315526709,3656.0277693714647,-158.38529142274274,4
Santa Monica,2024-11-30,3492.69611840438,0.0,0.5173281338448854,116402.87,0.7337,0,11,3497.642477948722,3446.1010840513713,1.3521087517905706,2050.7590318093135,5230.942315526709,3640.241895437365,-147.54577703298537,4
Santa Monica,2024-12-31,3493.301404880672,0.0,-0.5756746186937889,116402.87,0.7337,0,12,3492.69611840438,3427.260972477872,1.9269157771505616,2050.7590318093135,5230.942315526709,3646.382914034442,-153.08150915376973,4
Santa Monica,2025-01-31,3547.491316551217,0.0,-2.0957565649731724,116402.87,0.7337,0,1,3493.301404880672,3442.588242794147,3.047215245002022,2050.7590318093135,5267.377953107147,3596.696837813069,-49.20552126185203,5
Santa Monica,2025-02-28,3590.9892990544936,0.0,0.6219365206910465,116402.87,0.7337,0,2,3547.491316551217,3478.596025803723,3.230995275595494,2050.7590318093135,5267.377953107147,3632.2100294277034,-41.22073037320979,5
Santa Monica,2025-03-31,3649.549319802265,0.0,0.0734683447262574,116402.87,0.7337,0,3,3590.9892990544936,3488.9347323894835,4.603542334045918,2050.7590318093135,5267.377953107147,3651.407172938638,-1.8578531363727961,5
Santa Monica,2025-04-30,3650.5983013715654,0.0,0.7261642567589099,116402.87,0.7337,0,4,3649.549319802265,3511.585302071431,3.958696353414304,2050.7590318093135,5267.377953107147,3651.4916126605235,-0.8933112889581025,5
Santa Monica,2025-05-31,3629.978727796468,0.0,0.1980574525058287,116402.87,0.7337,0,5,3650.5983013715654,3504.076986994173,3.5930072675228075,2050.7590318093135,5267.377953107147,3652.510328500891,-22.531600704423,5
Santa Monica,2025-06-30,3614.08329632839,0.0,-0.814383756602044,116402.87,0.7337,0,6,3629.978727796468,3502.6038606649113,3.1827588873357904,2050.7590318093135,5267.377953107147,3663.2957123980627,-49.2124160696726,5
Santa Monica,2025-07-31,3585.257122745083,0.0,-0.787589879310624,116402.87,0.7337,0,7,3614.08329632839,3502.985475091687,2.3486151523720578,2050.7590318093135,5267.377953107147,3680.863908521135,-95.60678577605177,5
Santa Monica,2025-08-31,3597.8484860471017,0.0,0.4499509874817287,116402.87,0.7337,0,8,3585.257122745083,3502.646779679746,2.7179933449087423,2050.7590318093135,5267.377953107147,3699.976118826728,-102.12763277962631,5
Santa Monica,2025-09-30,3605.715927324312,0.0,0.0159976963317376,116402.87,0.7337,0,9,3597.8484860471017,3509.9291469256787,2.729023190753921,2050.7590318093135,5267.377953107147,3711.7068507126473,-105.99092338833543,5
Santa Monica,2025-10-31,3613.9120931037087,0.0,1.0332858810921497,116402.87,0.7337,0,10,3605.715927324312,3497.642477948722,3.3242281304627808,2050.7590318093135,5267.377953107147,3706.5059226579147,-92.59382955420597,5
Santa Monica,2025-11-30,3616.600642732378,0.0,0.3467109950130442,116402.87,0.7337,0,11,3613.9120931037087,3492.69611840438,3.5475323397044844,2050.7590318093135,5267.377953107147,3692.2444079178113,-75.64376518543304,5
Santa Monica,2025-12-31,3604.5447390162713,0.0,-0.0110437965417098,116402.87,0.7337,0,12,3616.600642732378,3493.301404880672,3.184475693399236,2050.7590318093135,5267.377953107147,3695.2912463671355,-90.74650735086425,5
Silver Lake,2022-01-31,2534.7129374462484,834.0,-2.264157050607707,88987.31,0.6921,0,1,2539.7845103850605,2351.5227896846227,7.790277371124032,1613.3640712484207,3809.6767655775907,2471.6815289547817,63.031408491466664,2
Silver Lake,2022-02-28,2545.189675519411,864.0,1.5731081304851902,88987.31,0.6921,0,2,2534.7129374462484,2323.2398069471055,9.553463568789432,1613.3640712484207,3809.6767655775907,2458.0356118119,87.15406370751134,2
Silver Lake,2022-03-31,2565.3882892312886,922.0,0.283664819041407,88987.31,0.6921,0,3,2545.189675519411,2304.8058160691726,11.30604892374565,1613.3640712484207,3809.6767655775907,2452.0287906106296,113.359498620659,2
Silver Lake,2022-04-30,2612.1509708153544,900.0,0.6047403843027821,88987.31,0.6921,0,4,2565.3882892312886,2331.817363739365,12.022108224909967,1613.3640712484207,3809.6767655775907,2461.357510090886,150.79346072446833,2
Silver Lake,2022-05-31,2646.84452333549,961.0,0.252076398539236,88987.31,0.6921,0,5,2612.1509708153544,2382.635934451367,11.088919841417578,1613.3640712484207,3809.6767655775907,2477.25966315793,169.58486017756013,2
Silver Lake,2022-06-30,2698.984874076602,973.0,-0.1128267947519412,88987.31,0.6921,0,6,2646.84452333549,2421.871605198784,11.44211230202985,1613.3640712484207,3809.6767655775907,2488.8105913162217,210.17428276038027,2
Silver Lake,2022-07-31,2701.7377463469056,953.0,-0.4437487897760328,88987.31,0.6921,0,7,2698.984874076602,2447.289863797946,10.397128934865195,1613.3640712484207,3809.6767655775907,2495.6686419314437,206.06910441546188,2
Silver Lake,2022-08-31,2719.76010557416,987.0,0.3338898163605996,88987.31,0.6921,0,8,2701.7377463469056,2441.9218385190343,11.377852586126512,1613.3640712484207,3809.6767655775907,2501.4129300776062,218.34717549655397,2
Silver Lake,2022-09-30,2718.3626832802574,923.0,0.4539359966398981,88987.31,0.6921,0,9,2719.76010557416,2459.8147377584664,10.510870658389337,1613.3640712484207,3809.6767655775907,2510.118458531137,208.24422474912035,2
Silver Lake,2022-10-31,2715.784005030662,917.0,0.8603499292422434,88987.31,0.6921,0,10,2718.3626832802574,2488.9864838239437,9.11204310190865,1613.3640712484207,3809.6767655775907,2525.7799614607684,190.00404356989338,2
Silver Lake,2022-11-30,2698.4357495650593,894.0,0.534128414037216,88987.31,0.6921,0,11,2715.784005030662,2527.158155699204,6.777478231015843,1613.3640712484207,3809.6767655775907,2544.4103426606052,154.02540690445403,2
Silver Lake,2022-12-31,2671.8612696287955,869.0,0.0301329019570584,88987.31,0.6921,0,12,2698.4357495650593,2539.7845103850605,5.200313597617412,1613.3640712484207,3809.6767655775907,2555.050670748718,116.81059888007758,2
Silver Lake,2023-01-31,2667.602760469268,849.0,-2.199039208536135,92001.75,0.6869,0,1,2671.8612696287955,2534.7129374462484,5.242795784082266,1613.3640712484207,4079.6401583612405,2766.929173640616,-99.32641317134812,3
Silver Lake,2023-02-28,2681.211804936617,820.0,0.5495574360470767,92001.75,0.6869,0,2,2667.602760469268,2545.189675519411,5.344282617736429,1613.3640712484207,4079.6401583612405,2786.8474489133555,-105.63564397673827,3
Silver Lake,2023-03-31,2712.926559887869,824.0,0.0225715437323525,92001.75,0.6869,0,3,2681.211804936617,2565.3882892312886,5.751108761036328,1613.3640712484207,4079.6401583612405,2796.7644696159045,-83.83790972803536,3
Silver Lake,2023-04-30,2725.43014634021,829.0,0.1144441399764772,92001.75,0.6869,0,4,2712.926559887869,2612.1509708153544,4.336624367828801,1613.3640712484207,4079.6401583612405,2819.246770613945,-93.81662427373521,3
Silver Lake,2023-05-31,2731.308327806114,849.0,0.4685235871840332,92001.75,0.6869,0,5,2725.43014634021,2646.84452333549,3.1911131812224713,1613.3640712484207,4079.6401583612405,2858.667424137209,-127.35909633109486,3
Silver Lake,2023-06-30,2750.1420521143,872.0,-0.3124949920674358,92001.75,0.6869,0,6,2731.308327806114,2698.984874076602,1.8954229247098109,1613.3640712484207,4079.6401583612405,2886.8021780747617,-136.66012596046176,3
Silver Lake,2023-07-31,2773.6105385814653,890.0,-0.8938044561617953,92001.75,0.6869,0,7,2750.1420521143,2701.7377463469056,2.66024310952242,1613.3640712484207,4079.6401583612405,2897.4242655191215,-123.81372693765616,3
Silver Lake,2023-08-31,2785.8970595136875,872.0,0.2789943227899494,92001.75,0.6869,0,8,2773.6105385814653,2719.76010557416,2.4317201286973456,1613.3640712484207,4079.6401583612405,2909.3858420798156,-123.48878256612807,3
Silver Lake,2023-09-30,2783.4024904382436,888.0,0.53217301284334,92001.75,0.6869,0,9,2785.8970595136875,2718.3626832802574,2.3926096233598315,1613.3640712484207,4079.6401583612405,2927.159230013283,-143.75673957503932,3
Silver Lake,2023-10-31,2785.133055949716,888.0,0.859197760293462,92001.75,0.6869,0,10,2783.4024904382436,2715.784005030662,2.553555466509616,1613.3640712484207,4079.6401583612405,2936.87017446115,-151.7371185114339,3
Silver Lake,2023-11-30,2767.559882816573,863.0,0.5695142378559392,92001.75,0.6869,0,11,2785.133055949716,2698.4357495650593,2.56163717304203,1613.3640712484207,4079.6401583612405,2941.86772759878,-174.3078447822072,3
Silver Lake,2023-12-31,2747.582819148826,830.0,0.420354684178803,92001.75,0.6869,0,12,2767.559882816573,2671.8612696287955,2.8340374697130244,1613.3640712484207,4079.6401583612405,2963.9417144300673,-216.35889528124153,3
Silver Lake,2024-01-31,2748.041033230026,830.0,-1.123098551502988,92001.75,0.6869,0,1,2747.582819148826,2667.602760469268,3.0153767252290464,1613.3640712484207,4178.8455892705315,2835.087922749557,-87.04688951953085,4
Silver Lake,2024-02-29,2750.695036567575,827.0,0.2044859096427709,92001.75,0.6869,0,2,2748.041033230026,2681.211804936617,2.591486114712227,1613.3640712484207,4178.8455892705315,2852.973157147942,-102.27812058036716,4
Silver Lake,2024-03-31,2765.2610038949197,793.0,0.1004400229577262,92001.75,0.6869,0,3,2750.695036567575,2712.926559887869,1.9290770631555043,1613.3640712484207,4178.8455892705315,2860.8761180233355,-95.61511412841583,4
Silver Lake,2024-04-30,2778.2219429705865,790.0,-0.0525586506760933,92001.75,0.6869,0,4,2765.2610038949197,2725.43014634021,1.937007877500263,1613.3640712484207,4178.8455892705315,2874.8047874842437,-96.58284451365716,4
Silver Lake,2024-05-31,2789.0441863120936,783.0,0.1099531503967909,92001.75,0.6869,0,5,2778.2219429705865,2731.308327806114,2.1138535667393876,1613.3640712484207,4178.8455892705315,2901.767495679968,-112.72330936787421,4
Silver Lake,2024-06-30,2792.512981904531,806.0,-0.6287506168123125,92001.75,0.6869,0,6,2789.0441863120936,2750.1420521143,1.540681498894081,1613.3640712484207,4178.8455892705315,2923.68708440063,-131.17410249609884,4
Silver Lake,2024-07-31,2800.6993430674847,901.0,-0.2899340039725806,92001.75,0.6869,0,7,2792.512981904531,2773.6105385814653,0.9766621560312494,1613.3640712484207,4178.8455892705315,2933.9155204448743,-133.2161773773896,4
Silver Lake,2024-08-31,2810.1725224219517,940.0,0.2811380468135116,92001.75,0.6869,0,8,2800.6993430674847,2785.8970595136875,0.8713697020988231,1613.3640712484207,4178.8455892705315,2943.228669381479,-133.05614695952727,4
Silver Lake,2024-09-30,2822.316238702663,965.0,0.437345807567846,92001.75,0.6869,0,9,2810.1725224219517,2783.4024904382436,1.3980640025328397,1613.3640712484207,4178.8455892705315,2954.2606909426604,-131.9444522399972,4
Silver Lake,2024-10-31,2797.614291396575,984.0,1.4371161974639168,92001.75,0.6869,0,10,2822.316238702663,2785.133055949716,0.4481378518055301,1613.3640712484207,4178.8455892705315,2956.749858333091,-159.13556693651617,4
Silver Lake,2024-11-30,2806.7709872593528,979.0,0.5173281338448854,92001.75,0.6869,0,11,2797.614291396575,2767.559882816573,1.416811418832764,1613.3640712484207,4178.8455892705315,2954.199718162414,-147.42873090306102,4
Silver Lake,2024-12-31,2782.363020740384,964.0,-0.5756746186937889,92001.75,0.6869,0,12,2806.7709872593528,2747.582819148826,1.265847251233465,1613.3640712484207,4178.8455892705315,2965.5258297351797,-183.1628089947958,4
Silver Lake,2025-01-31,2816.5106714470057,850.0,-2.0957565649731724,92001.75,0.6869,0,1,2782.363020740384,2748.041033230026,2.4915799068873756,1613.3640712484207,4233.474358053994,2851.95042482073,-35.439753373724216,5
Silver Lake,2025-02-28,2818.835455778484,810.0,0.6219365206910465,92001.75,0.6869,0,2,2816.5106714470057,2750.695036567575,2.4772073350573187,1613.3640712484207,4233.474358053994,2862.619256761167,-43.783800982682806,5
Silver Lake,2025-03-31,2876.7751987729253,797.0,0.0734683447262574,92001.75,0.6869,0,3,2818.835455778484,2765.2610038949197,4.0326824383280835,1613.3640712484207,4233.474358053994,2868.9079581378837,7.867240635041526,5
Silver Lake,2025-04-30,2882.3326600465207,783.0,0.7261642567589099,92001.75,0.6869,0,4,2876.7751987729253,2778.2219429705865,3.747386609603076,1613.3640712484207,4233.474358053994,2880.3557095941032,1.9769504524174408,5
Silver Lake,2025-05-31,2883.040671611685,767.0,0.1980574525058287,92001.75,0.6869,0,5,2882.3326600465207,2789.0441863120936,3.370204235590868,1613.3640712484207,4233.474358053994,2900.1605006936047,-17.11982908191976,5
Silver Lake,2025-06-30,2889.253974798242,763.0,-0.814383756602044,92001.75,0.6869,0,6,2883.040671611685,2792.512981904531,3.4642987703402683,1613.3640712484207,4233.474358053994,2915.4831275190622,-26.229152720820366,5
Silver Lake,2025-07-31,2900.6446002109587,790.0,-0.787589879310624,92001.75,0.6869,0,7,2889.253974798242,2800.6993430674847,3.5685821611258106,1613.3640712484207,4233.474358053994,2922.7758309823,-22.131230771341052,5
Silver Lake,2025-08-31,2941.868614633534,787.0,0.4499509874817287,92001.75,0.6869,0,8,2900.6446002109587,2810.1725224219517,4.686405946994299,1613.3640712484207,4233.474358053994,2929.360828538421,12.507786095112806,5
Silver Lake,2025-09-30,2923.816206423945,765.0,0.0159976963317376,92001.75,0.6869,0,9,2941.868614633534,2822.316238702663,3.5963357447122313,1613.3640712484207,4233.474358053994,2935.475943489986,-11.659737066041089,5
Silver Lake,2025-10-31,2905.6555387533617,767.0,1.0332858810921497,92001.75,0.6869,0,10,2923.816206423945,2797.614291396575,3.8619064711330258,1613.3640712484207,4233.474358053994,2933.2491168028137,-27.593578049451935,5
Silver Lake,2025-11-30,2857.8123481321127,762.0,0.3467109950130442,92001.75,0.6869,0,11,2905.6555387533617,2806.7709872593528,1.8185082111953357,1613.3640712484207,4233.474358053994,2926.6390563607333,-68.82670822862065,5
Silver Lake,2025-12-31,2844.2202485017397,756.0,-0.0110437965417098,92001.75,0.6869,0,12,2857.8123481321127,2782.363020740384,2.22319040686847,1613.3640712484207,4233.474358053994,2930.031257153202,-85.81100865146254,5
University Park,2022-01-31,1938.5388859226664,152.0,-2.264157050607707,36326.0,0.8938,0,1,1938.5388859226664,1938.5388859226664,0.0,1356.9772201458663,2907.808328884,1937.5164751808982,1.0224107417682262,2
University Park,2022-02-28,2060.253898941469,154.0,1.5731081304851902,36326.0,0.8938,0,2,1938.5388859226664,1938.5388859226664,6.278698555013551,1356.9772201458663,2907.808328884,1935.0904426134446,125.16345632802427,2
University Park,2022-03-31,2123.228539694509,166.0,0.283664819041407,36326.0,0.8938,0,3,2060.253898941469,1938.5388859226664,9.527260717493302,1356.9772201458663,2907.808328884,1932.3901733372948,190.83836635721423,2
University Park,2022-04-30,2133.0572555257786,164.0,0.6047403843027821,36326.0,0.8938,0,4,2123.228539694509,1938.5388859226664,10.034277414586356,1356.9772201458663,2907.808328884,1932.363672601306,200.6935829244726,2
University Park,2022-05-31,2216.244711579443,169.0,0.252076398539236,36326.0,0.8938,0,5,2133.0572555257786,1938.5388859226664,14.325522571325669,1356.9772201458663,2907.808328884,1935.1045877146394,281.1401238648036,2
University Park,2022-06-30,2134.7535399161957,168.0,-0.1128267947519412,36326.0,0.8938,0,6,2216.244711579443,1938.5388859226664,10.121780657504797,1356.9772201458663,2907.808328884,1937.8158642212284,196.9376756949673,2
University Park,2022-07-31,2146.154827012595,177.0,-0.4437487897760328,36326.0,0.8938,0,7,2134.7535399161957,1938.5388859226664,10.709918825853816,1356.9772201458663,2907.808328884,1938.8679368965747,207.28689011602023,2
University Park,2022-08-31,2186.6739161091673,180.0,0.3338898163605996,36326.0,0.8938,0,8,2146.154827012595,1938.5388859226664,12.800105893588952,1356.9772201458663,2907.808328884,1938.870733949812,247.8031821593554,2
University Park,2022-09-30,2178.6920004809467,180.0,0.4539359966398981,36326.0,0.8938,0,9,2186.6739161091673,1938.5388859226664,12.38835683422348,1356.9772201458663,2907.808328884,1938.8698343023184,239.82216617862832,2
University Park,2022-10-31,2250.369308367068,170.0,0.8603499292422434,36326.0,0.8938,0,10,2178.6920004809467,1938.5388859226664,16.08584819777721,1356.9772201458663,2907.808328884,1938.8705023758444,311.49880599122343,2
University Park,2022-11-30,2205.253050088176,171.0,0.534128414037216,36326.0,0.8938,0,11,2250.369308367068,1938.5388859226664,13.75851503946306,1356.9772201458663,2907.808328884,1938.8696160137752,266.38343407440107,2
University Park,2022-12-31,2320.1608644068083,171.0,0.0301329019570584,36326.0,0.8938,0,12,2205.253050088176,1938.5388859226664,19.68606259360668,1356.9772201458663,2907.808328884,1938.872313219481,381.28855118732736,2
University Park,2023-01-31,2304.754895351188,161.0,-2.199039208536135,36032.0,0.8958,0,1,2320.1608644068083,1938.5388859226664,18.89134193221085,1356.9772201458663,3480.2412966102124,2191.706017882877,113.04887746831128,3
University Park,2023-02-28,2340.743258784054,151.0,0.5495574360470767,36032.0,0.8958,0,2,2304.754895351188,2060.253898941469,13.614310352073431,1356.9772201458663,3480.2412966102124,2212.3352913065714,128.40796747748254,3
University Park,2023-03-31,2356.1793311351453,144.0,0.0225715437323525,36032.0,0.8958,0,3,2340.743258784054,2123.228539694509,10.971536369521171,1356.9772201458663,3480.2412966102124,2238.870178101821,117.30915303332449,3
University Park,2023-04-30,2343.8783972209862,151.0,0.1144441399764772,36032.0,0.8958,0,4,2356.1793311351453,2133.0572555257786,9.883520057844963,1356.9772201458663,3480.2412966102124,2259.4059299981845,84.4724672228017,3
University Park,2023-05-31,2360.367235336461,145.0,0.4685235871840332,36032.0,0.8958,0,5,2343.8783972209862,2216.244711579443,6.503005873133327,1356.9772201458663,3480.2412966102124,2264.825607617783,95.54162771867777,3
University Park,2023-06-30,2349.5684282283937,152.0,-0.3124949920674358,36032.0,0.8958,0,6,2360.367235336461,2134.7535399161957,10.062748897965568,1356.9772201458663,3480.2412966102124,2258.8829189241724,90.68550930422134,3
University Park,2023-07-31,2371.3061488473745,168.0,-0.8938044561617953,36032.0,0.8958,0,7,2349.5684282283937,2146.154827012595,10.49091701124778,1356.9772201458663,3480.2412966102124,2257.1550986663774,114.15105018099712,3
University Park,2023-08-31,2359.8544355600475,189.0,0.2789943227899494,36032.0,0.8958,0,8,2371.3061488473745,2186.6739161091673,7.91981457203399,1356.9772201458663,3480.2412966102124,2266.6269798718777,93.22745568816981,3
University Park,2023-09-30,2348.5155435716824,194.0,0.53217301284334,36032.0,0.8958,0,9,2359.8544355600475,2178.6920004809467,7.79474763083754,1356.9772201458663,3480.2412966102124,2278.42237062242,70.09317294926223,3
University Park,2023-10-31,2360.98485798286,197.0,0.859197760293462,36032.0,0.8958,0,10,2348.5155435716824,2250.369308367068,4.915439843785374,1356.9772201458663,3480.2412966102124,2286.6472712002083,74.33758678265167,3
University Park,2023-11-30,2382.0120439130405,196.0,0.5695142378559392,36032.0,0.8958,0,11,2360.98485798286,2205.253050088176,8.015361040665914,1356.9772201458663,3480.2412966102124,2294.522572728895,87.48947118414571,3
University Park,2023-12-31,2377.0838769717434,188.0,0.420354684178803,36032.0,0.8958,0,12,2382.0120439130405,2320.1608644068083,2.453408013133118,1356.9772201458663,3480.2412966102124,2307.6199482645325,69.46392870721093,3
University Park,2024-01-31,2381.228851099715,165.0,-1.123098551502988,36032.0,0.8958,0,1,2377.0838769717434,2304.754895351188,3.318094948090966,1356.9772201458663,3573.018065869561,2426.3127010819476,-45.08384998223255,4
University Park,2024-02-29,2382.822611014709,155.0,0.2044859096427709,36032.0,0.8958,0,2,2381.228851099715,2340.743258784054,1.7976919114364387,1356.9772201458663,3573.018065869561,2463.477605811533,-80.65499479682421,4
University Park,2024-03-31,2377.625786720965,155.0,0.1004400229577262,36032.0,0.8958,0,3,2382.822611014709,2356.1793311351453,0.9102217009724578,1356.9772201458663,3573.018065869561,2486.475914043711,-108.85012732274572,4
University Park,2024-04-30,2352.183401755694,155.0,-0.0525586506760933,36032.0,0.8958,0,4,2377.625786720965,2343.8783972209862,0.3543274490926951,1356.9772201458663,3573.018065869561,2497.7221126392315,-145.53871088353753,4
University Park,2024-05-31,2318.1981689077897,170.0,0.1099531503967909,36032.0,0.8958,0,5,2352.183401755694,2360.367235336461,-1.7865468473451385,1356.9772201458663,3573.018065869561,2504.75463089802,-186.55646199023022,4
University Park,2024-06-30,2340.355568225055,189.0,-0.6287506168123125,36032.0,0.8958,0,6,2318.1981689077897,2349.5684282283937,-0.3921086056763778,1356.9772201458663,3573.018065869561,2505.453977527556,-165.0984093025013,4
University Park,2024-07-31,2374.8021453110596,211.0,-0.2899340039725806,36032.0,0.8958,0,7,2340.355568225055,2371.3061488473745,0.1474291485046963,1356.9772201458663,3573.018065869561,2503.6957698149154,-128.8936245038558,4
University Park,2024-08-31,2385.3267868510293,200.0,0.2811380468135116,36032.0,0.8958,0,8,2374.8021453110596,2359.8544355600475,1.0794034965524002,1356.9772201458663,3573.018065869561,2509.686965579914,-124.36017872888488,4
University Park,2024-09-30,2392.262982614734,205.0,0.437345807567846,36032.0,0.8958,0,9,2385.3267868510293,2348.5155435716824,1.862769831896416,1356.9772201458663,3573.018065869561,2521.002997851841,-128.74001523710695,4
University Park,2024-10-31,2384.2516758155666,198.0,1.4371161974639168,36032.0,0.8958,0,10,2392.262982614734,2360.98485798286,0.9854708620446128,1356.9772201458663,3573.018065869561,2527.6114985434533,-143.3598227278867,4
University Park,2024-11-30,2408.2267565412226,180.0,0.5173281338448854,36032.0,0.8958,0,11,2384.2516758155666,2382.0120439130405,1.1005281310466408,1356.9772201458663,3573.018065869561,2533.7431098348984,-125.51635329367582,4
University Park,2024-12-31,2428.5930545105366,163.0,-0.5756746186937889,36032.0,0.8958,0,12,2408.2267565412226,2377.0838769717434,2.166906184413353,1356.9772201458663,3573.018065869561,2557.788866231157,-129.19581172062044,4
University Park,2025-01-31,2398.3436193679995,140.0,-2.0957565649731724,36032.0,0.8958,0,1,2428.5930545105366,2381.228851099715,0.7187368093738877,1356.9772201458663,3642.889581765805,2509.147324487253,-110.80370511925366,5
University Park,2025-02-28,2407.70220333668,135.0,0.6219365206910465,36032.0,0.8958,0,2,2398.3436193679995,2382.822611014709,1.0441227226468452,1356.9772201458663,3642.889581765805,2537.826662814646,-130.12445947796596,5
University Park,2025-03-31,2351.3527782981646,118.0,0.0734683447262574,36032.0,0.8958,0,3,2407.70220333668,2377.625786720965,-1.1050102404480675,1356.9772201458663,3642.889581765805,2554.813071837506,-203.46029353934136,5
University Park,2025-04-30,2412.250308902318,110.0,0.7261642567589099,36032.0,0.8958,0,4,2351.3527782981646,2352.183401755694,2.553665972720909,1356.9772201458663,3642.889581765805,2558.1941180356803,-145.94380913336227,5
University Park,2025-05-31,2456.842283340546,117.0,0.1980574525058287,36032.0,0.8958,0,5,2412.250308902318,2318.1981689077897,5.980684321654772,1356.9772201458663,3642.889581765805,2558.405543674959,-101.56326033441292,5
University Park,2025-06-30,2544.562637244341,114.0,-0.814383756602044,36032.0,0.8958,0,6,2456.842283340546,2340.355568225055,8.725471966388376,1356.9772201458663,3642.889581765805,2561.2288627763833,-16.666225532042063,5
University Park,2025-07-31,2481.1898713203595,119.0,-0.787589879310624,36032.0,0.8958,0,7,2544.562637244341,2374.8021453110596,4.479856404852822,1356.9772201458663,3642.889581765805,2567.2341791577646,-86.04430783740509,5
University Park,2025-08-31,2397.656159586564,124.0,0.4499509874817287,36032.0,0.8958,0,8,2481.1898713203595,2385.3267868510293,0.51688400949923,1356.9772201458663,3642.889581765805,2575.330410995662,-177.6742514090979,5
University Park,2025-09-30,2377.2337884222497,113.0,0.0159976963317376,36032.0,0.8958,0,9,2397.656159586564,2392.262982614734,-0.6282417234938498,1356.9772201458663,3642.889581765805,2582.8902201680103,-205.65643174576053,5
University Park,2025-10-31,2422.9957283333856,112.0,1.0332858810921497,36032.0,0.8958,0,10,2377.2337884222497,2384.2516758155666,1.6249984391671246,1356.9772201458663,3642.889581765805,2588.7736948542492,-165.77796652086363,5
University Park,2025-11-30,2475.135180510702,98.0,0.3467109950130442,36032.0,0.8958,0,11,2422.9957283333856,2408.2267565412226,2.77832740574544,1356.9772201458663,3642.889581765805,2597.727198865603,-122.59201835490103,5
University Park,2025-12-31,2437.5754271938627,89.0,-0.0110437965417098,36032.0,0.8958,0,12,2475.135180510702,2428.5930545105366,0.3698591110867122,1356.9772201458663,3642.889581765805,2619.697238820061,-182.12181162619845,5
Vermont Square,2022-01-31,1985.823608276622,195.0,-2.264157050607707,48386.0,0.6957,0,1,1974.110687886622,1854.1921021140183,7.099129912835189,1275.388734999334,2961.1660318299328,1909.1409393311894,76.68266894543262,2
Vermont Square,2022-02-28,1984.466764626622,196.0,1.5731081304851902,48386.0,0.6957,0,2,1985.823608276622,1837.7235618909983,7.985053126522823,1275.388734999334,2961.1660318299328,1908.6636487061646,75.80311592045746,2
Vermont Square,2022-03-31,1944.8551377985284,218.0,0.283664819041407,48386.0,0.6957,0,3,1984.466764626622,1892.675448939992,2.756927442988699,1275.388734999334,2961.1660318299328,1926.4329929132239,18.422144885304533,2
Vermont Square,2022-04-30,1932.4380798044149,232.0,0.6047403843027821,48386.0,0.6957,0,4,1944.8551377985284,1900.696516181313,1.6699964119929025,1275.388734999334,2961.1660318299328,1937.3748825058065,-4.936802701391571,2
Vermont Square,2022-05-31,1966.161108495764,274.0,0.252076398539236,48386.0,0.6957,0,5,1932.4380798044149,1878.757156616885,4.652221899517284,1275.388734999334,2961.1660318299328,1926.2919543605344,39.869154135229564,2
Vermont Square,2022-06-30,2046.922608698104,303.0,-0.1128267947519412,48386.0,0.6957,0,6,1966.161108495764,1846.7704172525496,10.837957418839416,1275.388734999334,2961.1660318299328,1906.8752204976677,140.04738820043644,2
Vermont Square,2022-07-31,2113.749401030516,324.0,-0.4437487897760328,48386.0,0.6957,0,7,2046.922608698104,1821.983907141906,16.013615309385145,1275.388734999334,2961.1660318299328,1897.0198577776462,216.7295432528697,2
Vermont Square,2022-08-31,2107.614521770407,346.0,0.3338898163605996,48386.0,0.6957,0,8,2113.749401030516,1831.0799216323655,15.102268168148411,1275.388734999334,2961.1660318299328,1903.0101660875644,204.60435568284265,2
Vermont Square,2022-09-30,2052.590840568695,333.0,0.4539359966398981,48386.0,0.6957,0,9,2107.614521770407,1878.224503685504,9.2835726794664,1275.388734999334,2961.1660318299328,1922.905694348415,129.6851462202801,2
Vermont Square,2022-10-31,2066.69962790106,347.0,0.8603499292422434,48386.0,0.6957,0,10,2052.590840568695,1932.9698455244295,6.91835843617874,1275.388734999334,2961.1660318299328,1952.397389956634,114.302237944426,2
Vermont Square,2022-11-30,2116.021582936281,320.0,0.534128414037216,48386.0,0.6957,0,11,2066.69962790106,1968.6908375253795,7.483691324336861,1275.388734999334,2961.1660318299328,1972.0950545776598,143.92652835862123,2
Vermont Square,2022-12-31,2207.430105771435,316.0,0.0301329019570584,48386.0,0.6957,0,12,2116.021582936281,1974.110687886622,11.818963309225206,1275.388734999334,2961.1660318299328,1967.6730985927659,239.75700717866926,2
Vermont Square,2023-01-31,2224.238519292455,304.0,-2.199039208536135,51433.0,0.6872,0,1,2207.430105771435,1985.823608276622,12.005845334004196,1275.388734999334,3311.145158657153,2106.492295193586,117.74622409886888,3
Vermont Square,2023-02-28,2223.3297399598773,280.0,0.5495574360470767,51433.0,0.6872,0,2,2224.238519292455,1984.466764626622,12.03663269100892,1275.388734999334,3311.145158657153,2101.7511445625123,121.578595397365,3
Vermont Square,2023-03-31,2179.6564049314534,286.0,0.0225715437323525,51433.0,0.6872,0,3,2223.3297399598773,1944.8551377985284,12.072943766840517,1275.388734999334,3311.145158657153,2104.5883820576128,75.06802287384062,3
Vermont Square,2023-04-30,2208.8351807161885,275.0,0.1144441399764772,51433.0,0.6872,0,4,2179.6564049314534,1932.4380798044149,14.303024961076538,1275.388734999334,3311.145158657153,2107.9552074410944,100.87997327509402,3
Vermont Square,2023-05-31,2213.6271972329405,288.0,0.4685235871840332,51433.0,0.6872,0,5,2208.8351807161885,1966.161108495764,12.586256928177342,1275.388734999334,3311.145158657153,2112.8459048871405,100.78129234580001,3
Vermont Square,2023-06-30,2254.2255927046645,282.0,-0.3124949920674358,51433.0,0.6872,0,6,2213.6271972329405,2046.922608698104,10.1275438126315,1275.388734999334,3311.145158657153,2127.934634742028,126.29095796263664,3
Vermont Square,2023-07-31,2230.387490484746,258.0,-0.8938044561617953,51433.0,0.6872,0,7,2254.2255927046645,2113.749401030516,5.518066114997633,1275.388734999334,3311.145158657153,2145.1486987157036,85.23879176904256,3
Vermont Square,2023-08-31,2262.1185284586263,281.0,0.2789943227899494,51433.0,0.6872,0,8,2230.387490484746,2107.614521770407,7.330752615921199,1275.388734999334,3311.145158657153,2147.0311948932053,115.08733356542098,3
Vermont Square,2023-09-30,2263.4157458428253,286.0,0.53217301284334,51433.0,0.6872,0,9,2262.1185284586263,2052.590840568695,10.271160774337208,1275.388734999334,3311.145158657153,2145.3914892190046,118.02425662382075,3
Vermont Square,2023-10-31,2342.6357064343715,283.0,0.859197760293462,51433.0,0.6872,0,10,2263.4157458428253,2066.69962790106,13.351532792094822,1275.388734999334,3311.145158657153,2166.286098336828,176.3496080975433,3
Vermont Square,2023-11-30,2330.4876261050645,270.0,0.5695142378559392,51433.0,0.6872,0,11,2342.6357064343715,2116.021582936281,10.135342895282818,1275.388734999334,3311.145158657153,2202.609037379793,127.87858872527158,3
Vermont Square,2023-12-31,2347.683109638009,257.0,0.420354684178803,51433.0,0.6872,0,12,2330.4876261050645,2207.430105771435,6.3536781300515655,1275.388734999334,3311.145158657153,2224.5552345490078,123.12787508900101,3
Vermont Square,2024-01-31,2327.328215518913,267.0,-1.123098551502988,51433.0,0.6872,0,1,2347.683109638009,2224.238519292455,4.6348309919231,1275.388734999334,3521.5246644570134,2380.354864378869,-53.02664885995591,4
Vermont Square,2024-02-29,2338.489159191274,250.0,0.2044859096427709,51433.0,0.6872,0,2,2327.328215518913,2223.3297399598773,5.179592444685022,1275.388734999334,3521.5246644570134,2388.515862156443,-50.026702965168624,4
Vermont Square,2024-03-31,2377.40247193441,226.0,0.1004400229577262,51433.0,0.6872,0,3,2338.489159191274,2179.6564049314534,9.072350419798193,1275.388734999334,3521.5246644570134,2389.1590663595,-11.756594425089588,4
Vermont Square,2024-04-30,2371.5082764609897,220.0,-0.0525586506760933,51433.0,0.6872,0,4,2377.40247193441,2208.8351807161885,7.364655233898287,1275.388734999334,3521.5246644570134,2395.032562755599,-23.524286294609283,4
Vermont Square,2024-05-31,2360.560496570848,225.0,0.1099531503967909,51433.0,0.6872,0,5,2371.5082764609897,2213.6271972329405,6.637671398398792,1275.388734999334,3521.5246644570134,2414.929665445589,-54.36916887474081,4
Vermont Square,2024-06-30,2381.842182993514,233.0,-0.6287506168123125,51433.0,0.6872,0,6,2360.560496570848,2254.2255927046645,5.661216459517382,1275.388734999334,3521.5246644570134,2438.2325209381315,-56.390337944617386,4
Vermont Square,2024-07-31,2389.7195310041,238.0,-0.2899340039725806,51433.0,0.6872,0,7,2381.842182993514,2230.387490484746,7.1436932460881675,1275.388734999334,3521.5246644570134,2452.5660049081566,-62.84647390405644,4
Vermont Square,2024-08-31,2408.9117404941694,238.0,0.2811380468135116,51433.0,0.6872,0,8,2389.7195310041,2262.1185284586263,6.489191887551793,1275.388734999334,3521.5246644570134,2459.936149561024,-51.02440906685479,4
Vermont Square,2024-09-30,2380.8060195945063,257.0,0.437345807567846,51433.0,0.6872,0,9,2408.9117404941694,2263.4157458428253,5.186421185206003,1275.388734999334,3521.5246644570134,2474.363888984507,-93.55786939000063,4
Vermont Square,2024-10-31,2412.1411562792305,272.0,1.4371161974639168,51433.0,0.6872,0,10,2380.8060195945063,2342.6357064343715,2.9669764553640343,1275.388734999334,3521.5246644570134,2501.9592314984056,-89.81807521917517,4
Vermont Square,2024-11-30,2494.0721497970867,263.0,0.5173281338448854,51433.0,0.6872,0,11,2412.1411562792305,2330.4876261050645,7.019325992535763,1275.388734999334,3521.5246644570134,2533.6377627642896,-39.565612967202924,4
Vermont Square,2024-12-31,2536.645016903237,254.0,-0.5756746186937889,51433.0,0.6872,0,12,2494.0721497970867,2347.683109638009,8.048867689573491,1275.388734999334,3521.5246644570134,2562.8953807245043,-26.250363821267456,4
Vermont Square,2025-01-31,2510.7644074609098,250.0,-2.0957565649731724,51433.0,0.6872,0,1,2536.645016903237,2327.328215518913,7.881835949000293,1275.388734999334,3804.9675253548553,2532.9085824481404,-22.1441749872306,5
Vermont Square,2025-02-28,2467.71023825858,234.0,0.6219365206910465,51433.0,0.6872,0,2,2510.7644074609098,2338.489159191274,5.525836139090523,1275.388734999334,3804.9675253548553,2538.4116088255946,-70.70137056701469,5
Vermont Square,2025-03-31,2425.1379806789146,217.0,0.0734683447262574,51433.0,0.6872,0,3,2467.71023825858,2377.40247193441,2.007885047148261,1275.388734999334,3804.9675253548553,2544.0122708262843,-118.87429014736972,5
Vermont Square,2025-04-30,2382.20091256811,204.0,0.7261642567589099,51433.0,0.6872,0,4,2425.1379806789146,2371.5082764609897,0.4508791393752709,1275.388734999334,3804.9675253548553,2549.082131951162,-166.88121938305176,5
Vermont Square,2025-05-31,2320.1387943296045,206.0,0.1980574525058287,51433.0,0.6872,0,5,2382.20091256811,2360.560496570848,-1.7123773061509584,1275.388734999334,3804.9675253548553,2559.7809606127994,-239.6421662831949,5
Vermont Square,2025-06-30,2340.2160746291543,212.0,-0.814383756602044,51433.0,0.6872,0,6,2320.1387943296045,2381.842182993514,-1.7476434274937502,1275.388734999334,3804.9675253548553,2578.694927201792,-238.4788525726376,5
Vermont Square,2025-07-31,2334.9117919948017,214.0,-0.787589879310624,51433.0,0.6872,0,7,2340.2160746291543,2389.7195310041,-2.29347997947984,1275.388734999334,3804.9675253548553,2595.537230091341,-260.62543809653926,5
Vermont Square,2025-08-31,2348.7060080249257,223.0,0.4499509874817287,51433.0,0.6872,0,8,2334.9117919948017,2408.9117404941694,-2.499291753084032,1275.388734999334,3804.9675253548553,2600.361088563905,-251.6550805389793,5
Vermont Square,2025-09-30,2300.86065933709,216.0,0.0159976963317376,51433.0,0.6872,0,9,2348.7060080249257,2380.8060195945063,-3.3579115475788512,1275.388734999334,3804.9675253548553,2607.37370963622,-306.5130502991301,5
Vermont Square,2025-10-31,2323.7482658222298,233.0,1.0332858810921497,51433.0,0.6872,0,10,2300.86065933709,2412.1411562792305,-3.66449907904014,1275.388734999334,3804.9675253548553,2635.680288608167,-311.9320227859371,5
Vermont Square,2025-11-30,2330.6217954333,224.0,0.3467109950130442,51433.0,0.6872,0,11,2323.7482658222298,2494.0721497970867,-6.55355356809083,1275.388734999334,3804.9675253548553,2675.758576462626,-345.1367810293259,5
Vermont Square,2025-12-31,2351.326901936943,230.0,-0.0110437965417098,51433.0,0.6872,0,12,2330.6217954333,2536.645016903237,-7.305638500121392,1275.388734999334,3804.9675253548553,2706.281184628987,-354.95428269204376,5
West Adams,2022-01-31,2584.0242858238175,601.0,-2.264157050607707,60983.86,0.6543,0,1,2585.101992195737,2398.8398305280734,7.719750728625274,1624.58272528127,3877.652988293605,2552.70060303327,31.323682790547537,2
West Adams,2022-02-28,2620.430271483742,577.0,1.5731081304851902,60983.86,0.6543,0,2,2584.0242858238175,2447.463302006264,7.06719358511696,1624.58272528127,3877.652988293605,2581.0177956400735,39.412475843668744,2
West Adams,2022-03-31,2623.41881854841,579.0,0.283664819041407,60983.86,0.6543,0,3,2620.430271483742,2455.142693223742,6.854026276725778,1624.58272528127,3877.652988293605,2585.318143214245,38.10067533416486,2
West Adams,2022-04-30,2631.8516763896805,572.0,0.6047403843027821,60983.86,0.6543,0,4,2623.41881854841,2430.2566035513696,8.295217572651259,1624.58272528127,3877.652988293605,2575.959152843419,55.8925235462616,2
West Adams,2022-05-31,2671.396691135965,597.0,0.252076398539236,60983.86,0.6543,0,5,2631.8516763896805,2405.1671016790506,11.069068310100327,1624.58272528127,3877.652988293605,2564.94741109006,106.44928004590474,2
West Adams,2022-06-30,2667.507161335763,625.0,-0.1128267947519412,60983.86,0.6543,0,6,2671.396691135965,2392.0825607900224,11.514008966930378,1624.58272528127,3877.652988293605,2555.8177008989305,111.68946043683263,2
West Adams,2022-07-31,2716.7843955031412,676.0,-0.4437487897760328,60983.86,0.6543,0,7,2667.507161335763,2414.488953491779,12.520059020116436,1624.58272528127,3877.652988293605,2561.2368490271074,155.54754647603386,2
West Adams,2022-08-31,2723.9077155418354,744.0,0.3338898163605996,60983.86,0.6543,0,8,2716.7843955031412,2467.665238920742,10.384004790421386,1624.58272528127,3877.652988293605,2591.2146409949164,132.69307454691898,2
West Adams,2022-09-30,2738.6196580255755,743.0,0.4539359966398981,60983.86,0.6543,0,9,2723.9077155418354,2521.939292053424,8.591815300824512,1624.58272528127,3877.652988293605,2621.105638878578,117.51401914699773,2
West Adams,2022-10-31,2748.91511112984,748.0,0.8603499292422434,60983.86,0.6543,0,10,2738.6196580255755,2565.6961188216237,7.141102602297478,1624.58272528127,3877.652988293605,2624.3344644897043,124.58064664013591,2
West Adams,2022-11-30,2777.0236628572093,771.0,0.534128414037216,60983.86,0.6543,0,11,2748.91511112984,2541.272712683458,9.276885121267052,1624.58272528127,3877.652988293605,2615.1119432628007,161.91171959440862,2
West Adams,2022-12-31,2807.0384090479724,774.0,0.0301329019570584,60983.86,0.6543,0,12,2777.0236628572093,2585.101992195737,8.585209307882158,1624.58272528127,3877.652988293605,2631.090659670352,175.9477493776203,2
West Adams,2023-01-31,2780.8769334028625,755.0,-2.199039208536135,67263.41,0.663,0,1,2807.0384090479724,2584.0242858238175,7.618064917539513,1624.58272528127,4210.557613571958,2844.761020884761,-63.884087481898405,3
West Adams,2023-02-28,2775.8900599698445,696.0,0.5495574360470767,67263.41,0.663,0,2,2780.8769334028625,2620.430271483742,5.93260542659193,1624.58272528127,4210.557613571958,2880.944075591183,-105.0540156213383,3
West Adams,2023-03-31,2775.060465473533,705.0,0.0225715437323525,67263.41,0.663,0,3,2775.8900599698445,2623.41881854841,5.780306440320104,1624.58272528127,4210.557613571958,2897.264897605734,-122.20443213220096,3
West Adams,2023-04-30,2808.82374106498,688.0,0.1144441399764772,67263.41,0.663,0,4,2775.060465473533,2631.8516763896805,6.7242415772482245,1624.58272528127,4210.557613571958,2902.90012517068,-94.07638410570007,3
West Adams,2023-05-31,2806.9349304385146,625.0,0.4685235871840332,67263.41,0.663,0,5,2808.82374106498,2671.396691135965,5.0736844794441405,1624.58272528127,4210.557613571958,2911.208117999798,-104.27318756128352,3
West Adams,2023-06-30,2800.2797262249305,602.0,-0.3124949920674358,67263.41,0.663,0,6,2806.9349304385146,2667.507161335763,4.977402378281948,1624.58272528127,4210.557613571958,2921.674963407856,-121.39523718292548,3
West Adams,2023-07-31,2792.1881488348317,588.0,-0.8938044561617953,67263.41,0.663,0,7,2800.2797262249305,2716.7843955031412,2.7754780046771454,1624.58272528127,4210.557613571958,2939.9397687047804,-147.75161986994863,3
West Adams,2023-08-31,2805.310115609297,611.0,0.2789943227899494,67263.41,0.663,0,8,2792.1881488348317,2723.9077155418354,2.9884419212516944,1624.58272528127,4210.557613571958,2971.7732445848733,-166.46312897557618,3
West Adams,2023-09-30,2812.433656624356,606.0,0.53217301284334,67263.41,0.663,0,9,2805.310115609297,2738.6196580255755,2.695299377643301,1624.58272528127,4210.557613571958,3001.8576841238223,-189.42402749946632,3
West Adams,2023-10-31,2824.299796561379,616.0,0.859197760293462,67263.41,0.663,0,10,2812.433656624356,2748.91511112984,2.7423431566264256,1624.58272528127,4210.557613571958,3014.11119325975,-189.81139669837103,3
West Adams,2023-11-30,2827.6624082580374,626.0,0.5695142378559392,67263.41,0.663,0,11,2824.299796561379,2777.0236628572093,1.8234898779626365,1624.58272528127,4210.557613571958,3019.9958206659835,-192.33341240794607,3
West Adams,2023-12-31,2827.669943742879,612.0,0.420354684178803,67263.41,0.663,0,12,2827.6624082580374,2807.0384090479724,0.7349929601392136,1624.58272528127,4210.557613571958,3048.80122682147,-221.13128307859142,3
West Adams,2024-01-31,2825.2568149978815,599.0,-1.123098551502988,67263.41,0.663,0,1,2827.669943742879,2780.8769334028625,1.5958952034857976,1624.58272528127,4241.504915614318,2928.7108577857634,-103.45404278788192,4
West Adams,2024-02-29,2852.190376147639,565.0,0.2044859096427709,67263.41,0.663,0,2,2825.2568149978815,2775.8900599698445,2.7486793255286024,1624.58272528127,4241.504915614318,2956.068649589456,-103.87827344181687,4
West Adams,2024-03-31,2862.9010863211806,562.0,0.1004400229577262,67263.41,0.663,0,3,2852.190376147639,2775.060465473533,3.1653588071515637,1624.58272528127,4241.504915614318,2963.3656131187745,-100.46452679759386,4
West Adams,2024-04-30,2890.980997867329,555.0,-0.0525586506760933,67263.41,0.663,0,4,2862.9010863211806,2808.82374106498,2.9249701788407245,1624.58272528127,4241.504915614318,2965.6953195607184,-74.71432169338959,4
West Adams,2024-05-31,2864.284820989082,573.0,0.1099531503967909,67263.41,0.663,0,5,2890.980997867329,2806.9349304385146,2.0431499828750255,1624.58272528127,4241.504915614318,2969.7625947373135,-105.47777374823136,4
West Adams,2024-06-30,2856.041602860394,571.0,-0.6287506168123125,67263.41,0.663,0,6,2864.284820989082,2800.2797262249305,1.991296659160424,1624.58272528127,4241.504915614318,2970.3593031290175,-114.31770026862341,4
West Adams,2024-07-31,2856.04952050711,597.0,-0.2899340039725806,67263.41,0.663,0,7,2856.041602860394,2792.1881488348317,2.2871442849912382,1624.58272528127,4241.504915614318,2976.9083873586624,-120.8588668515522,4
West Adams,2024-08-31,2870.1989127166416,633.0,0.2811380468135116,67263.41,0.663,0,8,2856.04952050711,2805.310115609297,2.313070371303705,1624.58272528127,4241.504915614318,3000.623963074998,-130.4250503583562,4
West Adams,2024-09-30,2911.673444330846,625.0,0.437345807567846,67263.41,0.663,0,9,2870.1989127166416,2812.433656624356,3.5286090206160914,1624.58272528127,4241.504915614318,3024.247945589897,-112.57450125905098,4
West Adams,2024-10-31,2922.852995641484,653.0,1.4371161974639168,67263.41,0.663,0,10,2911.673444330846,2824.299796561379,3.4894737166392575,1624.58272528127,4241.504915614318,3029.12218345946,-106.26918781797576,4
West Adams,2024-11-30,2924.719852937967,645.0,0.5173281338448854,67263.41,0.663,0,11,2922.852995641484,2827.6624082580374,3.4324268836505523,1624.58272528127,4241.504915614318,3029.941135262072,-105.22128232410478,4
West Adams,2024-12-31,2884.2453932139965,650.0,-0.5756746186937889,67263.41,0.663,0,12,2924.719852937967,2827.669943742879,2.000779815066789,1624.58272528127,4241.504915614318,3055.741177497286,-171.4957842832896,4
West Adams,2025-01-31,2888.1609402875056,639.0,-2.0957565649731724,67263.41,0.663,0,1,2884.2453932139965,2825.2568149978815,2.2264922946366283,1624.58272528127,4387.07977940695,2955.6557020338546,-67.49476174634901,5
West Adams,2025-02-28,2897.155378282934,606.0,0.6219365206910465,67263.41,0.663,0,2,2888.1609402875056,2852.190376147639,1.5765077433585573,1624.58272528127,4387.07977940695,2976.5888313699347,-79.43345308700054,5
West Adams,2025-03-31,2958.3064776974516,600.0,0.0734683447262574,67263.41,0.663,0,3,2897.155378282934,2862.9010863211806,3.3324724990365207,1624.58272528127,4387.07977940695,2984.3869227569944,-26.080445059542853,5
West Adams,2025-04-30,2961.404459105759,575.0,0.7261642567589099,67263.41,0.663,0,4,2958.3064776974516,2890.980997867329,2.435971086990252,1624.58272528127,4387.07977940695,2984.424165973314,-23.01970686755476,5
West Adams,2025-05-31,2987.321123328158,578.0,0.1980574525058287,67263.41,0.663,0,5,2961.404459105759,2864.284820989082,4.295533092152115,1624.58272528127,4387.07977940695,2981.482444205854,5.8386791223042565,5
West Adams,2025-06-30,2977.4054230974416,565.0,-0.814383756602044,67263.41,0.663,0,6,2987.321123328158,2856.041602860394,4.249371581824946,1624.58272528127,4387.07977940695,2975.3700137758674,2.035409321574207,5
West Adams,2025-07-31,2996.4304336179157,565.0,-0.787589879310624,67263.41,0.663,0,7,2977.4054230974416,2856.04952050711,4.915212852677708,1624.58272528127,4387.07977940695,2976.5572657772404,19.87316784067525,5
West Adams,2025-08-31,3013.779447014678,587.0,0.4499509874817287,67263.41,0.663,0,8,2996.4304336179157,2870.1989127166416,5.002459364815848,1624.58272528127,4387.07977940695,2995.7061025124913,18.073344502186956,5
West Adams,2025-09-30,3008.171089623249,581.0,0.0159976963317376,67263.41,0.663,0,9,3013.779447014678,2911.673444330846,3.3141644191002184,1624.58272528127,4387.07977940695,3017.477721033877,-9.306631410628142,5
West Adams,2025-10-31,2977.1508903224094,563.0,1.0332858810921497,67263.41,0.663,0,10,3008.171089623249,2922.852995641484,1.8577018673841428,1624.58272528127,4387.07977940695,3022.2519984403843,-45.101108117974945,5
West Adams,2025-11-30,2925.6379443761734,557.0,0.3467109950130442,67263.41,0.663,0,11,2977.1508903224094,2924.719852937967,0.0313907479816855,1624.58272528127,4387.07977940695,3017.5379823742187,-91.90003799804526,5
West Adams,2025-12-31,2922.9371304573965,571.0,-0.0110437965417098,67263.41,0.663,0,12,2925.6379443761734,2884.2453932139965,1.341485621661498,1624.58272528127,4387.07977940695,3028.5683645020663,-105.63123404466978,5
West Hollywood,2022-01-31,2950.5384198946676,366.0,-2.264157050607707,92861.62,0.7282,0,1,2926.895302599661,2643.4311046279126,11.617753711420576,1846.3387465400288,4390.3429538994915,2816.175611022338,134.36280887232942,2
West Hollywood,2022-02-28,2981.9648735662568,385.0,1.5731081304851902,92861.62,0.7282,0,2,2950.5384198946676,2647.5563517316887,12.63083679468584,1846.3387465400288,4390.3429538994915,2814.2761800464523,167.68869351980447,2
West Hollywood,2022-03-31,3000.843079509488,384.0,0.283664819041407,92861.62,0.7282,0,3,2981.9648735662568,2672.691340354918,12.277951224663042,1846.3387465400288,4390.3429538994915,2817.8866969019823,182.95638260750547,2
West Hollywood,2022-04-30,3011.3905264315717,407.0,0.6047403843027821,92861.62,0.7282,0,4,3000.843079509488,2668.638166295784,12.843717985625114,1846.3387465400288,4390.3429538994915,2808.4175879582945,202.97293847327728,2
West Hollywood,2022-05-31,3007.0683669010514,403.0,0.252076398539236,92861.62,0.7282,0,5,3011.3905264315717,2679.609909997297,12.220377887171075,1846.3387465400288,4390.3429538994915,2797.772943468093,209.29542343295816,2
West Hollywood,2022-06-30,3027.2317403286497,412.0,-0.1128267947519412,92861.62,0.7282,0,6,3007.0683669010514,2699.9026878395443,12.12373519843537,1846.3387465400288,4390.3429538994915,2817.9747099837937,209.25703034485605,2
West Hollywood,2022-07-31,3063.8247915257516,414.0,-0.4437487897760328,92861.62,0.7282,0,7,3027.2317403286497,2761.319381491574,10.955104000710492,1846.3387465400288,4390.3429538994915,2859.08988418472,204.73490734103143,2
West Hollywood,2022-08-31,3073.7543333690155,439.0,0.3338898163605996,92861.62,0.7282,0,8,3063.8247915257516,2807.9329143710665,9.46680092097174,1846.3387465400288,4390.3429538994915,2876.8072890504477,196.9470443185678,2
West Hollywood,2022-09-30,3067.5632385526615,433.0,0.4539359966398981,92861.62,0.7282,0,9,3073.7543333690155,2834.6127759702335,8.218070014966795,1846.3387465400288,4390.3429538994915,2870.2896329684145,197.27360558424698,2
West Hollywood,2022-10-31,3061.875704825795,425.0,0.8603499292422434,92861.62,0.7282,0,10,3067.5632385526615,2846.741895381567,7.557194060805172,1846.3387465400288,4390.3429538994915,2877.0498553680322,184.82584945776262,2
West Hollywood,2022-11-30,3057.283840733396,405.0,0.534128414037216,92861.62,0.7282,0,11,3061.875704825795,2886.248759746031,5.925860701016461,1846.3387465400288,4390.3429538994915,2901.5310251051014,155.75281562829468,2
West Hollywood,2022-12-31,3062.3846150829904,380.0,0.0301329019570584,92861.62,0.7282,0,12,3057.283840733396,2926.895302599661,4.629113735738621,1846.3387465400288,4390.3429538994915,2913.444985090554,148.9396299924365,2
West Hollywood,2023-01-31,3060.113221068156,389.0,-2.199039208536135,99086.15,0.7213,0,1,3062.3846150829904,2950.5384198946676,3.713722228955074,1846.3387465400288,4610.631500053523,3127.4817829096223,-67.36856184146654,3
West Hollywood,2023-02-28,3094.076468926901,357.0,0.5495574360470767,99086.15,0.7213,0,2,3060.113221068156,2981.9648735662568,3.7596551305637993,1846.3387465400288,4610.631500053523,3161.3642249375607,-67.2877560106599,3
West Hollywood,2023-03-31,3111.9708776766647,379.0,0.0225715437323525,99086.15,0.7213,0,3,3094.076468926901,3000.843079509488,3.70321923615351,1846.3387465400288,4610.631500053523,3168.8452792055914,-56.87440152892668,3
West Hollywood,2023-04-30,3131.234283446348,382.0,0.1144441399764772,99086.15,0.7213,0,4,3111.9708776766647,3011.3905264315717,3.97968167738072,1846.3387465400288,4610.631500053523,3157.812354458493,-26.578071012144846,3
West Hollywood,2023-05-31,3136.8140939884315,422.0,0.4685235871840332,99086.15,0.7213,0,5,3131.234283446348,3007.0683669010514,4.314691628414491,1846.3387465400288,4610.631500053523,3158.2465581112615,-21.43246412282997,3
West Hollywood,2023-06-30,3126.9194938759274,463.0,-0.3124949920674358,99086.15,0.7213,0,6,3136.8140939884315,3027.2317403286497,3.2930334410557816,1846.3387465400288,4610.631500053523,3182.3785652591732,-55.45907138324583,3
West Hollywood,2023-07-31,3138.5152058929616,466.0,-0.8938044561617953,99086.15,0.7213,0,7,3126.9194938759274,3063.8247915257516,2.4378161105620855,1846.3387465400288,4610.631500053523,3215.359541818224,-76.84433592526238,3
West Hollywood,2023-08-31,3124.9106963896384,487.0,0.2789943227899494,99086.15,0.7213,0,8,3138.5152058929616,3073.7543333690155,1.6642957592694962,1846.3387465400288,4610.631500053523,3234.5259161666654,-109.61521977702705,3
West Hollywood,2023-09-30,3124.680029321628,471.0,0.53217301284334,99086.15,0.7213,0,9,3124.9106963896384,3067.5632385526615,1.861959683540726,1846.3387465400288,4610.631500053523,3235.951862936513,-111.27183361488505,3
West Hollywood,2023-10-31,3116.8276252305714,498.0,0.859197760293462,99086.15,0.7213,0,10,3124.680029321628,3061.875704825795,1.79471427655169,1846.3387465400288,4610.631500053523,3232.617270817254,-115.78964558668258,3
West Hollywood,2023-11-30,3102.78956050582,469.0,0.5695142378559392,99086.15,0.7213,0,11,3116.8276252305714,3057.283840733396,1.4884362114545358,1846.3387465400288,4610.631500053523,3242.1617459063345,-139.37218540051435,3
West Hollywood,2023-12-31,3099.3163877315283,427.0,0.420354684178803,99086.15,0.7213,0,12,3102.78956050582,3062.3846150829904,1.2059808708102748,1846.3387465400288,4610.631500053523,3276.2328561338095,-176.91646840228123,3
West Hollywood,2024-01-31,3088.4413522713658,426.0,-1.123098551502988,99086.15,0.7213,0,1,3099.3163877315283,3060.113221068156,0.925721669648616,1846.3387465400288,4707.772808839442,3239.2858343740704,-150.84448210270466,4
West Hollywood,2024-02-29,3114.1625559175154,415.0,0.2044859096427709,99086.15,0.7213,0,2,3088.4413522713658,3094.076468926901,0.6491787514734781,1846.3387465400288,4707.772808839442,3275.5354343906506,-161.3728784731352,4
West Hollywood,2024-03-31,3126.5217467255934,410.0,0.1004400229577262,99086.15,0.7213,0,3,3114.1625559175154,3111.9708776766647,0.4675772885057272,1846.3387465400288,4707.772808839442,3286.4477501845977,-159.92600345900428,4
West Hollywood,2024-04-30,3118.622926220515,397.0,-0.0525586506760933,99086.15,0.7213,0,4,3126.5217467255934,3131.234283446348,-0.4027599369521573,1846.3387465400288,4707.772808839442,3280.406163636593,-161.783237416078,4
West Hollywood,2024-05-31,3107.302848520882,425.0,0.1099531503967909,99086.15,0.7213,0,5,3118.622926220515,3136.8140939884315,-0.9408031392139748,1846.3387465400288,4707.772808839442,3282.932908842504,-175.63006032162184,4
West Hollywood,2024-06-30,3109.338928316012,434.0,-0.6287506168123125,99086.15,0.7213,0,6,3107.302848520882,3126.9194938759274,-0.5622327531727978,1846.3387465400288,4707.772808839442,3301.7165462964917,-192.37761798047995,4
West Hollywood,2024-07-31,3124.9752365326754,433.0,-0.2899340039725806,99086.15,0.7213,0,7,3109.338928316012,3138.5152058929616,-0.4314132152319461,1846.3387465400288,4707.772808839442,3325.0378185195736,-200.0625819868983,4
West Hollywood,2024-08-31,3119.955505401601,460.0,0.2811380468135116,99086.15,0.7213,0,8,3124.9752365326754,3124.9106963896384,-0.1585706431150968,1846.3387465400288,4707.772808839442,3338.4524396176303,-218.49693421602933,4
West Hollywood,2024-09-30,3119.7661649750435,474.0,0.437345807567846,99086.15,0.7213,0,9,3119.955505401601,3124.680029321628,-0.1572597610146719,1846.3387465400288,4707.772808839442,3339.0612203747655,-219.29505539972206,4
West Hollywood,2024-10-31,3132.8967187504295,480.0,1.4371161974639168,99086.15,0.7213,0,10,3119.7661649750435,3116.8276252305714,0.5155592625584848,1846.3387465400288,4707.772808839442,3333.5994979353404,-200.70277918491092,4
West Hollywood,2024-11-30,3142.602703158293,462.0,0.5173281338448854,99086.15,0.7213,0,11,3132.8967187504295,3102.78956050582,1.2831402799351466,1846.3387465400288,4707.772808839442,3337.2799572487374,-194.67725409044442,4
West Hollywood,2024-12-31,3132.1616530820493,459.0,-0.5756746186937889,99086.15,0.7213,0,12,3142.602703158293,3099.3163877315283,1.059758386737708,1846.3387465400288,4707.772808839442,3365.4245970587885,-233.26294397673928,4
West Hollywood,2025-01-31,3188.5545048895547,453.0,-2.0957565649731724,99086.15,0.7213,0,1,3132.1616530820493,3088.4413522713658,3.241542940245945,1846.3387465400288,4713.90405473744,3194.96279287777,-6.4082879882153065,5
West Hollywood,2025-02-28,3220.5187394966524,431.0,0.6219365206910465,99086.15,0.7213,0,2,3188.5545048895547,3114.1625559175154,3.415241872234298,1846.3387465400288,4713.90405473744,3217.7345147245132,2.7842247721391686,5
West Hollywood,2025-03-31,3276.199079006246,414.0,0.0734683447262574,99086.15,0.7213,0,3,3220.5187394966524,3126.5217467255934,4.787343393258325,1846.3387465400288,4713.90405473744,3225.7506625449387,50.44841646130726,5
West Hollywood,2025-04-30,3244.8217836872427,400.0,0.7261642567589099,99086.15,0.7213,0,4,3276.199079006246,3118.622926220515,4.046621231623826,1846.3387465400288,4713.90405473744,3215.299082258905,29.52270142833777,5
West Hollywood,2025-05-31,3226.967463399069,403.0,0.1980574525058287,99086.15,0.7213,0,5,3244.8217836872427,3107.302848520882,3.851076663967557,1846.3387465400288,4713.90405473744,3207.9898372581315,18.977626140937446,5
West Hollywood,2025-06-30,3193.494738470371,407.0,-0.814383756602044,99086.15,0.7213,0,6,3226.967463399069,3109.338928316012,2.7065499160600304,1846.3387465400288,4713.90405473744,3218.6539459519413,-25.15920748157032,5
West Hollywood,2025-07-31,3183.0847366925072,428.0,-0.787589879310624,99086.15,0.7213,0,7,3193.494738470371,3124.9752365326754,1.8595187405167304,1846.3387465400288,4713.90405473744,3235.6122186401503,-52.52748194764308,5
West Hollywood,2025-08-31,3189.6854117383173,431.0,0.4499509874817287,99086.15,0.7213,0,8,3183.0847366925072,3119.955505401601,2.2349647684395624,1846.3387465400288,4713.90405473744,3240.3725495152376,-50.68713777692028,5
West Hollywood,2025-09-30,3215.8502631051606,447.0,0.0159976963317376,99086.15,0.7213,0,9,3189.6854117383173,3119.7661649750435,3.0798493556611017,1846.3387465400288,4713.90405473744,3234.3033442349756,-18.45308112981502,5
West Hollywood,2025-10-31,3208.099091573119,432.0,1.0332858810921497,99086.15,0.7213,0,10,3215.8502631051606,3132.8967187504295,2.400410213736137,1846.3387465400288,4713.90405473744,3228.589402436286,-20.490310863166997,5
West Hollywood,2025-11-30,3201.8895762321445,398.0,0.3467109950130442,99086.15,0.7213,0,11,3208.099091573119,3142.602703158293,1.886553238634603,1846.3387465400288,4713.90405473744,3229.645693071777,-27.75611683963234,5
West Hollywood,2025-12-31,3147.8575594346203,399.0,-0.0110437965417098,99086.15,0.7213,0,12,3201.8895762321445,3132.1616530820493,0.5011205707446953,1846.3387465400288,4713.90405473744,3241.1869420830826,-93.32938264846234,5
Westwood,2022-01-31,3508.330209839883,170.0,-2.264157050607707,74852.0,0.6674,0,1,3495.6887254212866,3153.5590639869615,11.249865268240566,2183.5126936081933,5243.53308813193,3341.368639115509,166.96157072437427,2
Westwood,2022-02-28,3530.192822233535,179.0,1.5731081304851902,74852.0,0.6674,0,2,3508.330209839883,3171.881674534305,11.29648531898142,2183.5126936081933,5243.53308813193,3355.5090684966553,174.68375373687968,2
Westwood,2022-03-31,3568.0393240785147,182.0,0.283664819041407,74852.0,0.6674,0,3,3530.192822233535,3183.57614673726,12.076456149329996,2183.5126936081933,5243.53308813193,3370.3437149837764,197.6956090947383,2
Westwood,2022-04-30,3620.800896465921,183.0,0.6047403843027821,74852.0,0.6674,0,4,3568.0393240785147,3197.4458633750824,13.240412853900963,2183.5126936081933,5243.53308813193,3388.816965494117,231.98393097180406,2
Westwood,2022-05-31,3675.7793760632953,169.0,0.252076398539236,74852.0,0.6674,0,5,3620.800896465921,3276.728218763759,12.178341646231816,2183.5126936081933,5243.53308813193,3411.03878021282,264.74059585047553,2
Westwood,2022-06-30,3710.5805581127584,187.0,-0.1128267947519412,74852.0,0.6674,0,6,3675.7793760632953,3328.412766113611,11.481983120903072,2183.5126936081933,5243.53308813193,3430.059289508805,280.52126860395356,2
Westwood,2022-07-31,3735.777003175526,191.0,-0.4437487897760328,74852.0,0.6674,0,7,3710.5805581127584,3384.5039813585295,10.37886271523889,2183.5126936081933,5243.53308813193,3448.2459745338524,287.5310286416734,2
Westwood,2022-08-31,3765.960646507112,187.0,0.3338898163605996,74852.0,0.6674,0,8,3735.777003175526,3440.891012758123,9.447251672421398,2183.5126936081933,5243.53308813193,3463.7587219907414,302.2019245163706,2
Westwood,2022-09-30,3765.3217548603857,196.0,0.4539359966398981,74852.0,0.6674,0,9,3765.960646507112,3441.8114767279635,9.399418890890976,2183.5126936081933,5243.53308813193,3462.796089613758,302.5256652466278,2
Westwood,2022-10-31,3760.3860009087743,205.0,0.8603499292422434,74852.0,0.6674,0,10,3765.3217548603857,3469.2072732276,8.393235247955477,2183.5126936081933,5243.53308813193,3437.8780233146426,322.5079775941317,2
Westwood,2022-11-30,3712.0332439736785,205.0,0.534128414037216,74852.0,0.6674,0,11,3760.3860009087743,3460.6128436942377,7.265198727374744,2183.5126936081933,5243.53308813193,3408.716052847029,303.3171911266495,2
Westwood,2022-12-31,3681.325572251314,199.0,0.0301329019570584,74852.0,0.6674,0,12,3712.0332439736785,3495.6887254212866,5.310451284750917,2183.5126936081933,5243.53308813193,3398.692561044847,282.633011206467,2
Westwood,2023-01-31,3684.0508380236174,186.0,-2.199039208536135,79994.0,0.6785,0,1,3681.325572251314,3508.330209839883,5.008668445486886,2183.5126936081933,5648.940969760668,3715.83783476154,-31.786996737922436,3
Westwood,2023-02-28,3705.374068280854,186.0,0.5495574360470767,79994.0,0.6785,0,2,3684.0508380236174,3530.192822233535,4.96237046724497,2183.5126936081933,5648.940969760668,3763.361796706934,-57.98772842608014,3
Westwood,2023-03-31,3770.8170142464264,191.0,0.0225715437323525,79994.0,0.6785,0,3,3705.374068280854,3568.0393240785147,5.683168590645549,2183.5126936081933,5648.940969760668,3782.301899091236,-11.484884844809585,3
Westwood,2023-04-30,3782.3157549533826,207.0,0.1144441399764772,79994.0,0.6785,0,4,3770.8170142464264,3620.800896465921,4.460749516636153,2183.5126936081933,5648.940969760668,3804.282419101291,-21.966664147908432,3
Westwood,2023-05-31,3793.3353517897976,223.0,0.4685235871840332,79994.0,0.6785,0,5,3782.3157549533826,3675.7793760632953,3.1981238180949445,2183.5126936081933,5648.940969760668,3845.98793604228,-52.652584252482484,3
Westwood,2023-06-30,3785.8712255426167,239.0,-0.3124949920674358,79994.0,0.6785,0,6,3793.3353517897976,3710.5805581127584,2.0290805239423726,2183.5126936081933,5648.940969760668,3875.822780876051,-89.9515553334345,3
Westwood,2023-07-31,3784.625339584368,251.0,-0.8938044561617953,79994.0,0.6785,0,7,3785.8712255426167,3735.777003175526,1.307581698996474,2183.5126936081933,5648.940969760668,3890.0366341831427,-105.41129459877493,3
Westwood,2023-08-31,3776.432272575177,272.0,0.2789943227899494,79994.0,0.6785,0,8,3784.625339584368,3765.960646507112,0.2780598909809972,2183.5126936081933,5648.940969760668,3911.0362037458985,-134.60393117072135,3
Westwood,2023-09-30,3761.102533988785,274.0,0.53217301284334,79994.0,0.6785,0,9,3776.432272575177,3765.3217548603857,-0.1120547232425606,2183.5126936081933,5648.940969760668,3924.070933419625,-162.96839943083978,3
Westwood,2023-10-31,3775.343043861589,263.0,0.859197760293462,79994.0,0.6785,0,10,3761.102533988785,3760.3860009087743,0.3977528623178683,2183.5126936081933,5648.940969760668,3895.69680929832,-120.35376543673101,3
Westwood,2023-11-30,3771.73594790105,250.0,0.5695142378559392,79994.0,0.6785,0,11,3775.343043861589,3712.0332439736785,1.6083558525316732,2183.5126936081933,5648.940969760668,3855.268032310719,-83.53208440966864,3
Westwood,2023-12-31,3783.2070304066456,223.0,0.420354684178803,79994.0,0.6785,0,12,3771.73594790105,3681.325572251314,2.767520996330286,2183.5126936081933,5648.940969760668,3867.444738802194,-84.23770839554845,3
Westwood,2024-01-31,3778.737833790368,221.0,-1.123098551502988,79994.0,0.6785,0,1,3783.2070304066456,3684.0508380236174,2.5701870014787076,2183.5126936081933,5690.0030276846965,3859.452347099792,-80.71451330942409,4
Westwood,2024-02-29,3813.601353603424,198.0,0.2044859096427709,79994.0,0.6785,0,2,3778.737833790368,3705.374068280854,2.9208194187201997,2183.5126936081933,5690.0030276846965,3905.3252031884804,-91.72384958505654,4
Westwood,2024-03-31,3847.7313278060938,179.0,0.1004400229577262,79994.0,0.6785,0,3,3813.601353603424,3770.8170142464264,2.0397254300349,2183.5126936081933,5690.0030276846965,3931.0205809840704,-83.28925317797666,4
Westwood,2024-04-30,3886.019689345384,171.0,-0.0525586506760933,79994.0,0.6785,0,4,3847.7313278060938,3782.3157549533826,2.7418106025703715,2183.5126936081933,5690.0030276846965,3954.150613946348,-68.13092460096414,4
Westwood,2024-05-31,3925.182149283018,174.0,0.1099531503967909,79994.0,0.6785,0,5,3886.019689345384,3793.3353517897976,3.4757485238158914,2183.5126936081933,5690.0030276846965,3985.9903150542023,-60.80816577118412,4
Westwood,2024-06-30,3917.4412163111456,186.0,-0.6287506168123125,79994.0,0.6785,0,6,3925.182149283018,3785.8712255426167,3.475289647488511,2183.5126936081933,5690.0030276846965,4007.163713229546,-89.72249691840034,4
Westwood,2024-07-31,3913.5784014695378,192.0,-0.2899340039725806,79994.0,0.6785,0,7,3917.4412163111456,3784.625339584368,3.407287388170688,2183.5126936081933,5690.0030276846965,4016.9291892629285,-103.35078779339074,4
Westwood,2024-08-31,3892.837478300181,205.0,0.2811380468135116,79994.0,0.6785,0,8,3913.5784014695378,3776.432272575177,3.082412110773181,2183.5126936081933,5690.0030276846965,4030.3383568960166,-137.50087859583573,4
Westwood,2024-09-30,3882.5294165750392,217.0,0.437345807567846,79994.0,0.6785,0,9,3892.837478300181,3761.102533988785,3.228491685321755,2183.5126936081933,5690.0030276846965,4037.3081506881604,-154.77873411312112,4
Westwood,2024-10-31,3844.3647651686247,231.0,1.4371161974639168,79994.0,0.6785,0,10,3882.5294165750392,3775.343043861589,1.8282238330437073,2183.5126936081933,5690.0030276846965,4016.003030524227,-171.63826535560247,4
Westwood,2024-11-30,3856.78021683654,227.0,0.5173281338448854,79994.0,0.6785,0,11,3844.3647651686247,3771.73594790105,2.2547779089046927,2183.5126936081933,5690.0030276846965,3988.1487210951464,-131.3685042586062,4
Westwood,2024-12-31,3870.23580483013,226.0,-0.5756746186937889,79994.0,0.6785,0,12,3856.78021683654,3783.2070304066456,2.3003968253392015,2183.5126936081933,5690.0030276846965,3999.728727157386,-129.4929223272561,4
Westwood,2025-01-31,3967.9496740203554,222.0,-2.0957565649731724,79994.0,0.6785,0,1,3870.23580483013,3778.737833790368,5.007276200481825,2183.5126936081933,5887.773223924527,3971.988775346548,-4.039101326192849,5
Westwood,2025-02-28,4025.6962700806616,215.0,0.6219365206910465,79994.0,0.6785,0,2,3967.9496740203554,3813.601353603424,5.5615387349501555,2183.5126936081933,5887.773223924527,4010.6907833674272,15.005486713234404,5
Westwood,2025-03-31,4073.8095794322994,225.0,0.0734683447262574,79994.0,0.6785,0,3,4025.6962700806616,3847.7313278060938,5.875624682846858,2183.5126936081933,5887.773223924527,4039.501795535203,34.307783897096215,5
Westwood,2025-04-30,4025.3164985607614,219.0,0.7261642567589099,79994.0,0.6785,0,4,4073.8095794322994,3886.019689345384,3.5845626206501,2183.5126936081933,5887.773223924527,4067.2025323850753,-41.88603382431393,5
Westwood,2025-05-31,4036.655614152271,211.0,0.1980574525058287,79994.0,0.6785,0,5,4025.3164985607614,3925.182149283018,2.8399564817549905,2183.5126936081933,5887.773223924527,4098.053933939375,-61.398319787104356,5
Westwood,2025-06-30,4001.832791063191,219.0,-0.814383756602044,79994.0,0.6785,0,6,4036.655614152271,3917.4412163111456,2.154252485031871,2183.5126936081933,5887.773223924527,4115.622995303701,-113.79020424050987,5
Westwood,2025-07-31,4010.4886859118697,211.0,-0.787589879310624,79994.0,0.6785,0,7,4001.832791063191,3913.5784014695378,2.4762576471175857,2183.5126936081933,5887.773223924527,4122.013367490373,-111.52468157850308,5
Westwood,2025-08-31,3995.244312695052,216.0,0.4499509874817287,79994.0,0.6785,0,8,4010.4886859118697,3892.837478300181,2.6306475666070472,2183.5126936081933,5887.773223924527,4129.801710823467,-134.55739812841512,5
Westwood,2025-09-30,3966.5463232017873,206.0,0.0159976963317376,79994.0,0.6785,0,9,3995.244312695052,3882.5294165750392,2.163973472243863,2183.5126936081933,5887.773223924527,4130.926667813863,-164.38034461207553,5
Westwood,2025-10-31,3950.711899362559,210.0,1.0332858810921497,79994.0,0.6785,0,10,3966.5463232017873,3844.3647651686247,2.7663122697793696,2183.5126936081933,5887.773223924527,4110.299946854595,-159.5880474920359,5
Westwood,2025-11-30,3920.4643754124127,217.0,0.3467109950130442,79994.0,0.6785,0,11,3950.711899362559,3856.78021683654,1.651226022625374,2183.5126936081933,5887.773223924527,4087.8952565537934,-167.43088114138072,5
Westwood,2025-12-31,3964.161332164548,206.0,-0.0110437965417098,79994.0,0.6785,0,12,3920.4643754124127,3870.23580483013,2.426868337510535,2183.5126936081933,5887.773223924527,4098.858306919401,-134.69697475485282,5
