Date,Rent,permits_trailing6,employment_growth,median_income,renter_rate,covid,month,rent_lag1,rent_lag12,rent_yoy_growth,Neighborhood_Boyle Heights,Neighborhood_Brentwood,Neighborhood_Culver City,Neighborhood_Downtown LA,Neighborhood_Exposition Park,Neighborhood_Glassell Park,Neighborhood_Hancock Park,Neighborhood_Highland Park,Neighborhood_Koreatown,Neighborhood_Leimert Park,Neighborhood_Los Feliz,Neighborhood_Mar Vista,Neighborhood_Mid-Wilshire,Neighborhood_Palms,Neighborhood_Santa Monica,Neighborhood_Silver Lake,Neighborhood_University Park,Neighborhood_Vermont Square,Neighborhood_West Adams,Neighborhood_West Hollywood,Neighborhood_Westwood,predicted_rent,residual,fold
2021-01-31,5578.477767819288,146.0,-2.9640257558790517,134058.24,0.3815,1,1,5573.663282290401,5603.96162023029,-0.4547470903263351,False,False,False,False,False,False,False,False,False,False,False,False,False,False,False,False,False,False,False,False,False,5476.7583,101.71946703803769,1
2021-02-28,5726.878558448635,141.0,2.232319953838946,134058.24,0.3815,1,2,5578.477767819288,5581.318853025709,2.6079804658358796,False,False,False,False,False,False,False,False,False,False,False,False,False,False,False,False,False,False,False,False,False,5567.2495,159.62904672988498,1
2021-03-31,5688.404403103273,154.0,0.9489205587695616,134058.24,0.3815,1,3,5726.878558448635,5584.722928550332,1.856519578131599,False,False,False,False,False,False,False,False,False,False,False,False,False,False,False,False,False,False,False,False,False,5550.7817,137.62266482202267,1
2021-04-30,5650.978640136506,159.0,1.450186951811849,134058.24,0.3815,1,4,5688.404403103273,5550.222479151271,1.8153535531902243,False,False,False,False,False,False,False,False,False,False,False,False,False,False,False,False,False,False,False,False,False,5545.6343,105.34436279275633,1
2021-05-31,5575.5034264267915,170.0,0.9334527418021654,134058.24,0.3815,1,5,5650.978640136506,5596.0019810114845,-0.3663071359561565,False,False,False,False,False,False,False,False,False,False,False,False,False,False,False,False,False,False,False,False,False,5522.8403,52.66309439554152,1
2021-06-30,5678.416441657819,168.0,0.0238883390778932,134058.24,0.3815,1,6,5575.5034264267915,5564.215582524394,2.052416148146685,False,False,False,False,False,False,False,False,False,False,False,False,False,False,False,False,False,False,False,False,False,5549.254,129.16253540781872,1
2021-07-31,5911.598587528699,178.0,0.4861821903787033,134058.24,0.3815,0,7,5678.416441657819,5563.262724742152,6.26135920630444,False,False,False,False,False,False,False,False,False,False,False,False,False,False,False,False,False,False,False,False,False,5513.4077,398.1908726849488,1
2021-08-31,5991.785247194835,188.0,1.0474492827434068,134058.24,0.3815,0,8,5911.598587528699,5539.504311878231,8.164646326690072,False,False,False,False,False,False,False,False,False,False,False,False,False,False,False,False,False,False,False,False,False,5510.856,480.9292901635854,1
2021-09-30,6125.196146838794,170.0,-0.0151204596619658,134058.24,0.3815,0,9,5991.785247194835,5589.335990559448,9.587188123677471,False,False,False,False,False,False,False,False,False,False,False,False,False,False,False,False,False,False,False,False,False,5510.6675,614.5286663700444,1
2021-10-31,6165.027281462795,157.0,2.619595718582479,134058.24,0.3815,0,10,6125.196146838794,5629.151952105154,9.519645835057576,False,False,False,False,False,False,False,False,False,False,False,False,False,False,False,False,False,False,False,False,False,5511.734,653.2933947440451,1
2021-11-30,6301.5061401302655,146.0,0.9758973015457252,134058.24,0.3815,0,11,6165.027281462795,5596.600086287981,12.59525502937664,False,False,False,False,False,False,False,False,False,False,False,False,False,False,False,False,False,False,False,False,False,5521.044,780.4621948177655,1
2021-12-31,6452.506562104584,142.0,0.1962119737951573,134058.24,0.3815,0,12,6301.5061401302655,5573.663282290401,15.767785660942144,False,False,False,False,False,False,False,False,False,False,False,False,False,False,False,False,False,False,False,False,False,5543.99,908.5163277295842,1
2021-01-31,1868.581619538499,162.0,-2.9640257558790517,49027.13,0.7662,1,1,1868.581619538499,1868.581619538499,0.0,True,False,False,False,False,False,False,False,False,False,False,False,False,False,False,False,False,False,False,False,False,1924.0796,-55.4979703052511,1
2021-02-28,1878.037485878172,177.0,2.232319953838946,49027.13,0.7662,1,2,1868.581619538499,1868.581619538499,0.5060451328857907,True,False,False,False,False,False,False,False,False,False,False,False,False,False,False,False,False,False,False,False,False,1959.1892,-81.15172310620301,1
2021-03-31,1858.706584700463,190.0,0.9489205587695616,49027.13,0.7662,1,3,1878.037485878172,1868.581619538499,-0.5284775754390014,True,False,False,False,False,False,False,False,False,False,False,False,False,False,False,False,False,False,False,False,False,1943.9827,-85.27608131516195,1
2021-04-30,1886.42752949099,188.0,1.450186951811849,49027.13,0.7662,1,4,1858.706584700463,1868.581619538499,0.9550511342875544,True,False,False,False,False,False,False,False,False,False,False,False,False,False,False,False,False,False,False,False,False,1958.0314,-71.60384257932242,1
2021-05-31,1885.5844018170255,184.0,0.9334527418021654,49027.13,0.7662,1,5,1886.42752949099,1868.581619538499,0.9099298687699876,True,False,False,False,False,False,False,False,False,False,False,False,False,False,False,False,False,False,False,False,False,1957.5541,-71.96967533141196,1
2021-06-30,1886.6172355477984,148.0,0.0238883390778932,49027.13,0.7662,1,6,1885.5844018170255,1868.581619538499,0.9652035437314188,True,False,False,False,False,False,False,False,False,False,False,False,False,False,False,False,False,False,False,False,False,1960.5073,-73.89008867095163,1
2021-07-31,1894.43285769704,151.0,0.4861821903787033,49027.13,0.7662,0,7,1886.6172355477984,1868.581619538499,1.383468502966756,True,False,False,False,False,False,False,False,False,False,False,False,False,False,False,False,False,False,False,False,False,1961.9409,-67.50806027171006,1
2021-08-31,1921.562774384973,153.0,1.0474492827434068,49027.13,0.7662,0,8,1894.43285769704,1868.581619538499,2.835367440869896,True,False,False,False,False,False,False,False,False,False,False,False,False,False,False,False,False,False,False,False,False,1971.6395,-50.076751982214546,1
2021-09-30,1977.9682262805352,128.0,-0.0151204596619658,49027.13,0.7662,0,9,1921.562774384973,1868.581619538499,5.853991369617151,True,False,False,False,False,False,False,False,False,False,False,False,False,False,False,False,False,False,False,False,False,2001.4906,-23.52237430540231,1
2021-10-31,1985.7663563952744,148.0,2.619595718582479,49027.13,0.7662,0,10,1977.9682262805352,1868.581619538499,6.271320215903531,True,False,False,False,False,False,False,False,False,False,False,False,False,False,False,False,False,False,False,False,False,1978.4713,7.2950429187119425,1
2021-11-30,1973.5069004853983,144.0,0.9758973015457252,49027.13,0.7662,0,11,1985.7663563952744,1868.581619538499,5.615236704127158,True,False,False,False,False,False,False,False,False,False,False,False,False,False,False,False,False,False,False,False,False,2050.4397,-76.93279678022668,1
2021-12-31,1935.2780712448944,131.0,0.1962119737951573,49027.13,0.7662,0,12,1973.5069004853983,1868.581619538499,3.5693625051748112,True,False,False,False,False,False,False,False,False,False,False,False,False,False,False,False,False,False,False,False,False,2003.1234,-67.84534184104314,1
2021-01-31,3033.0653149220816,382.0,-2.9640257558790517,143000.0,0.4618,1,1,3025.3399486053822,3173.6627020058586,-4.430130114171071,False,True,False,False,False,False,False,False,False,False,False,False,False,False,False,False,False,False,False,False,False,5424.57,-2391.5045092966684,1
2021-02-28,3058.203094763271,369.0,2.232319953838946,143000.0,0.4618,1,2,3033.0653149220816,3176.717694263088,-3.7307249465020287,False,True,False,False,False,False,False,False,False,False,False,False,False,False,False,False,False,False,False,False,False,5444.618,-2386.415069299229,1
2021-03-31,3070.4967671943937,366.0,0.9489205587695616,143000.0,0.4618,1,3,3058.203094763271,3168.715345537903,-3.0996340041025805,False,True,False,False,False,False,False,False,False,False,False,False,False,False,False,False,False,False,False,False,False,5446.7666,-2376.2698343681063,1
2021-04-30,3060.2226149402854,394.0,1.450186951811849,143000.0,0.4618,1,4,3070.4967671943937,3148.992693278884,-2.8189991843444617,False,True,False,False,False,False,False,False,False,False,False,False,False,False,False,False,False,False,False,False,False,5444.056,-2383.8335374034646,1
2021-05-31,3069.53900859585,408.0,0.9334527418021654,143000.0,0.4618,1,5,3060.2226149402854,3127.610257310013,-1.856729065855811,False,True,False,False,False,False,False,False,False,False,False,False,False,False,False,False,False,False,False,False,False,5443.4526,-2373.9136281229,1
2021-06-30,3130.266449081982,450.0,0.0238883390778932,143000.0,0.4618,1,6,3069.53900859585,3101.5834156983956,0.9247867795013852,False,True,False,False,False,False,False,False,False,False,False,False,False,False,False,False,False,False,False,False,False,5470.516,-2340.249664199268,1
2021-07-31,3179.316219642095,447.0,0.4861821903787033,143000.0,0.4618,0,7,3130.266449081982,3110.805518502678,2.202346007550915,False,True,False,False,False,False,False,False,False,False,False,False,False,False,False,False,False,False,False,False,False,5467.2017,-2287.885440514155,1
2021-08-31,3245.85397915691,482.0,1.0474492827434068,143000.0,0.4618,0,8,3179.316219642095,3100.9323347992063,4.6734861877303135,False,True,False,False,False,False,False,False,False,False,False,False,False,False,False,False,False,False,False,False,False,5493.286,-2247.43215365559,1
2021-09-30,3281.6182533617243,462.0,-0.0151204596619658,143000.0,0.4618,0,9,3245.85397915691,3119.0666411920724,5.2115466217652395,False,True,False,False,False,False,False,False,False,False,False,False,False,False,False,False,False,False,False,False,False,5495.162,-2213.5438560132757,1
2021-10-31,3345.930844317237,470.0,2.619595718582479,143000.0,0.4618,0,10,3281.6182533617243,3076.665293729204,8.751863621201972,False,True,False,False,False,False,False,False,False,False,False,False,False,False,False,False,False,False,False,False,False,5440.723,-2094.792300214013,1
2021-11-30,3383.938145252666,468.0,0.9758973015457252,143000.0,0.4618,0,11,3345.930844317237,3057.8182371647554,10.665117505162524,False,True,False,False,False,False,False,False,False,False,False,False,False,False,False,False,False,False,False,False,False,5446.416,-2062.477870372334,1
2021-12-31,3412.931729763789,440.0,0.1962119737951573,143000.0,0.4618,0,12,3383.938145252666,3025.3399486053822,12.811511689358367,False,True,False,False,False,False,False,False,False,False,False,False,False,False,False,False,False,False,False,False,False,5443.912,-2030.980379611211,1
2021-01-31,2655.0121217926567,82.0,-2.9640257558790517,99686.87,0.4751,1,1,2635.4460776075625,2735.2844373346156,-2.934697190767477,False,False,True,False,False,False,False,False,False,False,False,False,False,False,False,False,False,False,False,False,False,2790.926,-135.91390359796833,1
2021-02-28,2674.87209973282,77.0,2.232319953838946,99686.87,0.4751,1,2,2655.0121217926567,2757.898653486156,-3.0105005362827675,False,False,True,False,False,False,False,False,False,False,False,False,False,False,False,False,False,False,False,False,False,2804.7444,-129.87228503280494,1
2021-03-31,2674.0487136393867,83.0,0.9489205587695616,99686.87,0.4751,1,3,2674.87209973282,2767.758699728899,-3.3857715305417035,False,False,True,False,False,False,False,False,False,False,False,False,False,False,False,False,False,False,False,False,False,2796.9292,-122.88048557936327,1
2021-04-30,2673.3735907090586,76.0,1.450186951811849,99686.87,0.4751,1,4,2674.0487136393867,2764.4094311936556,-3.2931388331028932,False,False,True,False,False,False,False,False,False,False,False,False,False,False,False,False,False,False,False,False,False,2795.9028,-122.52924132219141,1
2021-05-31,2686.531376763969,73.0,0.9334527418021654,99686.87,0.4751,1,5,2673.3735907090586,2737.1978711875227,-1.8510351391429425,False,False,True,False,False,False,False,False,False,False,False,False,False,False,False,False,False,False,False,False,False,2806.743,-120.21154315790591,1
2021-06-30,2743.7162922800917,81.0,0.0238883390778932,99686.87,0.4751,1,6,2686.531376763969,2688.6155238284305,2.0494104851853656,False,False,True,False,False,False,False,False,False,False,False,False,False,False,False,False,False,False,False,False,False,2865.289,-121.5727702199083,1
2021-07-31,2781.838292907273,76.0,0.4861821903787033,99686.87,0.4751,0,7,2743.7162922800917,2713.978052565497,2.5003975355522456,False,False,True,False,False,False,False,False,False,False,False,False,False,False,False,False,False,False,False,False,False,2856.7415,-74.90316217085183,1
2021-08-31,2829.927316198087,83.0,1.0474492827434068,99686.87,0.4751,0,8,2781.838292907273,2688.8318858155367,5.247461960224231,False,False,True,False,False,False,False,False,False,False,False,False,False,False,False,False,False,False,False,False,False,2880.8552,-50.92790841128817,1
2021-09-30,2862.611214200787,71.0,-0.0151204596619658,99686.87,0.4751,0,9,2829.927316198087,2721.904788011685,5.169410289765719,False,False,True,False,False,False,False,False,False,False,False,False,False,False,False,False,False,False,False,False,False,2872.795,-10.18370767421311,1
2021-10-31,2911.3602699475855,72.0,2.619595718582479,99686.87,0.4751,0,10,2862.611214200787,2674.80486406254,8.843837883775961,False,False,True,False,False,False,False,False,False,False,False,False,False,False,False,False,False,False,False,False,False,2810.634,100.7262367444605,1
2021-11-30,2914.2141616019735,77.0,0.9758973015457252,99686.87,0.4751,0,11,2911.3602699475855,2690.280509371276,8.323803092303983,False,False,True,False,False,False,False,False,False,False,False,False,False,False,False,False,False,False,False,False,False,2809.6028,104.6113783988485,1
2021-12-31,2911.5651159178906,75.0,0.1962119737951573,99686.87,0.4751,0,12,2914.2141616019735,2635.4460776075625,10.477127217908656,False,False,True,False,False,False,False,False,False,False,False,False,False,False,False,False,False,False,False,False,False,2795.8853,115.67986201164058,1
2021-01-31,2299.0512675796103,58.0,-2.9640257558790517,47617.28,0.9468,1,1,2308.744769698758,2536.5420805956533,-9.36277836006857,False,False,False,True,False,False,False,False,False,False,False,False,False,False,False,False,False,False,False,False,False,2435.4385,-136.38720898288966,1
2021-02-28,2294.52277793179,60.0,2.232319953838946,47617.28,0.9468,1,2,2299.0512675796103,2518.414148205315,-8.890172826938548,False,False,False,True,False,False,False,False,False,False,False,False,False,False,False,False,False,False,False,False,False,2445.0159,-150.4930912088348,1
2021-03-31,2298.4162825808394,63.0,0.9489205587695616,47617.28,0.9468,1,3,2294.52277793179,2540.8169947399015,-9.54026648361096,False,False,False,True,False,False,False,False,False,False,False,False,False,False,False,False,False,False,False,False,False,2437.68,-139.26364905978562,1
2021-04-30,2308.122679960351,71.0,1.450186951811849,47617.28,0.9468,1,4,2298.4162825808394,2507.6585348789863,-7.957058432928332,False,False,False,True,False,False,False,False,False,False,False,False,False,False,False,False,False,False,False,False,False,2391.8762,-83.75354074277402,1
2021-05-31,2339.5858920236456,70.0,0.9334527418021654,47617.28,0.9468,1,5,2308.122679960351,2477.706613452134,-5.574538998224976,False,False,False,True,False,False,False,False,False,False,False,False,False,False,False,False,False,False,False,False,False,2389.5718,-49.985885320104444,1
2021-06-30,2404.5864920592867,72.0,0.0238883390778932,47617.28,0.9468,1,6,2339.5858920236456,2418.1445260036385,-0.5606792232041857,False,False,False,True,False,False,False,False,False,False,False,False,False,False,False,False,False,False,False,False,False,2401.889,2.697576043661684,1
2021-07-31,2481.937462734271,77.0,0.4861821903787033,47617.28,0.9468,0,7,2404.5864920592867,2388.4549293004206,3.913933325140495,False,False,False,True,False,False,False,False,False,False,False,False,False,False,False,False,False,False,False,False,False,2413.4692,68.46822445302087,1
2021-08-31,2559.8973084290865,86.0,1.0474492827434068,47617.28,0.9468,0,8,2481.937462734271,2367.4511878549274,8.128831612723907,False,False,False,True,False,False,False,False,False,False,False,False,False,False,False,False,False,False,False,False,False,2380.0088,179.88851936658648,1
2021-09-30,2593.0354989677057,91.0,-0.0151204596619658,47617.28,0.9468,0,9,2559.8973084290865,2337.481423395392,10.932881562801878,False,False,False,True,False,False,False,False,False,False,False,False,False,False,False,False,False,False,False,False,False,2363.7234,229.31211029583073,1
2021-10-31,2600.3790786166505,86.0,2.619595718582479,47617.28,0.9468,0,10,2593.0354989677057,2325.2799624678396,11.830795456425204,False,False,False,True,False,False,False,False,False,False,False,False,False,False,False,False,False,False,False,False,False,2348.12,252.25896142915053,1
2021-11-30,2600.9716253219553,91.0,0.9758973015457252,47617.28,0.9468,0,11,2600.3790786166505,2313.245024080259,12.438224150340304,False,False,False,True,False,False,False,False,False,False,False,False,False,False,False,False,False,False,False,False,False,2349.024,251.94769954070534,1
2021-12-31,2626.42786272274,104.0,0.1962119737951573,47617.28,0.9468,0,12,2600.9716253219553,2308.744769698758,13.75999188794841,False,False,False,True,False,False,False,False,False,False,False,False,False,False,False,False,False,False,False,False,False,2351.0793,275.348517019615,1
2021-01-31,2114.129695292431,126.0,-2.9640257558790517,45128.0,0.7502,1,1,2114.129695292431,2114.129695292431,0.0,False,False,False,False,True,False,False,False,False,False,False,False,False,False,False,False,False,False,False,False,False,2091.732,22.397761698680824,1
2021-02-28,2114.129695292431,130.0,2.232319953838946,45128.0,0.7502,1,2,2114.129695292431,2114.129695292431,0.0,False,False,False,False,True,False,False,False,False,False,False,False,False,False,False,False,False,False,False,False,False,2094.5034,19.626277323680824,1
2021-03-31,2114.129695292431,143.0,0.9489205587695616,45128.0,0.7502,1,3,2114.129695292431,2114.129695292431,0.0,False,False,False,False,True,False,False,False,False,False,False,False,False,False,False,False,False,False,False,False,False,2094.3193,19.810359354930824,1
2021-04-30,2114.129695292431,143.0,1.450186951811849,45128.0,0.7502,1,4,2114.129695292431,2114.129695292431,0.0,False,False,False,False,True,False,False,False,False,False,False,False,False,False,False,False,False,False,False,False,False,2094.2097,19.919978495555824,1
2021-05-31,2114.129695292431,149.0,0.9334527418021654,45128.0,0.7502,1,5,2114.129695292431,2114.129695292431,0.0,False,False,False,False,True,False,False,False,False,False,False,False,False,False,False,False,False,False,False,False,False,2093.2131,20.916560526805824,1
2021-06-30,2114.129695292431,149.0,0.0238883390778932,45128.0,0.7502,1,6,2114.129695292431,2114.129695292431,0.0,False,False,False,False,True,False,False,False,False,False,False,False,False,False,False,False,False,False,False,False,False,2093.776,20.353816386180824,1
2021-07-31,2114.129695292431,147.0,0.4861821903787033,45128.0,0.7502,0,7,2114.129695292431,2114.129695292431,0.0,False,False,False,False,True,False,False,False,False,False,False,False,False,False,False,False,False,False,False,False,False,2092.7944,21.335261698680824,1
2021-08-31,2114.129695292431,148.0,1.0474492827434068,45128.0,0.7502,0,8,2114.129695292431,2114.129695292431,0.0,False,False,False,False,True,False,False,False,False,False,False,False,False,False,False,False,False,False,False,False,False,2093.043,21.086726542430824,1
2021-09-30,2114.129695292431,140.0,-0.0151204596619658,45128.0,0.7502,0,9,2114.129695292431,2114.129695292431,0.0,False,False,False,False,True,False,False,False,False,False,False,False,False,False,False,False,False,False,False,False,False,2093.3066,20.823054667430824,1
2021-10-31,2114.129695292431,145.0,2.619595718582479,45128.0,0.7502,0,10,2114.129695292431,2114.129695292431,0.0,False,False,False,False,True,False,False,False,False,False,False,False,False,False,False,False,False,False,False,False,False,2093.6768,20.452937479930824,1
2021-11-30,2114.129695292431,153.0,0.9758973015457252,45128.0,0.7502,0,11,2114.129695292431,2114.129695292431,0.0,False,False,False,False,True,False,False,False,False,False,False,False,False,False,False,False,False,False,False,False,False,2091.9497,22.179988261180824,1
2021-12-31,2114.129695292431,158.0,0.1962119737951573,45128.0,0.7502,0,12,2114.129695292431,2114.129695292431,0.0,False,False,False,False,True,False,False,False,False,False,False,False,False,False,False,False,False,False,False,False,False,2091.1047,23.024958964305824,1
2021-01-31,2213.624106933137,335.0,-2.9640257558790517,80386.0,0.533,1,1,2232.694532501519,2152.5707262822043,2.8363007963218445,False,False,False,False,False,True,False,False,False,False,False,False,False,False,False,False,False,False,False,False,False,2584.463,-370.8387836918628,1
2021-02-28,2203.556992356804,335.0,2.232319953838946,80386.0,0.533,1,2,2213.624106933137,2180.87694641564,1.0399507399277974,False,False,False,False,False,True,False,False,False,False,False,False,False,False,False,False,False,False,False,False,False,2568.4836,-364.92665022132087,1
2021-03-31,2204.0488888260734,329.0,0.9489205587695616,80386.0,0.533,1,3,2203.556992356804,2165.4441704981127,1.7827621166091046,False,False,False,False,False,True,False,False,False,False,False,False,False,False,False,False,False,False,False,False,False,2581.29,-377.2411502364266,1
2021-04-30,2240.4871905141677,297.0,1.450186951811849,80386.0,0.533,1,4,2204.0488888260734,2206.651877311052,1.5333326271811387,False,False,False,False,False,True,False,False,False,False,False,False,False,False,False,False,False,False,False,False,False,2586.8342,-346.34703800145735,1
2021-05-31,2276.1195827227184,284.0,0.9334527418021654,80386.0,0.533,1,5,2240.4871905141677,2203.4827468150856,3.29645584984144,False,False,False,False,False,True,False,False,False,False,False,False,False,False,False,False,False,False,False,False,False,2598.239,-322.1194309491566,1
2021-06-30,2329.4933574096303,283.0,0.0238883390778932,80386.0,0.533,1,6,2276.1195827227184,2239.451464855905,4.020711945169064,False,False,False,False,False,True,False,False,False,False,False,False,False,False,False,False,False,False,False,False,False,2601.996,-272.50273634036967,1
2021-07-31,2346.0517386421475,282.0,0.4861821903787033,80386.0,0.533,0,7,2329.4933574096303,2275.8774284678984,3.0833958497268332,False,False,False,False,False,True,False,False,False,False,False,False,False,False,False,False,False,False,False,False,False,2602.5225,-256.4707222953525,1
2021-08-31,2377.7574332663435,288.0,1.0474492827434068,80386.0,0.533,0,8,2346.0517386421475,2290.606939361992,3.8046900324429256,False,False,False,False,False,True,False,False,False,False,False,False,False,False,False,False,False,False,False,False,False,2602.02,-224.26258626490653,1
2021-09-30,2361.961943022646,288.0,-0.0151204596619658,80386.0,0.533,0,9,2377.7574332663435,2292.6753048890487,3.0220868164735792,False,False,False,False,False,True,False,False,False,False,False,False,False,False,False,False,False,False,False,False,False,2594.3938,-232.4318558054788,1
2021-10-31,2374.8977618763843,293.0,2.619595718582479,80386.0,0.533,0,10,2361.961943022646,2257.929671892893,5.180324765626243,False,False,False,False,False,True,False,False,False,False,False,False,False,False,False,False,False,False,False,False,False,2627.5374,-252.63959163924073,1
2021-11-30,2387.5160648693027,293.0,0.9758973015457252,80386.0,0.533,0,11,2374.8977618763843,2253.3069214937905,5.956096885662632,False,False,False,False,False,True,False,False,False,False,False,False,False,False,False,False,False,False,False,False,False,2580.9304,-193.41435505257232,1
2021-12-31,2424.065658729165,283.0,0.1962119737951573,80386.0,0.533,0,12,2387.5160648693027,2232.694532501519,8.571308051407867,False,False,False,False,False,True,False,False,False,False,False,False,False,False,False,False,False,False,False,False,False,2578.1392,-154.07350142708492,1
2021-01-31,1986.1150165180077,241.0,-2.9640257558790517,54947.0,0.8366,1,1,1993.1208855237317,2029.279687563536,-2.1270932395402897,False,False,False,False,False,False,True,False,False,False,False,False,False,False,False,False,False,False,False,False,False,2010.0431,-23.92807430230482,1
2021-02-28,1940.3054691699028,243.0,2.232319953838946,54947.0,0.8366,1,2,1986.1150165180077,2010.3792968202565,-3.4856023319175033,False,False,False,False,False,False,True,False,False,False,False,False,False,False,False,False,False,False,False,False,False,2013.0626,-72.75715290040966,1
2021-03-31,1921.0996982872416,235.0,0.9489205587695616,54947.0,0.8366,1,3,1940.3054691699028,2010.198206452756,-4.432324527974774,False,False,False,False,False,False,True,False,False,False,False,False,False,False,False,False,False,False,False,False,False,1983.3843,-62.28457905650839,1
2021-04-30,1937.988690081956,235.0,1.450186951811849,54947.0,0.8366,1,4,1921.0996982872416,2003.7796745581263,-3.283344237468544,False,False,False,False,False,False,True,False,False,False,False,False,False,False,False,False,False,False,False,False,False,1985.8954,-47.906695660231435,1
2021-05-31,1967.5191388852968,227.0,0.9334527418021654,54947.0,0.8366,1,5,1937.988690081956,1988.180627198097,-1.0392158554486053,False,False,False,False,False,False,True,False,False,False,False,False,False,False,False,False,False,False,False,False,False,1987.4509,-19.931788849078202,1
2021-06-30,2004.85555531396,230.0,0.0238883390778932,54947.0,0.8366,1,6,1967.5191388852968,1980.3398060863392,1.237956695728415,False,False,False,False,False,False,True,False,False,False,False,False,False,False,False,False,False,False,False,False,False,1997.8698,6.98580433739744,1
2021-07-31,2034.9186191373576,239.0,0.4861821903787033,54947.0,0.8366,0,7,2004.85555531396,1974.147947239958,3.078324093306306,False,False,False,False,False,False,True,False,False,False,False,False,False,False,False,False,False,False,False,False,False,2028.9562,5.962442379545109,1
2021-08-31,2068.058551533467,254.0,1.0474492827434068,54947.0,0.8366,0,8,2034.9186191373576,1971.3126854921993,4.907687489319423,False,False,False,False,False,False,True,False,False,False,False,False,False,False,False,False,False,False,False,False,False,2084.4355,-16.376995341533075,1
2021-09-30,2110.699663887266,254.0,-0.0151204596619658,54947.0,0.8366,0,9,2068.058551533467,1981.6414741945791,6.512691189264763,False,False,False,False,False,False,True,False,False,False,False,False,False,False,False,False,False,False,False,False,False,2034.5256,76.17402912164107,1
2021-10-31,2119.7347951308916,264.0,2.619595718582479,54947.0,0.8366,0,10,2110.699663887266,1979.173995237427,7.101993065374845,False,False,False,False,False,False,True,False,False,False,False,False,False,False,False,False,False,False,False,False,False,2032.5938,87.1410451308916,1
2021-11-30,2133.242799944559,270.0,0.9758973015457252,54947.0,0.8366,0,11,2119.7347951308916,2009.6385704941813,6.150570120675125,False,False,False,False,False,False,True,False,False,False,False,False,False,False,False,False,False,False,False,False,False,2033.8752,99.36755580393401,1
2021-12-31,2139.8278885438754,261.0,0.1962119737951573,54947.0,0.8366,0,12,2133.242799944559,1993.1208855237317,7.3606675884886785,False,False,False,False,False,False,True,False,False,False,False,False,False,False,False,False,False,False,False,False,False,2026.0764,113.75147252825036,1
2021-01-31,2239.443078250582,304.0,-2.9640257558790517,81853.0,0.5472,1,1,2226.525162458357,2168.1918288663605,3.286205972903944,False,False,False,False,False,False,False,True,False,False,False,False,False,False,False,False,False,False,False,False,False,2480.42,-240.97684362441805,1
2021-02-28,2226.1699033107975,308.0,2.232319953838946,81853.0,0.5472,1,2,2239.443078250582,2164.450520839452,2.851503505259534,False,False,False,False,False,False,False,True,False,False,False,False,False,False,False,False,False,False,False,False,False,2490.105,-263.9350771579525,1
2021-03-31,2248.1101379520564,309.0,0.9489205587695616,81853.0,0.5472,1,3,2226.1699033107975,2174.3508235781837,3.3922453347474013,False,False,False,False,False,False,False,True,False,False,False,False,False,False,False,False,False,False,False,False,False,2491.2263,-243.11618040731855,1
2021-04-30,2236.633095039936,329.0,1.450186951811849,81853.0,0.5472,1,4,2248.1101379520564,2205.7725620729634,1.3990804626733633,False,False,False,False,False,False,False,True,False,False,False,False,False,False,False,False,False,False,False,False,False,2476.7683,-240.13521550693895,1
2021-05-31,2219.5744344144096,357.0,0.9334527418021654,81853.0,0.5472,1,5,2236.633095039936,2220.442453602676,-0.0390921722316139,False,False,False,False,False,False,False,True,False,False,False,False,False,False,False,False,False,False,False,False,False,2472.957,-253.38259683559045,1
2021-06-30,2265.7602131749936,373.0,0.0238883390778932,81853.0,0.5472,1,6,2219.5744344144096,2223.4443043425094,1.90316927434786,False,False,False,False,False,False,False,True,False,False,False,False,False,False,False,False,False,False,False,False,False,2482.6875,-216.92728682500638,1
2021-07-31,2317.044183846372,392.0,0.4861821903787033,81853.0,0.5472,0,7,2265.7602131749936,2232.5757761994223,3.783450870847616,False,False,False,False,False,False,False,True,False,False,False,False,False,False,False,False,False,False,False,False,False,2491.076,-174.0317438880029,1
2021-08-31,2366.7253467998967,387.0,1.0474492827434068,81853.0,0.5472,0,8,2317.044183846372,2221.8092125420885,6.522438265165076,False,False,False,False,False,False,False,True,False,False,False,False,False,False,False,False,False,False,False,False,False,2486.8616,-120.13622546572833,1
2021-09-30,2356.7226062458944,384.0,-0.0151204596619658,81853.0,0.5472,0,9,2366.7253467998967,2240.434026092163,5.190448761241395,False,False,False,False,False,False,False,True,False,False,False,False,False,False,False,False,False,False,False,False,False,2529.1885,-172.46587031660556,1
2021-10-31,2382.1359962353035,354.0,2.619595718582479,81853.0,0.5472,0,10,2356.7226062458944,2224.346152561686,7.093762969036899,False,False,False,False,False,False,False,True,False,False,False,False,False,False,False,False,False,False,False,False,False,2481.8674,-99.73143540532146,1
2021-11-30,2412.313317120533,327.0,0.9758973015457252,81853.0,0.5472,0,11,2382.1359962353035,2248.884478400763,7.26710688296397,False,False,False,False,False,False,False,True,False,False,False,False,False,False,False,False,False,False,False,False,False,2484.5818,-72.26846998884184,1
2021-12-31,2416.3695395843133,326.0,0.1962119737951573,81853.0,0.5472,0,12,2412.313317120533,2226.525162458357,8.52648693699669,False,False,False,False,False,False,False,True,False,False,False,False,False,False,False,False,False,False,False,False,False,2482.5923,-66.22274557193668,1
2021-01-31,2168.5438335207105,175.0,-2.9640257558790517,44066.61,0.9083,1,1,2168.6610677390127,2281.4076204889343,-4.947111860003151,False,False,False,False,False,False,False,False,True,False,False,False,False,False,False,False,False,False,False,False,False,1967.3496,201.19422414571045,1
2021-02-28,2164.344648276328,226.0,2.232319953838946,44066.61,0.9083,1,2,2168.5438335207105,2283.2870210313854,-5.2092606693542205,False,False,False,False,False,False,False,False,True,False,False,False,False,False,False,False,False,False,False,False,False,1976.9442,187.40043440914042,1
2021-03-31,2168.838291646591,224.0,0.9489205587695616,44066.61,0.9083,1,3,2164.344648276328,2280.0345174965955,-4.876953616127455,False,False,False,False,False,False,False,False,True,False,False,False,False,False,False,False,False,False,False,False,False,1977.5853,191.2529644981537,1
2021-04-30,2166.612230096464,219.0,1.450186951811849,44066.61,0.9083,1,4,2168.838291646591,2252.449919296962,-3.810858943638129,False,False,False,False,False,False,False,False,True,False,False,False,False,False,False,False,False,False,False,False,False,1980.1704,186.44181994021392,1
2021-05-31,2169.286539121182,243.0,0.9334527418021654,44066.61,0.9083,1,5,2166.612230096464,2230.6651293164196,-2.751582449044998,False,False,False,False,False,False,False,False,True,False,False,False,False,False,False,False,False,False,False,False,False,2006.9467,162.33988384774466,1
2021-06-30,2184.585860097053,244.0,0.0238883390778932,44066.61,0.9083,1,6,2169.286539121182,2229.56203320219,-2.017264935236651,False,False,False,False,False,False,False,False,True,False,False,False,False,False,False,False,False,False,False,False,False,2004.2488,180.33708080017777,1
2021-07-31,2224.882535844606,257.0,0.4861821903787033,44066.61,0.9083,0,7,2184.585860097053,2247.637831737122,-1.012409364676381,False,False,False,False,False,False,False,False,True,False,False,False,False,False,False,False,False,False,False,False,False,2008.4213,216.46127119616858,1
2021-08-31,2281.335955451435,218.0,1.0474492827434068,44066.61,0.9083,0,8,2224.882535844606,2238.039109362632,1.934588448775276,False,False,False,False,False,False,False,False,True,False,False,False,False,False,False,False,False,False,False,False,False,2006.1185,275.2174251779975,1
2021-09-30,2330.7764454298035,214.0,-0.0151204596619658,44066.61,0.9083,0,9,2281.335955451435,2213.4325529796292,5.301444233853481,False,False,False,False,False,False,False,False,True,False,False,False,False,False,False,False,False,False,False,False,False,2056.1074,274.6690235548035,1
2021-10-31,2341.228073581555,224.0,2.619595718582479,44066.61,0.9083,0,10,2330.7764454298035,2183.3389054122167,7.231546498711272,False,False,False,False,False,False,False,False,True,False,False,False,False,False,False,False,False,False,False,False,False,2006.2075,335.0205540503048,1
2021-11-30,2362.5736526739197,209.0,0.9758973015457252,44066.61,0.9083,0,11,2341.228073581555,2179.134746544478,8.417969858005648,False,False,False,False,False,False,False,False,True,False,False,False,False,False,False,False,False,False,False,False,False,2002.7869,359.7867874395447,1
2021-12-31,2370.749756335355,202.0,0.1962119737951573,44066.61,0.9083,0,12,2362.5736526739197,2168.6610677390127,9.318592545539373,False,False,False,False,False,False,False,False,True,False,False,False,False,False,False,False,False,False,False,False,False,2000.3129,370.43689012441746,1
2021-01-31,1797.3574733269877,221.0,-2.9640257558790517,49379.0,0.6672,1,1,1777.0982391043565,1685.8234399962616,6.6159973034289665,False,False,False,False,False,False,False,False,False,True,False,False,False,False,False,False,False,False,False,False,False,1736.7648,60.5927028191752,1
2021-02-28,1775.9762443168593,232.0,2.232319953838946,49379.0,0.6672,1,2,1797.3574733269877,1708.8269261128414,3.929556421302771,False,False,False,False,False,False,False,False,False,True,False,False,False,False,False,False,False,False,False,False,False,1738.6942,37.282030449671765,1
2021-03-31,1733.2191739914854,241.0,0.9489205587695616,49379.0,0.6672,1,3,1775.9762443168593,1706.9482145903928,1.539060129448422,False,False,False,False,False,False,False,False,False,True,False,False,False,False,False,False,False,False,False,False,False,1758.6516,-25.432437336639623,1
2021-04-30,1737.2686597531158,240.0,1.450186951811849,49379.0,0.6672,1,4,1733.2191739914854,1729.9371587280484,0.4238015807729089,False,False,False,False,False,False,False,False,False,True,False,False,False,False,False,False,False,False,False,False,False,1760.3573,-23.0886400515717,1
2021-05-31,1744.4179367102074,221.0,0.9334527418021654,49379.0,0.6672,1,5,1737.2686597531158,1696.0301898322386,2.8530003279455096,False,False,False,False,False,False,False,False,False,True,False,False,False,False,False,False,False,False,False,False,False,1731.2794,13.138517764894914,1
2021-06-30,1783.0619961346297,221.0,0.0238883390778932,49379.0,0.6672,1,6,1744.4179367102074,1714.4171999942812,4.003972670163214,False,False,False,False,False,False,False,False,False,True,False,False,False,False,False,False,False,False,False,False,False,1734.5676,48.49436918150468,1
2021-07-31,1780.2063164625165,210.0,0.4861821903787033,49379.0,0.6672,0,7,1783.0619961346297,1719.7638602989148,3.514578806947144,False,False,False,False,False,False,False,False,False,True,False,False,False,False,False,False,False,False,False,False,False,1730.9833,49.223040095329,1
2021-08-31,1805.3709972894792,202.0,1.0474492827434068,49379.0,0.6672,0,8,1780.2063164625165,1745.2865911781948,3.442667033310731,False,False,False,False,False,False,False,False,False,True,False,False,False,False,False,False,False,False,False,False,False,1746.0055,59.36550412541669,1
2021-09-30,1827.082186919639,201.0,-0.0151204596619658,49379.0,0.6672,0,9,1805.3709972894792,1749.9390771189724,4.408331170458335,False,False,False,False,False,False,False,False,False,True,False,False,False,False,False,False,False,False,False,False,False,1743.8538,83.22842715401407,1
2021-10-31,1868.2769312810815,194.0,2.619595718582479,49379.0,0.6672,0,10,1827.082186919639,1747.133597529583,6.933833447126947,False,False,False,False,False,False,False,False,False,True,False,False,False,False,False,False,False,False,False,False,False,1756.574,111.70295667170649,1
2021-11-30,1885.9939043740717,196.0,0.9758973015457252,49379.0,0.6672,0,11,1868.2769312810815,1760.1810242720082,7.147723919708682,False,False,False,False,False,False,False,False,False,True,False,False,False,False,False,False,False,False,False,False,False,1759.5194,126.47449519438419,1
2021-12-31,1873.2042368867956,200.0,0.1962119737951573,49379.0,0.6672,0,12,1885.9939043740717,1777.0982391043565,5.408029543199344,False,False,False,False,False,False,False,False,False,True,False,False,False,False,False,False,False,False,False,False,False,1750.7548,122.44947614460807,1
2021-01-31,2193.0016138064184,267.0,-2.9640257558790517,78356.0,0.7974,1,1,2198.6629865476207,2260.64127385863,-2.992056317575731,False,False,False,False,False,False,False,False,False,False,True,False,False,False,False,False,False,False,False,False,False,2373.9668,-180.9651830685816,1
2021-02-28,2194.3168507663277,269.0,2.232319953838946,78356.0,0.7974,1,2,2193.0016138064184,2286.490661045879,-4.031234933511141,False,False,False,False,False,False,False,False,False,False,True,False,False,False,False,False,False,False,False,False,False,2366.839,-172.52226056179734,1
2021-03-31,2185.875863546033,282.0,0.9489205587695616,78356.0,0.7974,1,3,2194.3168507663277,2261.5048091946032,-3.3441868149510667,False,False,False,False,False,False,False,False,False,False,True,False,False,False,False,False,False,False,False,False,False,2374.4731,-188.5972809852169,1
2021-04-30,2187.461904522432,253.0,1.450186951811849,78356.0,0.7974,1,4,2185.875863546033,2247.432225478008,-2.6683928563327797,False,False,False,False,False,False,False,False,False,False,True,False,False,False,False,False,False,False,False,False,False,2380.007,-192.54517555569282,1
2021-05-31,2197.919379547258,262.0,0.9334527418021654,78356.0,0.7974,1,5,2187.461904522432,2237.8115352643795,-1.7826414373366184,False,False,False,False,False,False,False,False,False,False,True,False,False,False,False,False,False,False,False,False,False,2373.768,-175.8486868589921,1
2021-06-30,2216.493190480171,264.0,0.0238883390778932,78356.0,0.7974,1,6,2197.919379547258,2241.7397150073,-1.1262023132354138,False,False,False,False,False,False,False,False,False,False,True,False,False,False,False,False,False,False,False,False,False,2376.565,-160.07175092607895,1
2021-07-31,2246.0943773228028,285.0,0.4861821903787033,78356.0,0.7974,0,7,2216.493190480171,2228.1280596800516,0.8063413395247521,False,False,False,False,False,False,False,False,False,False,True,False,False,False,False,False,False,False,False,False,False,2393.75,-147.65562267719724,1
2021-08-31,2274.229296357186,312.0,1.0474492827434068,78356.0,0.7974,0,8,2246.0943773228028,2218.9691086147877,2.490354080543944,False,False,False,False,False,False,False,False,False,False,True,False,False,False,False,False,False,False,False,False,False,2399.2095,-124.98017629906417,1
2021-09-30,2329.932369745539,323.0,-0.0151204596619658,78356.0,0.7974,0,9,2274.229296357186,2216.9455275110677,5.096509626978518,False,False,False,False,False,False,False,False,False,False,True,False,False,False,False,False,False,False,False,False,False,2431.7195,-101.78711267633616,1
2021-10-31,2346.512233322047,346.0,2.619595718582479,78356.0,0.7974,0,10,2329.932369745539,2219.1739905836253,5.738091888186414,False,False,False,False,False,False,False,False,False,False,True,False,False,False,False,False,False,False,False,False,False,2373.7422,-27.229954177953005,1
2021-11-30,2384.84228097769,336.0,0.9758973015457252,78356.0,0.7974,0,11,2346.512233322047,2214.8423136900583,7.675488509355843,False,False,False,False,False,False,False,False,False,False,True,False,False,False,False,False,False,False,False,False,False,2371.248,13.594234102689825,1
2021-12-31,2411.6984631507544,324.0,0.1962119737951573,78356.0,0.7974,0,12,2384.84228097769,2198.6629865476207,9.689319277514464,False,False,False,False,False,False,False,False,False,False,True,False,False,False,False,False,False,False,False,False,False,2370.1147,41.58371705700438,1
2021-01-31,2534.8103110428992,372.0,-2.9640257558790517,90983.0,0.6322,1,1,2541.946086169188,2694.1902673545624,-5.915690448550204,False,False,False,False,False,False,False,False,False,False,False,True,False,False,False,False,False,False,False,False,False,2641.3276,-106.51732567585077,1
2021-02-28,2542.180562041687,388.0,2.232319953838946,90983.0,0.6322,1,2,2534.8103110428992,2701.689660696775,-5.904049638845255,False,False,False,False,False,False,False,False,False,False,False,True,False,False,False,False,False,False,False,False,False,2641.7625,-99.58188913018785,1
2021-03-31,2550.349029333856,375.0,0.9489205587695616,90983.0,0.6322,1,3,2542.180562041687,2733.1092376852316,-6.686897319412011,False,False,False,False,False,False,False,False,False,False,False,True,False,False,False,False,False,False,False,False,False,2644.8843,-94.53524800989408,1
2021-04-30,2551.13920112829,384.0,1.450186951811849,90983.0,0.6322,1,4,2550.349029333856,2690.6968075343457,-5.186671572035683,False,False,False,False,False,False,False,False,False,False,False,True,False,False,False,False,False,False,False,False,False,2644.1763,-93.0370684029599,1
2021-05-31,2579.2440351083733,383.0,0.9334527418021654,90983.0,0.6322,1,5,2551.13920112829,2664.39592045921,-3.1959171194107294,False,False,False,False,False,False,False,False,False,False,False,True,False,False,False,False,False,False,False,False,False,2675.6711,-96.42710746975172,1
2021-06-30,2592.23957595559,394.0,0.0238883390778932,90983.0,0.6322,1,6,2579.2440351083733,2660.234071880114,-2.5559591407108284,False,False,False,False,False,False,False,False,False,False,False,True,False,False,False,False,False,False,False,False,False,2681.4575,-89.21794357565977,1
2021-07-31,2642.257507463933,392.0,0.4861821903787033,90983.0,0.6322,0,7,2592.23957595559,2656.7686757792717,-0.5461961535315973,False,False,False,False,False,False,False,False,False,False,False,True,False,False,False,False,False,False,False,False,False,2685.725,-43.46759019231695,1
2021-08-31,2668.546117972655,382.0,1.0474492827434068,90983.0,0.6322,0,8,2642.257507463933,2634.7450400560188,1.2828974873378085,False,False,False,False,False,False,False,False,False,False,False,True,False,False,False,False,False,False,False,False,False,2707.644,-39.09792499609512,1
2021-09-30,2715.032639148558,399.0,-0.0151204596619658,90983.0,0.6322,0,9,2668.546117972655,2587.753094009918,4.918535135104807,False,False,False,False,False,False,False,False,False,False,False,True,False,False,False,False,False,False,False,False,False,2736.5232,-21.49055421081721,1
2021-10-31,2738.6312757255946,387.0,2.619595718582479,90983.0,0.6322,0,10,2715.032639148558,2578.0989831903353,6.226769941028576,False,False,False,False,False,False,False,False,False,False,False,True,False,False,False,False,False,False,False,False,False,2675.477,63.154224944344605,1
2021-11-30,2749.1176011341045,389.0,0.9758973015457252,90983.0,0.6322,0,11,2738.6312757255946,2554.030671309855,7.638394167138096,False,False,False,False,False,False,False,False,False,False,False,True,False,False,False,False,False,False,False,False,False,2673.1055,76.01213238410446,1
2021-12-31,2792.2894707872147,373.0,0.1962119737951573,90983.0,0.6322,0,12,2749.1176011341045,2541.946086169188,9.84849308882485,False,False,False,False,False,False,False,False,False,False,False,True,False,False,False,False,False,False,False,False,False,2670.263,122.02653133408967,1
2021-01-31,2329.868556700645,127.0,-2.9640257558790517,87868.0,0.8409,1,1,2308.6548606042847,2570.862408502859,-9.374047051493385,False,False,False,False,False,False,False,False,False,False,False,False,True,False,False,False,False,False,False,False,False,2530.0576,-200.18906048685494,1
2021-02-28,2342.626348546032,124.0,2.232319953838946,87868.0,0.8409,1,2,2329.868556700645,2572.927273623297,-8.950930227924637,False,False,False,False,False,False,False,False,False,False,False,False,True,False,False,False,False,False,False,False,False,2533.7139,-191.0875186414678,1
2021-03-31,2375.935604135789,128.0,0.9489205587695616,87868.0,0.8409,1,3,2342.626348546032,2543.718989102077,-6.595987437492646,False,False,False,False,False,False,False,False,False,False,False,False,True,False,False,False,False,False,False,False,False,2542.6074,-166.67181773921084,1
2021-04-30,2396.958578174937,142.0,1.450186951811849,87868.0,0.8409,1,4,2375.935604135789,2478.479830667404,-3.289163441387166,False,False,False,False,False,False,False,False,False,False,False,False,True,False,False,False,False,False,False,False,False,2568.7625,-171.80387299693803,1
2021-05-31,2442.09680084637,142.0,0.9334527418021654,87868.0,0.8409,1,5,2396.958578174937,2444.13732138127,-0.0834863293911247,False,False,False,False,False,False,False,False,False,False,False,False,True,False,False,False,False,False,False,False,False,2591.7778,-149.68103118487988,1
2021-06-30,2479.8856988237253,138.0,0.0238883390778932,87868.0,0.8409,1,6,2442.09680084637,2413.3066980180406,2.7588288243828973,False,False,False,False,False,False,False,False,False,False,False,False,True,False,False,False,False,False,False,False,False,2661.3318,-181.4460882856497,1
2021-07-31,2541.796272724687,155.0,0.4861821903787033,87868.0,0.8409,0,7,2479.8856988237253,2433.2464914495245,4.461109125467089,False,False,False,False,False,False,False,False,False,False,False,False,True,False,False,False,False,False,False,False,False,2665.9172,-124.12096360343821,1
2021-08-31,2587.5056396836535,161.0,1.0474492827434068,87868.0,0.8409,0,8,2541.796272724687,2409.106541785687,7.405197520477147,False,False,False,False,False,False,False,False,False,False,False,False,True,False,False,False,False,False,False,False,False,2602.3528,-14.847143519471501,1
2021-09-30,2646.798290724244,150.0,-0.0151204596619658,87868.0,0.8409,0,9,2587.5056396836535,2365.085433982428,11.911318411337724,False,False,False,False,False,False,False,False,False,False,False,False,True,False,False,False,False,False,False,False,False,2587.0552,59.743114942994,1
2021-10-31,2678.222556519472,145.0,2.619595718582479,87868.0,0.8409,0,10,2646.798290724244,2322.563664917492,15.313203120079578,False,False,False,False,False,False,False,False,False,False,False,False,True,False,False,False,False,False,False,False,False,2586.3972,91.82533972259716,1
2021-11-30,2693.6094128376003,143.0,0.9758973015457252,87868.0,0.8409,0,11,2678.222556519472,2300.4043719778388,17.092866178205533,False,False,False,False,False,False,False,False,False,False,False,False,True,False,False,False,False,False,False,False,False,2586.1135,107.4958874469753,1
2021-12-31,2709.652929050393,146.0,0.1962119737951573,87868.0,0.8409,0,12,2693.6094128376003,2308.6548606042847,17.369338106309584,False,False,False,False,False,False,False,False,False,False,False,False,True,False,False,False,False,False,False,False,False,2561.315,148.33798764414314,1
2021-01-31,2116.099066089444,387.0,-2.9640257558790517,88490.0,0.796,1,1,2127.7284161346724,2303.980490243249,-8.154644752828123,False,False,False,False,False,False,False,False,False,False,False,False,False,True,False,False,False,False,False,False,False,2378.734,-262.634820629306,1
2021-02-28,2124.441951614716,357.0,2.232319953838946,88490.0,0.796,1,2,2116.099066089444,2313.7502293277735,-8.181880451636236,False,False,False,False,False,False,False,False,False,False,False,False,False,True,False,False,False,False,False,False,False,2385.4004,-260.9584390102841,1
2021-03-31,2130.7472252188377,324.0,0.9489205587695616,88490.0,0.796,1,3,2124.441951614716,2308.2343006028427,-7.689300663180109,False,False,False,False,False,False,False,False,False,False,False,False,False,True,False,False,False,False,False,False,False,2392.205,-261.4578529061623,1
2021-04-30,2137.469446048131,311.0,1.450186951811849,88490.0,0.796,1,4,2130.7472252188377,2292.047493142089,-6.7441031460500955,False,False,False,False,False,False,False,False,False,False,False,False,False,True,False,False,False,False,False,False,False,2395.6167,-258.147253170619,1
2021-05-31,2160.7016652060156,305.0,0.9334527418021654,88490.0,0.796,1,5,2137.469446048131,2283.5941159997,-5.381536496904371,False,False,False,False,False,False,False,False,False,False,False,False,False,True,False,False,False,False,False,False,False,2410.0637,-249.3620554971094,1
2021-06-30,2197.279035882266,300.0,0.0238883390778932,88490.0,0.796,1,6,2160.7016652060156,2272.653869530725,-3.316599798104014,False,False,False,False,False,False,False,False,False,False,False,False,False,True,False,False,False,False,False,False,False,2423.9753,-226.69630591460918,1
2021-07-31,2228.692690288585,308.0,0.4861821903787033,88490.0,0.796,0,7,2197.279035882266,2281.4481409641608,-2.31236685718752,False,False,False,False,False,False,False,False,False,False,False,False,False,True,False,False,False,False,False,False,False,2420.383,-191.6903663520402,1
2021-08-31,2274.820353850855,329.0,1.0474492827434068,88490.0,0.796,0,8,2228.692690288585,2257.5339324642905,0.7657214422329917,False,False,False,False,False,False,False,False,False,False,False,False,False,True,False,False,False,False,False,False,False,2440.8022,-165.9818922428949,1
2021-09-30,2300.500871257461,329.0,-0.0151204596619658,88490.0,0.796,0,9,2274.820353850855,2235.6304881261976,2.9016594412985652,False,False,False,False,False,False,False,False,False,False,False,False,False,True,False,False,False,False,False,False,False,2438.689,-138.18809358628914,1
2021-10-31,2340.526198183922,320.0,2.619595718582479,88490.0,0.796,0,10,2300.500871257461,2199.4836699986968,6.412528999831535,False,False,False,False,False,False,False,False,False,False,False,False,False,True,False,False,False,False,False,False,False,2398.8665,-58.34025689420287,1
2021-11-30,2352.639792025845,304.0,0.9758973015457252,88490.0,0.796,0,11,2340.526198183922,2160.8797098924215,8.874167370610841,False,False,False,False,False,False,False,False,False,False,False,False,False,True,False,False,False,False,False,False,False,2385.333,-32.693215786654946,1
2021-12-31,2377.029715020453,300.0,0.1962119737951573,88490.0,0.796,0,12,2352.639792025845,2127.7284161346724,11.71678194431751,False,False,False,False,False,False,False,False,False,False,False,False,False,True,False,False,False,False,False,False,False,2382.2617,-5.232003729547159,1
2021-01-31,2930.289566642463,0.0,-2.9640257558790517,102901.67,0.741,1,1,2940.4768462696916,3125.556197258154,-6.247420244338775,False,False,False,False,False,False,False,False,False,False,False,False,False,False,True,False,False,False,False,False,False,3001.0193,-70.72972046691211,1
2021-02-28,2929.655759727591,0.0,2.232319953838946,102901.67,0.741,1,2,2930.289566642463,3144.1765322835804,-6.822796695839006,False,False,False,False,False,False,False,False,False,False,False,False,False,False,True,False,False,False,False,False,False,3003.5784,-73.92260941303402,1
2021-03-31,2937.5408275972336,0.0,0.9489205587695616,102901.67,0.741,1,3,2929.655759727591,3146.2891292791955,-6.634746302854422,False,False,False,False,False,False,False,False,False,False,False,False,False,False,True,False,False,False,False,False,False,3006.2837,-68.7428638090164,1
2021-04-30,2949.1513636683285,0.0,1.450186951811849,102901.67,0.741,1,4,2937.5408275972336,3114.007980834614,-5.294033226019568,False,False,False,False,False,False,False,False,False,False,False,False,False,False,True,False,False,False,False,False,False,3003.9702,-54.818851175421514,1
2021-05-31,2970.6568268763695,0.0,0.9334527418021654,102901.67,0.741,1,5,2949.1513636683285,3086.3930009148644,-3.749884541734916,False,False,False,False,False,False,False,False,False,False,False,False,False,False,True,False,False,False,False,False,False,3061.8818,-91.22500906113055,1
2021-06-30,3001.7621778464836,0.0,0.0238883390778932,102901.67,0.741,1,6,2970.6568268763695,3075.4321669827477,-2.3954353448979004,False,False,False,False,False,False,False,False,False,False,False,False,False,False,True,False,False,False,False,False,False,3068.8066,-67.04446277851639,1
2021-07-31,3069.39666004176,0.0,0.4861821903787033,102901.67,0.741,0,7,3001.7621778464836,3080.5710590126823,-0.3627379066043601,False,False,False,False,False,False,False,False,False,False,False,False,False,False,True,False,False,False,False,False,False,3087.4395,-18.042793083240213,1
2021-08-31,3126.280342755957,0.0,1.0474492827434068,102901.67,0.741,0,8,3069.39666004176,3063.7526749393996,2.040884968555567,False,False,False,False,False,False,False,False,False,False,False,False,False,False,True,False,False,False,False,False,False,3135.331,-9.050711931542992,1
2021-09-30,3179.0468459454073,0.0,-0.0151204596619658,102901.67,0.741,0,9,3126.280342755957,3044.3026323887498,4.426110995769461,False,False,False,False,False,False,False,False,False,False,False,False,False,False,True,False,False,False,False,False,False,3159.8882,19.158662351657313,1
2021-10-31,3198.6065002715227,0.0,2.619595718582479,102901.67,0.741,0,10,3179.0468459454073,3006.0349973299526,6.406163039106927,False,False,False,False,False,False,False,False,False,False,False,False,False,False,True,False,False,False,False,False,False,3109.1682,89.43828738089769,1
2021-11-30,3214.650135844409,0.0,0.9758973015457252,102901.67,0.741,0,11,3198.6065002715227,2970.710778803364,8.21148119775248,False,False,False,False,False,False,False,False,False,False,False,False,False,False,True,False,False,False,False,False,False,3105.07,109.58006748503385,1
2021-12-31,3218.2599415481673,0.0,0.1962119737951573,102901.67,0.741,0,12,3214.650135844409,2940.4768462696916,9.446872388431604,False,False,False,False,False,False,False,False,False,False,False,False,False,False,True,False,False,False,False,False,False,3101.7622,116.49773451691726,1
2021-01-31,2351.5227896846227,684.0,-2.9640257558790517,79197.87,0.6989,1,1,2342.8434584392717,2372.6340799657496,-0.8897828139361352,False,False,False,False,False,False,False,False,False,False,False,False,False,False,False,True,False,False,False,False,False,2546.04,-194.5172493778773,1
2021-02-28,2323.2398069471055,642.0,2.232319953838946,79197.87,0.6989,1,2,2351.5227896846227,2374.9222159404444,-2.176172703528867,False,False,False,False,False,False,False,False,False,False,False,False,False,False,False,True,False,False,False,False,False,2546.8225,-223.58270281851946,1
2021-03-31,2304.8058160691726,642.0,0.9489205587695616,79197.87,0.6989,1,3,2323.2398069471055,2380.7340299599796,-3.1892774638115906,False,False,False,False,False,False,False,False,False,False,False,False,False,False,False,True,False,False,False,False,False,2533.817,-229.01107846207742,1
2021-04-30,2331.817363739365,672.0,1.450186951811849,79197.87,0.6989,1,4,2304.8058160691726,2369.114842623201,-1.5743212702402531,False,False,False,False,False,False,False,False,False,False,False,False,False,False,False,True,False,False,False,False,False,2546.7048,-214.8874702450098,1
2021-05-31,2382.635934451367,674.0,0.9334527418021654,79197.87,0.6989,1,5,2331.817363739365,2349.2493597798293,1.4211592538080575,False,False,False,False,False,False,False,False,False,False,False,False,False,False,False,True,False,False,False,False,False,2560.8635,-178.22759093925788,1
2021-06-30,2421.871605198784,694.0,0.0238883390778932,79197.87,0.6989,1,6,2382.635934451367,2336.459792620682,3.65560806344114,False,False,False,False,False,False,False,False,False,False,False,False,False,False,False,True,False,False,False,False,False,2575.4663,-153.59470339496602,1
2021-07-31,2447.289863797946,725.0,0.4861821903787033,79197.87,0.6989,0,7,2421.871605198784,2320.0190044979736,5.4857679636771906,False,False,False,False,False,False,False,False,False,False,False,False,False,False,False,True,False,False,False,False,False,2618.535,-171.24504831142895,1
2021-08-31,2441.9218385190343,743.0,1.0474492827434068,79197.87,0.6989,0,8,2447.289863797946,2333.868989088509,4.6297735620852265,False,False,False,False,False,False,False,False,False,False,False,False,False,False,False,True,False,False,False,False,False,2618.631,-176.70926499659072,1
2021-09-30,2459.8147377584664,781.0,-0.0151204596619658,79197.87,0.6989,0,9,2441.9218385190343,2343.998968882228,4.9409479446770765,False,False,False,False,False,False,False,False,False,False,False,False,False,False,False,True,False,False,False,False,False,2615.9807,-156.16597513215856,1
2021-10-31,2488.9864838239437,808.0,2.619595718582479,79197.87,0.6989,0,10,2459.8147377584664,2329.370280830012,6.852332765963554,False,False,False,False,False,False,False,False,False,False,False,False,False,False,False,True,False,False,False,False,False,2562.658,-73.67147516043133,1
2021-11-30,2527.158155699204,815.0,0.9758973015457252,79197.87,0.6989,0,11,2488.9864838239437,2341.328151347733,7.936948276323519,False,False,False,False,False,False,False,False,False,False,False,False,False,False,False,True,False,False,False,False,False,2560.3694,-33.211229066420856,1
2021-12-31,2539.7845103850605,825.0,0.1962119737951573,79197.87,0.6989,0,12,2527.158155699204,2342.8434584392717,8.406069608977829,False,False,False,False,False,False,False,False,False,False,False,False,False,False,False,True,False,False,False,False,False,2562.0007,-22.216222036814543,1
2021-01-31,1938.5388859226664,134.0,-2.9640257558790517,33222.0,0.8815,1,1,1938.5388859226664,1938.5388859226664,0.0,False,False,False,False,False,False,False,False,False,False,False,False,False,False,False,False,True,False,False,False,False,1939.4017,-0.8628474757711047,1
2021-02-28,1938.5388859226664,125.0,2.232319953838946,33222.0,0.8815,1,2,1938.5388859226664,1938.5388859226664,0.0,False,False,False,False,False,False,False,False,False,False,False,False,False,False,False,False,True,False,False,False,False,1940.152,-1.6130916163961047,1
2021-03-31,1938.5388859226664,122.0,0.9489205587695616,33222.0,0.8815,1,3,1938.5388859226664,1938.5388859226664,0.0,False,False,False,False,False,False,False,False,False,False,False,False,False,False,False,False,True,False,False,False,False,1939.6703,-1.1314021632711047,1
2021-04-30,1938.5388859226664,118.0,1.450186951811849,33222.0,0.8815,1,4,1938.5388859226664,1938.5388859226664,0.0,False,False,False,False,False,False,False,False,False,False,False,False,False,False,False,False,True,False,False,False,False,1940.724,-2.1851131007711047,1
2021-05-31,1938.5388859226664,128.0,0.9334527418021654,33222.0,0.8815,1,5,1938.5388859226664,1938.5388859226664,0.0,False,False,False,False,False,False,False,False,False,False,False,False,False,False,False,False,True,False,False,False,False,1939.1704,-0.6315242335836047,1
2021-06-30,1938.5388859226664,151.0,0.0238883390778932,33222.0,0.8815,1,6,1938.5388859226664,1938.5388859226664,0.0,False,False,False,False,False,False,False,False,False,False,False,False,False,False,False,False,True,False,False,False,False,1940.7773,-2.2384578273336047,1
2021-07-31,1938.5388859226664,159.0,0.4861821903787033,33222.0,0.8815,0,7,1938.5388859226664,1938.5388859226664,0.0,False,False,False,False,False,False,False,False,False,False,False,False,False,False,False,False,True,False,False,False,False,1939.2017,-0.6627742335836047,1
2021-08-31,1938.5388859226664,163.0,1.0474492827434068,33222.0,0.8815,0,8,1938.5388859226664,1938.5388859226664,0.0,False,False,False,False,False,False,False,False,False,False,False,False,False,False,False,False,True,False,False,False,False,1939.2812,-0.7423640773336047,1
2021-09-30,1938.5388859226664,164.0,-0.0151204596619658,33222.0,0.8815,0,9,1938.5388859226664,1938.5388859226664,0.0,False,False,False,False,False,False,False,False,False,False,False,False,False,False,False,False,True,False,False,False,False,1939.3605,-0.8215877101461047,1
2021-10-31,1938.5388859226664,175.0,2.619595718582479,33222.0,0.8815,0,10,1938.5388859226664,1938.5388859226664,0.0,False,False,False,False,False,False,False,False,False,False,False,False,False,False,False,False,True,False,False,False,False,1936.9515,1.5873478367288953,1
2021-11-30,1938.5388859226664,164.0,0.9758973015457252,33222.0,0.8815,0,11,1938.5388859226664,1938.5388859226664,0.0,False,False,False,False,False,False,False,False,False,False,False,False,False,False,False,False,True,False,False,False,False,1935.9385,2.6004093601663953,1
2021-12-31,1938.5388859226664,153.0,0.1962119737951573,33222.0,0.8815,0,12,1938.5388859226664,1938.5388859226664,0.0,False,False,False,False,False,False,False,False,False,False,False,False,False,False,False,False,True,False,False,False,False,1934.7905,3.7483585789163953,1
2021-01-31,1854.1921021140183,190.0,-2.9640257558790517,43388.0,0.7071,1,1,1836.919466290304,1847.3231077438645,0.3718350266588066,False,False,False,False,False,False,False,False,False,False,False,False,False,False,False,False,False,True,False,False,False,1904.9297,-50.737585385981674,1
2021-02-28,1837.7235618909983,187.0,2.232319953838946,43388.0,0.7071,1,2,1854.1921021140183,1847.3231077438645,-0.5196462823761294,False,False,False,False,False,False,False,False,False,False,False,False,False,False,False,False,False,True,False,False,False,1891.0139,-53.290354124626674,1
2021-03-31,1892.675448939992,185.0,0.9489205587695616,43388.0,0.7071,1,3,1837.7235618909983,1847.3231077438645,2.4550302546432423,False,False,False,False,False,False,False,False,False,False,False,False,False,False,False,False,False,True,False,False,False,1920.7612,-28.085781528757934,1
2021-04-30,1900.696516181313,180.0,1.450186951811849,43388.0,0.7071,1,4,1892.675448939992,1847.3231077438645,2.8892297299649705,False,False,False,False,False,False,False,False,False,False,False,False,False,False,False,False,False,True,False,False,False,1923.7686,-23.072038506187027,1
2021-05-31,1878.757156616885,163.0,0.9334527418021654,43388.0,0.7071,1,5,1900.696516181313,1847.3231077438645,1.7015999389197622,False,False,False,False,False,False,False,False,False,False,False,False,False,False,False,False,False,True,False,False,False,1914.3363,-35.57914709405259,1
2021-06-30,1846.7704172525496,164.0,0.0238883390778932,43388.0,0.7071,1,6,1878.757156616885,1847.3231077438645,-0.0299184527600027,False,False,False,False,False,False,False,False,False,False,False,False,False,False,False,False,False,True,False,False,False,1892.5422,-45.77181907557542,1
2021-07-31,1821.983907141906,169.0,0.4861821903787033,43388.0,0.7071,0,7,1846.7704172525496,1847.3231077438645,-1.3716712845597057,False,False,False,False,False,False,False,False,False,False,False,False,False,False,False,False,False,True,False,False,False,1890.1486,-68.1646524284065,1
2021-08-31,1831.0799216323655,181.0,1.0474492827434068,43388.0,0.7071,0,8,1821.983907141906,1847.3231077438645,-0.879282354202604,False,False,False,False,False,False,False,False,False,False,False,False,False,False,False,False,False,True,False,False,False,1890.6002,-59.52029809419696,1
2021-09-30,1878.224503685504,187.0,-0.0151204596619658,43388.0,0.7071,0,9,1831.0799216323655,1847.3231077438645,1.6727661670068894,False,False,False,False,False,False,False,False,False,False,False,False,False,False,False,False,False,True,False,False,False,1914.5156,-36.29112131449597,1
2021-10-31,1932.9698455244295,187.0,2.619595718582479,43388.0,0.7071,0,10,1878.224503685504,1847.3231077438645,4.636261919830864,False,False,False,False,False,False,False,False,False,False,False,False,False,False,False,False,False,True,False,False,False,1971.0958,-38.125979670883,1
2021-11-30,1968.6908375253795,192.0,0.9758973015457252,43388.0,0.7071,0,11,1932.9698455244295,1847.3231077438645,6.5699243014256,False,False,False,False,False,False,False,False,False,False,False,False,False,False,False,False,False,True,False,False,False,1924.6904,44.00040783787949,1
2021-12-31,1974.110687886622,183.0,0.1962119737951573,43388.0,0.7071,0,12,1968.6908375253795,1836.919466290304,7.468548519080076,False,False,False,False,False,False,False,False,False,False,False,False,False,False,False,False,False,True,False,False,False,1920.3942,53.71652284755942,1
2021-01-31,2398.8398305280734,543.0,-2.9640257558790517,54512.72,0.6602,1,1,2335.1617999588393,2361.32619873602,1.5886679194146769,False,False,False,False,False,False,False,False,False,False,False,False,False,False,False,False,False,False,True,False,False,2254.139,144.70091451244843,1
2021-02-28,2447.463302006264,555.0,2.232319953838946,54512.72,0.6602,1,2,2398.8398305280734,2373.3898233610744,3.1209992524654284,False,False,False,False,False,False,False,False,False,False,False,False,False,False,False,False,False,False,True,False,False,2266.55,180.9132531781388,1
2021-03-31,2455.142693223742,569.0,0.9489205587695616,54512.72,0.6602,1,3,2447.463302006264,2380.5259418124847,3.1344649558595172,False,False,False,False,False,False,False,False,False,False,False,False,False,False,False,False,False,False,True,False,False,2256.1519,198.99083775499184,1
2021-04-30,2430.2566035513696,566.0,1.450186951811849,54512.72,0.6602,1,4,2455.142693223742,2369.5334287744126,2.5626637733642266,False,False,False,False,False,False,False,False,False,False,False,False,False,False,False,False,False,False,True,False,False,2252.829,177.4275019888696,1
2021-05-31,2405.1671016790506,574.0,0.9334527418021654,54512.72,0.6602,1,5,2430.2566035513696,2385.416835395996,0.8279587026464474,False,False,False,False,False,False,False,False,False,False,False,False,False,False,False,False,False,False,True,False,False,2244.4668,160.70030480405057,1
2021-06-30,2392.0825607900224,596.0,0.0238883390778932,54512.72,0.6602,1,6,2405.1671016790506,2367.8563579921165,1.02312805910445,False,False,False,False,False,False,False,False,False,False,False,False,False,False,False,False,False,False,True,False,False,2249.5605,142.5220139150224,1
2021-07-31,2414.488953491779,590.0,0.4861821903787033,54512.72,0.6602,0,7,2392.0825607900224,2363.2266907733606,2.1691640043910887,False,False,False,False,False,False,False,False,False,False,False,False,False,False,False,False,False,False,True,False,False,2260.056,154.43304528865383,1
2021-08-31,2467.665238920742,601.0,1.0474492827434068,54512.72,0.6602,0,8,2414.488953491779,2363.999329711405,4.385191988273207,False,False,False,False,False,False,False,False,False,False,False,False,False,False,False,False,False,False,True,False,False,2309.6038,158.061479155117,1
2021-09-30,2521.939292053424,606.0,-0.0151204596619658,54512.72,0.6602,0,9,2467.665238920742,2365.8701848286187,6.596689379899812,False,False,False,False,False,False,False,False,False,False,False,False,False,False,False,False,False,False,True,False,False,2266.1768,255.7625342409242,1
2021-10-31,2565.6961188216237,615.0,2.619595718582479,54512.72,0.6602,0,10,2521.939292053424,2339.678761712229,9.66018757822933,False,False,False,False,False,False,False,False,False,False,False,False,False,False,False,False,False,False,True,False,False,2258.5254,307.1707281966237,1
2021-11-30,2541.272712683458,607.0,0.9758973015457252,54512.72,0.6602,0,11,2565.6961188216237,2320.832464687529,9.49832662848451,False,False,False,False,False,False,False,False,False,False,False,False,False,False,False,False,False,False,True,False,False,2258.5078,282.76490018345794,1
2021-12-31,2585.101992195737,602.0,0.1962119737951573,54512.72,0.6602,0,12,2541.272712683458,2335.1617999588393,10.703335085444742,False,False,False,False,False,False,False,False,False,False,False,False,False,False,False,False,False,False,True,False,False,2261.1123,323.9896875082368,1
2021-01-31,2643.4311046279126,359.0,-2.9640257558790517,83392.55,0.7234,1,1,2643.281139213365,2723.5257846224813,-2.940845298649186,False,False,False,False,False,False,False,False,False,False,False,False,False,False,False,False,False,False,False,True,False,2666.318,-22.887010606462354,1
2021-02-28,2647.5563517316887,353.0,2.232319953838946,83392.55,0.7234,1,2,2643.4311046279126,2726.7158688995537,-2.9031083902340105,False,False,False,False,False,False,False,False,False,False,False,False,False,False,False,False,False,False,False,True,False,2660.742,-13.185591627686335,1
2021-03-31,2672.691340354918,352.0,0.9489205587695616,83392.55,0.7234,1,3,2647.5563517316887,2712.3190298752725,-1.4610261213326647,False,False,False,False,False,False,False,False,False,False,False,False,False,False,False,False,False,False,False,True,False,2667.2092,5.482111839292884,1
2021-04-30,2668.638166295784,366.0,1.450186951811849,83392.55,0.7234,1,4,2672.691340354918,2679.1335753063677,-0.3917463879860361,False,False,False,False,False,False,False,False,False,False,False,False,False,False,False,False,False,False,False,True,False,2670.1196,-1.4814626104662239,1
2021-05-31,2679.609909997297,348.0,0.9334527418021654,83392.55,0.7234,1,5,2668.638166295784,2659.4560089382067,0.7578204336283312,False,False,False,False,False,False,False,False,False,False,False,False,False,False,False,False,False,False,False,True,False,2687.1978,-7.587843908952891,1
2021-06-30,2699.9026878395443,364.0,0.0238883390778932,83392.55,0.7234,1,6,2679.609909997297,2677.9162972972695,0.8210260553873638,False,False,False,False,False,False,False,False,False,False,False,False,False,False,False,False,False,False,False,True,False,2693.7078,6.194924167669342,1
2021-07-31,2761.319381491574,378.0,0.4861821903787033,83392.55,0.7234,0,7,2699.9026878395443,2693.8830763437863,2.5033122536006314,False,False,False,False,False,False,False,False,False,False,False,False,False,False,False,False,False,False,False,True,False,2701.7356,59.58378578844895,1
2021-08-31,2807.9329143710665,371.0,1.0474492827434068,83392.55,0.7234,0,8,2761.319381491574,2678.4073208421732,4.835918440073805,False,False,False,False,False,False,False,False,False,False,False,False,False,False,False,False,False,False,False,True,False,2741.936,65.99687921481654,1
2021-09-30,2834.6127759702335,385.0,-0.0151204596619658,83392.55,0.7234,0,9,2807.9329143710665,2650.563683021318,6.9437717768441765,False,False,False,False,False,False,False,False,False,False,False,False,False,False,False,False,False,False,False,True,False,2696.693,137.91966073585854,1
2021-10-31,2846.741895381567,359.0,2.619595718582479,83392.55,0.7234,0,10,2834.6127759702335,2637.62678077147,7.928154056311709,False,False,False,False,False,False,False,False,False,False,False,False,False,False,False,False,False,False,False,True,False,2683.1992,163.5426766315668,1
2021-11-30,2886.248759746031,378.0,0.9758973015457252,83392.55,0.7234,0,11,2846.741895381567,2648.881808878586,8.961024613171965,False,False,False,False,False,False,False,False,False,False,False,False,False,False,False,False,False,False,False,True,False,2684.3596,201.88914060540583,1
2021-12-31,2926.895302599661,384.0,0.1962119737951573,83392.55,0.7234,0,12,2886.248759746031,2643.281139213365,10.72962535762274,False,False,False,False,False,False,False,False,False,False,False,False,False,False,False,False,False,False,False,True,False,2683.468,243.42728502153614,1
2021-01-31,3153.5590639869615,147.0,-2.9640257558790517,67422.0,0.6682,1,1,3132.854269402014,3300.9597417145924,-4.465388531247816,False,False,False,False,False,False,False,False,False,False,False,False,False,False,False,False,False,False,False,False,True,3151.2798,2.279278830711519,1
2021-02-28,3171.881674534305,138.0,2.232319953838946,67422.0,0.6682,1,2,3153.5590639869615,3349.9710363595927,-5.316146315665371,False,False,False,False,False,False,False,False,False,False,False,False,False,False,False,False,False,False,False,False,True,3160.3386,11.543051487430148,1
2021-03-31,3183.57614673726,128.0,0.9489205587695616,67422.0,0.6682,1,3,3171.881674534305,3364.449818604665,-5.376025252842631,False,False,False,False,False,False,False,False,False,False,False,False,False,False,False,False,False,False,False,False,True,3152.4424,31.133763924759933,1
2021-04-30,3197.4458633750824,123.0,1.450186951811849,67422.0,0.6682,1,4,3183.57614673726,3368.1743311285472,-5.0688726582706405,False,False,False,False,False,False,False,False,False,False,False,False,False,False,False,False,False,False,False,False,True,3158.0168,39.429017671957354,1
2021-05-31,3276.728218763759,142.0,0.9334527418021654,67422.0,0.6682,1,5,3197.4458633750824,3342.357892476893,-1.9635740942301805,False,False,False,False,False,False,False,False,False,False,False,False,False,False,False,False,False,False,False,False,True,3183.5366,93.19159767000883,1
2021-06-30,3328.412766113611,147.0,0.0238883390778932,67422.0,0.6682,1,6,3276.728218763759,3343.829381043054,-0.4610466974434679,False,False,False,False,False,False,False,False,False,False,False,False,False,False,False,False,False,False,False,False,True,3192.8823,135.53044189486081,1
2021-07-31,3384.5039813585295,158.0,0.4861821903787033,67422.0,0.6682,0,7,3328.412766113611,3289.420299281026,2.8905908466086316,False,False,False,False,False,False,False,False,False,False,False,False,False,False,False,False,False,False,False,False,True,3193.274,191.23005557727947,1
2021-08-31,3440.891012758123,161.0,1.0474492827434068,67422.0,0.6682,0,8,3384.5039813585295,3301.450777676538,4.223604847433737,False,False,False,False,False,False,False,False,False,False,False,False,False,False,False,False,False,False,False,False,True,3178.4072,262.483786195623,1
2021-09-30,3441.8114767279635,170.0,-0.0151204596619658,67422.0,0.6682,0,9,3440.891012758123,3263.323126387862,5.469527332332191,False,False,False,False,False,False,False,False,False,False,False,False,False,False,False,False,False,False,False,False,True,3206.7922,235.0192403998385,1
2021-10-31,3469.2072732276,170.0,2.619595718582479,67422.0,0.6682,0,10,3441.8114767279635,3223.8034331302347,7.612245758392411,False,False,False,False,False,False,False,False,False,False,False,False,False,False,False,False,False,False,False,False,True,3148.2102,320.9970681494751,1
2021-11-30,3460.6128436942377,170.0,0.9758973015457252,67422.0,0.6682,0,11,3469.2072732276,3119.3038480117048,10.941832290563449,False,False,False,False,False,False,False,False,False,False,False,False,False,False,False,False,False,False,False,False,True,3069.6763,390.93657416298765,1
2021-12-31,3495.6887254212866,162.0,0.1962119737951573,67422.0,0.6682,0,12,3460.6128436942377,3132.854269402014,11.58159380610222,False,False,False,False,False,False,False,False,False,False,False,False,False,False,False,False,False,False,False,False,True,3082.2148,413.47388167128656,1
2022-01-31,6427.59296157712,129.0,-2.264157050607707,153712.01,0.3675,0,1,6452.506562104584,5578.477767819288,15.221270552625407,False,False,False,False,False,False,False,False,False,False,False,False,False,False,False,False,False,False,False,False,False,6259.767,167.82587173337015,2
2022-02-28,6487.461972748955,118.0,1.5731081304851902,153712.01,0.3675,0,2,6427.59296157712,5726.878558448635,13.280941904700638,False,False,False,False,False,False,False,False,False,False,False,False,False,False,False,False,False,False,False,False,False,6202.75,284.7119727489553,2
2022-03-31,6472.219521537098,126.0,0.283664819041407,153712.01,0.3675,0,3,6487.461972748955,5688.404403103273,13.779173611605744,False,False,False,False,False,False,False,False,False,False,False,False,False,False,False,False,False,False,False,False,False,6321.0093,151.21024419334844,2
2022-04-30,6698.274628741606,131.0,0.6047403843027821,153712.01,0.3675,0,4,6472.219521537098,5650.978640136506,18.533002074483164,False,False,False,False,False,False,False,False,False,False,False,False,False,False,False,False,False,False,False,False,False,6330.495,367.77951155410574,2
2022-05-31,6803.122365193703,140.0,0.252076398539236,153712.01,0.3675,0,5,6698.274628741606,5575.5034264267915,22.018082402178063,False,False,False,False,False,False,False,False,False,False,False,False,False,False,False,False,False,False,False,False,False,6339.4473,463.67509956870344,2
2022-06-30,6913.100707879746,154.0,-0.1128267947519412,153712.01,0.3675,0,6,6803.122365193703,5678.416441657819,21.7434610319186,False,False,False,False,False,False,False,False,False,False,False,False,False,False,False,False,False,False,False,False,False,6268.7383,644.3624266297456,2
2022-07-31,6771.818261229069,156.0,-0.4437487897760328,153712.01,0.3675,0,7,6913.100707879746,5911.598587528699,14.551388443645653,False,False,False,False,False,False,False,False,False,False,False,False,False,False,False,False,False,False,False,False,False,6265.576,506.2420893540693,2
2022-08-31,6689.612671305207,169.0,0.3338898163605996,153712.01,0.3675,0,8,6771.818261229069,5991.785247194835,11.646402454712025,False,False,False,False,False,False,False,False,False,False,False,False,False,False,False,False,False,False,False,False,False,6187.0347,502.5780033364572,2
2022-09-30,6687.94877615459,170.0,0.4539359966398981,153712.01,0.3675,0,9,6689.612671305207,6125.196146838794,9.18750380926545,False,False,False,False,False,False,False,False,False,False,False,False,False,False,False,False,False,False,False,False,False,6026.5054,661.4434050608397,2
2022-10-31,6835.945345677373,188.0,0.8603499292422434,153712.01,0.3675,0,10,6687.94877615459,6165.027281462795,10.88264550315805,False,False,False,False,False,False,False,False,False,False,False,False,False,False,False,False,False,False,False,False,False,6052.813,783.1323573961226,2
2022-11-30,6768.71673812275,175.0,0.534128414037216,153712.01,0.3675,0,11,6835.945345677373,6301.5061401302655,7.414268709779059,False,False,False,False,False,False,False,False,False,False,False,False,False,False,False,False,False,False,False,False,False,5922.2705,846.44623031025,2
2022-12-31,6649.243997172474,168.0,0.0301329019570584,153712.01,0.3675,0,12,6768.71673812275,6452.506562104584,3.0490079037396756,False,False,False,False,False,False,False,False,False,False,False,False,False,False,False,False,False,False,False,False,False,5702.3604,946.8836456099743,2
2022-01-31,1960.3910125643497,127.0,-2.264157050607707,51728.34,0.7708,0,1,1935.2780712448944,1868.581619538499,4.913319924902493,True,False,False,False,False,False,False,False,False,False,False,False,False,False,False,False,False,False,False,False,False,1988.9377,-28.546731576275306,2
2022-02-28,1952.4089672528376,112.0,1.5731081304851902,51728.34,0.7708,0,2,1960.3910125643497,1878.037485878172,3.960063733226793,True,False,False,False,False,False,False,False,False,False,False,False,False,False,False,False,False,False,False,False,False,1984.5509,-32.141936067474944,2
2022-03-31,1973.801265098329,131.0,0.283664819041407,51728.34,0.7708,0,3,1952.4089672528376,1858.706584700463,6.192191997663454,True,False,False,False,False,False,False,False,False,False,False,False,False,False,False,False,False,False,False,False,False,2008.539,-34.73767533135856,2
2022-04-30,2004.743366328242,114.0,0.6047403843027821,51728.34,0.7708,0,4,1973.801265098329,1886.42752949099,6.271952406736592,True,False,False,False,False,False,False,False,False,False,False,False,False,False,False,False,False,False,False,False,False,2006.3453,-1.6019705858204816,2
2022-05-31,2071.991036757228,118.0,0.252076398539236,51728.34,0.7708,0,5,2004.743366328242,1885.5844018170255,9.885881255730222,True,False,False,False,False,False,False,False,False,False,False,False,False,False,False,False,False,False,False,False,False,2232.6475,-160.6564241802721,2
2022-06-30,2102.8213423070288,144.0,-0.1128267947519412,51728.34,0.7708,0,6,2071.991036757228,1886.6172355477984,11.459881881999957,True,False,False,False,False,False,False,False,False,False,False,False,False,False,False,False,False,False,False,False,False,2257.4028,-154.58148972422123,2
2022-07-31,2132.430871896524,166.0,-0.4437487897760328,51728.34,0.7708,0,7,2102.8213423070288,1894.43285769704,12.56302186865601,True,False,False,False,False,False,False,False,False,False,False,False,False,False,False,False,False,False,False,False,False,2247.4153,-114.98441130660103,2
2022-08-31,2170.6302015873675,173.0,0.3338898163605996,51728.34,0.7708,0,8,2132.430871896524,1921.562774384973,12.961711713119172,True,False,False,False,False,False,False,False,False,False,False,False,False,False,False,False,False,False,False,False,False,2143.197,27.433180102992537,2
2022-09-30,2206.9146318485405,166.0,0.4539359966398981,51728.34,0.7708,0,9,2170.6302015873675,1977.9682262805352,11.57482726598329,True,False,False,False,False,False,False,False,False,False,False,False,False,False,False,False,False,False,False,False,False,2251.9912,-45.076579088959534,2
2022-10-31,2238.083541243868,176.0,0.8603499292422434,51728.34,0.7708,0,10,2206.9146318485405,1985.7663563952744,12.706287627242308,True,False,False,False,False,False,False,False,False,False,False,False,False,False,False,False,False,False,False,False,False,2142.522,95.56156858761778,2
2022-11-30,2198.521641082875,190.0,0.534128414037216,51728.34,0.7708,0,11,2238.083541243868,1973.5069004853983,11.401771158850904,True,False,False,False,False,False,False,False,False,False,False,False,False,False,False,False,False,False,False,False,False,2095.892,102.6295512391248,2
2022-12-31,2201.679756278299,180.0,0.0301329019570584,51728.34,0.7708,0,12,2198.521641082875,1935.2780712448944,13.76555074909922,True,False,False,False,False,False,False,False,False,False,False,False,False,False,False,False,False,False,False,False,False,2162.3513,39.32843791892401,2
2022-01-31,3417.4594609709707,432.0,-2.264157050607707,161605.0,0.4556,0,1,3412.931729763789,3033.0653149220816,12.673454282627738,False,True,False,False,False,False,False,False,False,False,False,False,False,False,False,False,False,False,False,False,False,5499.301,-2081.8413202790293,2
2022-02-28,3426.715850623776,402.0,1.5731081304851902,161605.0,0.4556,0,2,3417.4594609709707,3058.203094763271,12.049976552948015,False,True,False,False,False,False,False,False,False,False,False,False,False,False,False,False,False,False,False,False,False,5538.319,-2111.602997032474,2
2022-03-31,3425.253612272422,446.0,0.283664819041407,161605.0,0.4556,0,3,3426.715850623776,3070.4967671943937,11.553728011320462,False,True,False,False,False,False,False,False,False,False,False,False,False,False,False,False,False,False,False,False,False,5537.1904,-2111.936817415078,2
2022-04-30,3463.9723684750907,446.0,0.6047403843027821,161605.0,0.4556,0,4,3425.253612272422,3060.2226149402854,13.193476564863694,False,True,False,False,False,False,False,False,False,False,False,False,False,False,False,False,False,False,False,False,False,5563.23,-2099.2576119936593,2
2022-05-31,3494.8033075793333,470.0,0.252076398539236,161605.0,0.4556,0,5,3463.9723684750907,3069.53900859585,13.854337664143856,False,True,False,False,False,False,False,False,False,False,False,False,False,False,False,False,False,False,False,False,False,5632.514,-2137.7108525769167,2
2022-06-30,3562.110630344009,499.0,-0.1128267947519412,161605.0,0.4556,0,6,3494.8033075793333,3130.266449081982,13.795764299511148,False,True,False,False,False,False,False,False,False,False,False,False,False,False,False,False,False,False,False,False,False,5610.09,-2047.9792134059908,2
2022-07-31,3609.153577940744,504.0,-0.4437487897760328,161605.0,0.4556,0,7,3562.110630344009,3179.316219642095,13.519805159457764,False,True,False,False,False,False,False,False,False,False,False,False,False,False,False,False,False,False,False,False,False,5544.1914,-1935.037828309256,2
2022-08-31,3648.0739513314174,565.0,0.3338898163605996,161605.0,0.4556,0,8,3609.153577940744,3245.85397915691,12.391807356626106,False,True,False,False,False,False,False,False,False,False,False,False,False,False,False,False,False,False,False,False,False,5547.95,-1899.8762439810826,2
2022-09-30,3657.1852144657864,520.0,0.4539359966398981,161605.0,0.4556,0,9,3648.0739513314174,3281.6182533617243,11.444565824173104,False,True,False,False,False,False,False,False,False,False,False,False,False,False,False,False,False,False,False,False,False,5547.7686,-1890.5833402217136,2
2022-10-31,3638.14494956574,521.0,0.8603499292422434,161605.0,0.4556,0,10,3657.1852144657864,3345.930844317237,8.73341736111497,False,True,False,False,False,False,False,False,False,False,False,False,False,False,False,False,False,False,False,False,False,5473.621,-1835.4761441842602,2
2022-11-30,3619.342156558518,505.0,0.534128414037216,161605.0,0.4556,0,11,3638.14494956574,3383.938145252666,6.956510468020838,False,True,False,False,False,False,False,False,False,False,False,False,False,False,False,False,False,False,False,False,False,5459.1006,-1839.7584293789819,2
2022-12-31,3631.56658478258,491.0,0.0301329019570584,161605.0,0.4556,0,12,3619.342156558518,3412.931729763789,6.406071739205954,False,True,False,False,False,False,False,False,False,False,False,False,False,False,False,False,False,False,False,False,False,5460.8193,-1829.2527511549201,2
2022-01-31,2941.767476528538,78.0,-2.264157050607707,109698.72,0.4719,0,1,2911.5651159178906,2655.0121217926567,10.80052902139914,False,False,True,False,False,False,False,False,False,False,False,False,False,False,False,False,False,False,False,False,False,3178.0151,-236.24766019021217,2
2022-02-28,2963.412818619845,76.0,1.5731081304851902,109698.72,0.4719,0,2,2941.767476528538,2674.87209973282,10.787084695221338,False,False,True,False,False,False,False,False,False,False,False,False,False,False,False,False,False,False,False,False,False,3218.5874,-255.17458372390502,2
2022-03-31,3005.3143087283643,83.0,0.283664819041407,109698.72,0.4719,0,3,2963.412818619845,2674.0487136393867,12.388166056934846,False,False,True,False,False,False,False,False,False,False,False,False,False,False,False,False,False,False,False,False,False,3251.9924,-246.67812291226073,2
2022-04-30,3046.813531912784,79.0,0.6047403843027821,109698.72,0.4719,0,4,3005.3143087283643,2673.3735907090586,13.968864752070733,False,False,True,False,False,False,False,False,False,False,False,False,False,False,False,False,False,False,False,False,False,3293.2356,-246.42206379034087,2
2022-05-31,3089.5960525519204,75.0,0.252076398539236,109698.72,0.4719,0,5,3046.813531912784,2686.531376763969,15.003162787306,False,False,True,False,False,False,False,False,False,False,False,False,False,False,False,False,False,False,False,False,False,3308.1355,-218.53944549495463,2
2022-06-30,3138.4167173387523,68.0,-0.1128267947519412,109698.72,0.4719,0,6,3089.5960525519204,2743.7162922800917,14.385613635389948,False,False,True,False,False,False,False,False,False,False,False,False,False,False,False,False,False,False,False,False,False,3314.292,-175.87527484874772,2
2022-07-31,3126.1533182606317,71.0,-0.4437487897760328,109698.72,0.4719,0,7,3138.4167173387523,2781.838292907273,12.377248031679011,False,False,True,False,False,False,False,False,False,False,False,False,False,False,False,False,False,False,False,False,False,3273.09,-146.93676962999325,2
2022-08-31,3138.6954085138177,75.0,0.3338898163605996,109698.72,0.4719,0,8,3126.1533182606317,2829.927316198087,10.910813523315175,False,False,True,False,False,False,False,False,False,False,False,False,False,False,False,False,False,False,False,False,False,3275.384,-136.6886246893073,2
2022-09-30,3125.932460314614,66.0,0.4539359966398981,109698.72,0.4719,0,9,3138.6954085138177,2862.611214200787,9.198638110811142,False,False,True,False,False,False,False,False,False,False,False,False,False,False,False,False,False,False,False,False,False,3211.4272,-85.49478577913578,2
2022-10-31,3111.6865680999385,70.0,0.8603499292422434,109698.72,0.4719,0,10,3125.932460314614,2911.3602699475855,6.88084879841957,False,False,True,False,False,False,False,False,False,False,False,False,False,False,False,False,False,False,False,False,False,3204.2917,-92.60517994693646,2
2022-11-30,3081.216757882349,70.0,0.534128414037216,109698.72,0.4719,0,11,3111.6865680999385,2914.2141616019735,5.73062194538827,False,False,True,False,False,False,False,False,False,False,False,False,False,False,False,False,False,False,False,False,False,3183.057,-101.84012688327584,2
2022-12-31,3051.4845699038024,74.0,0.0301329019570584,109698.72,0.4719,0,12,3081.216757882349,2911.5651159178906,4.805643989239838,False,False,True,False,False,False,False,False,False,False,False,False,False,False,False,False,False,False,False,False,False,3145.7812,-94.29668009619763,2
2022-01-31,2660.264283376211,92.0,-2.264157050607707,50131.25,0.9432,0,1,2626.42786272274,2299.0512675796103,15.71139456045614,False,False,False,True,False,False,False,False,False,False,False,False,False,False,False,False,False,False,False,False,False,2517.555,142.7093517355861,2
2022-02-28,2672.1737632577656,81.0,1.5731081304851902,50131.25,0.9432,0,2,2660.264283376211,2294.52277793179,16.458803066072768,False,False,False,True,False,False,False,False,False,False,False,False,False,False,False,False,False,False,False,False,False,2535.6814,136.4923667733906,2
2022-03-31,2663.378885559106,81.0,0.283664819041407,50131.25,0.9432,0,3,2672.1737632577656,2298.4162825808394,15.87887301983688,False,False,False,True,False,False,False,False,False,False,False,False,False,False,False,False,False,False,False,False,False,2595.6577,67.72117071535604,2
2022-04-30,2669.7815653435205,87.0,0.6047403843027821,50131.25,0.9432,0,4,2663.378885559106,2308.122679960351,15.66896285553514,False,False,False,True,False,False,False,False,False,False,False,False,False,False,False,False,False,False,False,False,False,2573.951,95.83063760914547,2
2022-05-31,2671.225959489719,87.0,0.252076398539236,50131.25,0.9432,0,5,2669.7815653435205,2339.5858920236456,14.175161023014148,False,False,False,True,False,False,False,False,False,False,False,False,False,False,False,False,False,False,False,False,False,2578.405,92.82093019284412,2
2022-06-30,2653.84462230737,80.0,-0.1128267947519412,50131.25,0.9432,0,6,2671.225959489719,2404.5864920592867,10.365945707139822,False,False,False,True,False,False,False,False,False,False,False,False,False,False,False,False,False,False,False,False,False,2566.8975,86.94716136987017,2
2022-07-31,2669.733512817101,85.0,-0.4437487897760328,50131.25,0.9432,0,7,2653.84462230737,2481.937462734271,7.566510151949646,False,False,False,True,False,False,False,False,False,False,False,False,False,False,False,False,False,False,False,False,False,2537.7097,132.0237960202262,2
2022-08-31,2665.512059674887,94.0,0.3338898163605996,50131.25,0.9432,0,8,2669.733512817101,2559.8973084290865,4.125741720108778,False,False,False,True,False,False,False,False,False,False,False,False,False,False,False,False,False,False,False,False,False,2485.4949,180.01718662801204,2
2022-09-30,2673.4339629620085,101.0,0.4539359966398981,50131.25,0.9432,0,9,2665.512059674887,2593.0354989677057,3.1005539270985594,False,False,False,True,False,False,False,False,False,False,False,False,False,False,False,False,False,False,False,False,False,2464.895,208.53894343075854,2
2022-10-31,2660.9609644945526,96.0,0.8603499292422434,50131.25,0.9432,0,10,2673.4339629620085,2600.3790786166505,2.329732859954037,False,False,False,True,False,False,False,False,False,False,False,False,False,False,False,False,False,False,False,False,False,2461.0215,199.93948011955263,2
2022-11-30,2654.7381085659176,95.0,0.534128414037216,50131.25,0.9432,0,11,2660.9609644945526,2600.9716253219553,2.0671691578837192,False,False,False,True,False,False,False,False,False,False,False,False,False,False,False,False,False,False,False,False,False,2423.4678,231.27033512841763,2
2022-12-31,2623.6692392415607,95.0,0.0301329019570584,50131.25,0.9432,0,12,2654.7381085659176,2626.42786272274,-0.1050332857160385,False,False,False,True,False,False,False,False,False,False,False,False,False,False,False,False,False,False,False,False,False,2398.7322,224.93706150718572,2
2022-01-31,2114.129695292431,172.0,-2.264157050607707,52238.0,0.7487,0,1,2114.129695292431,2114.129695292431,0.0,False,False,False,False,True,False,False,False,False,False,False,False,False,False,False,False,False,False,False,False,False,2144.9927,-30.862980488819176,2
2022-02-28,2114.129695292431,172.0,1.5731081304851902,52238.0,0.7487,0,2,2114.129695292431,2114.129695292431,0.0,False,False,False,False,True,False,False,False,False,False,False,False,False,False,False,False,False,False,False,False,False,2144.3438,-30.214054707569176,2
2022-03-31,2114.129695292431,176.0,0.283664819041407,52238.0,0.7487,0,3,2114.129695292431,2114.129695292431,0.0,False,False,False,False,True,False,False,False,False,False,False,False,False,False,False,False,False,False,False,False,False,2149.5396,-35.409855488819176,2
2022-04-30,2114.129695292431,183.0,0.6047403843027821,52238.0,0.7487,0,4,2114.129695292431,2114.129695292431,0.0,False,False,False,False,True,False,False,False,False,False,False,False,False,False,False,False,False,False,False,False,False,2146.5613,-32.431584004444176,2
2022-05-31,2114.129695292431,199.0,0.252076398539236,52238.0,0.7487,0,5,2114.129695292431,2114.129695292431,0.0,False,False,False,False,True,False,False,False,False,False,False,False,False,False,False,False,False,False,False,False,False,2150.558,-36.428410176319176,2
2022-06-30,2114.129695292431,217.0,-0.1128267947519412,52238.0,0.7487,0,6,2114.129695292431,2114.129695292431,0.0,False,False,False,False,True,False,False,False,False,False,False,False,False,False,False,False,False,False,False,False,False,2155.8062,-41.676457051319176,2
2022-07-31,2128.3496975988896,218.0,-0.4437487897760328,52238.0,0.7487,0,7,2114.129695292431,2114.129695292431,0.6726173109494082,False,False,False,False,True,False,False,False,False,False,False,False,False,False,False,False,False,False,False,False,False,2156.9065,-28.556796541735366,2
2022-08-31,2131.2401989254317,221.0,0.3338898163605996,52238.0,0.7487,0,8,2128.3496975988896,2114.129695292431,0.8093403006968369,False,False,False,False,True,False,False,False,False,False,False,False,False,False,False,False,False,False,False,False,False,2156.6104,-25.37015263706826,2
2022-09-30,2160.0479923398284,219.0,0.4539359966398981,52238.0,0.7487,0,9,2131.2401989254317,2114.129695292431,2.1719716226324515,False,False,False,False,True,False,False,False,False,False,False,False,False,False,False,False,False,False,False,False,False,2155.3281,4.719867339828397,2
2022-10-31,2181.811920318474,205.0,0.8603499292422434,52238.0,0.7487,0,10,2160.0479923398284,2114.129695292431,3.2014225606287416,False,False,False,False,True,False,False,False,False,False,False,False,False,False,False,False,False,False,False,False,False,2154.0396,27.772369537224222,2
2022-11-30,2227.325296533793,193.0,0.534128414037216,52238.0,0.7487,0,11,2181.811920318474,2114.129695292431,5.354241108926128,False,False,False,False,True,False,False,False,False,False,False,False,False,False,False,False,False,False,False,False,False,2184.836,42.48935903379288,2
2022-12-31,2281.231320164438,182.0,0.0301329019570584,52238.0,0.7487,0,12,2227.325296533793,2114.129695292431,7.904038491304255,False,False,False,False,True,False,False,False,False,False,False,False,False,False,False,False,False,False,False,False,False,2233.9941,47.237179539437875,2
2022-01-31,2429.8887230765363,293.0,-2.264157050607707,88329.0,0.5244,0,1,2424.065658729165,2213.624106933137,9.769708211346796,False,False,False,False,False,True,False,False,False,False,False,False,False,False,False,False,False,False,False,False,False,2604.6252,-174.73652106408872,2
2022-02-28,2486.659375638248,290.0,1.5731081304851902,88329.0,0.5244,0,2,2429.8887230765363,2203.556992356804,12.84751809294722,False,False,False,False,False,True,False,False,False,False,False,False,False,False,False,False,False,False,False,False,False,2660.7483,-174.0889153773769,2
2022-03-31,2551.7649175727897,300.0,0.283664819041407,88329.0,0.5244,0,3,2486.659375638248,2204.0488888260734,15.776239379695324,False,False,False,False,False,True,False,False,False,False,False,False,False,False,False,False,False,False,False,False,False,2747.7024,-195.93747500533527,2
2022-04-30,2627.9216960735102,326.0,0.6047403843027821,88329.0,0.5244,0,4,2551.7649175727897,2240.4871905141677,17.292422255287732,False,False,False,False,False,True,False,False,False,False,False,False,False,False,False,False,False,False,False,False,False,2776.3933,-148.47161447336475,2
2022-05-31,2611.565685611248,351.0,0.252076398539236,88329.0,0.5244,0,5,2627.9216960735102,2276.1195827227184,14.737630897550025,False,False,False,False,False,True,False,False,False,False,False,False,False,False,False,False,False,False,False,False,False,2759.2402,-147.67454876375177,2
2022-06-30,2544.246743148225,379.0,-0.1128267947519412,88329.0,0.5244,0,6,2611.565685611248,2329.4933574096303,9.218888092361777,False,False,False,False,False,True,False,False,False,False,False,False,False,False,False,False,False,False,False,False,False,2716.3826,-172.13582521114995,2
2022-07-31,2551.9795341024756,380.0,-0.4437487897760328,88329.0,0.5244,0,7,2544.246743148225,2346.0517386421475,8.77763231170321,False,False,False,False,False,True,False,False,False,False,False,False,False,False,False,False,False,False,False,False,False,2705.228,-153.24849324127445,2
2022-08-31,2589.288338634912,390.0,0.3338898163605996,88329.0,0.5244,0,8,2551.9795341024756,2377.7574332663435,8.896235688683651,False,False,False,False,False,True,False,False,False,False,False,False,False,False,False,False,False,False,False,False,False,2702.3845,-113.09618284946282,2
2022-09-30,2630.0816608799623,374.0,0.4539359966398981,88329.0,0.5244,0,9,2589.288338634912,2361.961943022646,11.351568074555772,False,False,False,False,False,True,False,False,False,False,False,False,False,False,False,False,False,False,False,False,False,2737.7803,-107.69861255753767,2
2022-10-31,2643.2582831817213,352.0,0.8603499292422434,88329.0,0.5244,0,10,2630.0816608799623,2374.8977618763843,11.299876803677966,False,False,False,False,False,True,False,False,False,False,False,False,False,False,False,False,False,False,False,False,False,2732.6587,-89.40040822452875,2
2022-11-30,2614.0083436327,345.0,0.534128414037216,88329.0,0.5244,0,11,2643.2582831817213,2387.5160648693027,9.486523759822152,False,False,False,False,False,True,False,False,False,False,False,False,False,False,False,False,False,False,False,False,False,2713.878,-99.86958605480004,2
2022-12-31,2649.474116573548,342.0,0.0301329019570584,88329.0,0.5244,0,12,2614.0083436327,2424.065658729165,9.29877691359875,False,False,False,False,False,True,False,False,False,False,False,False,False,False,False,False,False,False,False,False,False,2710.241,-60.766850223326855,2
2022-01-31,2149.117127346717,262.0,-2.264157050607707,58420.0,0.8354,0,1,2139.8278885438754,1986.1150165180077,8.207083148410987,False,False,False,False,False,False,True,False,False,False,False,False,False,False,False,False,False,False,False,False,False,2136.7673,12.349793362342098,2
2022-02-28,2147.6066209241617,257.0,1.5731081304851902,58420.0,0.8354,0,2,2149.117127346717,1940.3054691699028,10.683944103035792,False,False,False,False,False,False,True,False,False,False,False,False,False,False,False,False,False,False,False,False,False,2149.9988,-2.392158372713311,2
2022-03-31,2159.407381101957,279.0,0.283664819041407,58420.0,0.8354,0,3,2147.6066209241617,1921.0996982872416,12.404753539193148,False,False,False,False,False,False,True,False,False,False,False,False,False,False,False,False,False,False,False,False,False,2223.2524,-63.84506030429293,2
2022-04-30,2186.5399470997686,263.0,0.6047403843027821,58420.0,0.8354,0,4,2159.407381101957,1937.988690081956,12.825217107293918,False,False,False,False,False,False,True,False,False,False,False,False,False,False,False,False,False,False,False,False,False,2204.8882,-18.348236493981403,2
2022-05-31,2213.387589416105,268.0,0.252076398539236,58420.0,0.8354,0,5,2186.5399470997686,1967.5191388852968,12.496368938505253,False,False,False,False,False,False,True,False,False,False,False,False,False,False,False,False,False,False,False,False,False,2197.6936,15.69398590048013,2
2022-06-30,2229.4736527106515,280.0,-0.1128267947519412,58420.0,0.8354,0,6,2213.387589416105,2004.85555531396,11.20370476572894,False,False,False,False,False,False,True,False,False,False,False,False,False,False,False,False,False,False,False,False,False,2219.4507,10.02296911690155,2
2022-07-31,2244.068974784181,300.0,-0.4437487897760328,58420.0,0.8354,0,7,2229.4736527106515,2034.9186191373576,10.278069780278807,False,False,False,False,False,False,True,False,False,False,False,False,False,False,False,False,False,False,False,False,False,2228.31,15.758916190431137,2
2022-08-31,2252.209844182576,321.0,0.3338898163605996,58420.0,0.8354,0,8,2244.068974784181,2068.058551533467,8.904549269775796,False,False,False,False,False,False,True,False,False,False,False,False,False,False,False,False,False,False,False,False,False,2209.6802,42.529668401326035,2
2022-09-30,2254.250991898294,302.0,0.4539359966398981,58420.0,0.8354,0,9,2252.209844182576,2110.699663887266,6.801125260362739,False,False,False,False,False,False,True,False,False,False,False,False,False,False,False,False,False,False,False,False,False,2151.0583,103.19264228891916,2
2022-10-31,2245.69954081936,307.0,0.8603499292422434,58420.0,0.8354,0,10,2254.250991898294,2119.7347951308916,5.9424766710351795,False,False,False,False,False,False,True,False,False,False,False,False,False,False,False,False,False,False,False,False,False,2140.5835,105.11604472561021,2
2022-11-30,2237.0106354784944,309.0,0.534128414037216,58420.0,0.8354,0,11,2245.69954081936,2133.242799944559,4.864323720517527,False,False,False,False,False,False,True,False,False,False,False,False,False,False,False,False,False,False,False,False,False,2127.7126,109.29798899411935,2
2022-12-31,2233.6495842605714,303.0,0.0301329019570584,58420.0,0.8354,0,12,2237.0106354784944,2139.8278885438754,4.38454401959123,False,False,False,False,False,False,True,False,False,False,False,False,False,False,False,False,False,False,False,False,False,2121.0852,112.56437918244637,2
2022-01-31,2415.628115303055,312.0,-2.264157050607707,89168.0,0.5496,0,1,2416.3695395843133,2239.443078250582,7.867359468234669,False,False,False,False,False,False,False,True,False,False,False,False,False,False,False,False,False,False,False,False,False,2541.2356,-125.60748040007002,2
2022-02-28,2442.4215303357287,309.0,1.5731081304851902,89168.0,0.5496,0,2,2415.628115303055,2226.1699033107975,9.714066599468364,False,False,False,False,False,False,False,True,False,False,False,False,False,False,False,False,False,False,False,False,False,2559.4355,-117.01401653927132,2
2022-03-31,2487.7599610602447,318.0,0.283664819041407,89168.0,0.5496,0,3,2442.4215303357287,2248.1101379520564,10.66005704357973,False,False,False,False,False,False,False,True,False,False,False,False,False,False,False,False,False,False,False,False,False,2610.4438,-122.68388659600532,2
2022-04-30,2518.154670320333,322.0,0.6047403843027821,89168.0,0.5496,0,4,2487.7599610602447,2236.633095039936,12.586846537535036,False,False,False,False,False,False,False,True,False,False,False,False,False,False,False,False,False,False,False,False,False,2612.8118,-94.65709725779197,2
2022-05-31,2525.0583057157887,350.0,0.252076398539236,89168.0,0.5496,0,5,2518.154670320333,2219.5744344144096,13.76317309142079,False,False,False,False,False,False,False,True,False,False,False,False,False,False,False,False,False,False,False,False,False,2685.2395,-160.18119623733628,2
2022-06-30,2554.8509875317227,365.0,-0.1128267947519412,89168.0,0.5496,0,6,2525.0583057157887,2265.7602131749936,12.759107193943889,False,False,False,False,False,False,False,True,False,False,False,False,False,False,False,False,False,False,False,False,False,2664.771,-109.9200085620273,2
2022-07-31,2592.273848017195,381.0,-0.4437487897760328,89168.0,0.5496,0,7,2554.8509875317227,2317.044183846372,11.878481476081838,False,False,False,False,False,False,False,True,False,False,False,False,False,False,False,False,False,False,False,False,False,2651.5486,-59.27473596717982,2
2022-08-31,2621.3562804386424,425.0,0.3338898163605996,89168.0,0.5496,0,8,2592.273848017195,2366.7253467998967,10.758786776126694,False,False,False,False,False,False,False,True,False,False,False,False,False,False,False,False,False,False,False,False,False,2658.1123,-36.75602424885756,2
2022-09-30,2619.44563242793,434.0,0.4539359966398981,89168.0,0.5496,0,9,2621.3562804386424,2356.7226062458944,11.147812877330354,False,False,False,False,False,False,False,True,False,False,False,False,False,False,False,False,False,False,False,False,False,2653.8474,-34.40177968144508,2
2022-10-31,2604.6382644266705,444.0,0.8603499292422434,89168.0,0.5496,0,10,2619.44563242793,2382.1359962353035,9.34045195333124,False,False,False,False,False,False,False,True,False,False,False,False,False,False,False,False,False,False,False,False,False,2635.5078,-30.869548073329497,2
2022-11-30,2584.7728019309193,417.0,0.534128414037216,89168.0,0.5496,0,11,2604.6382644266705,2412.313317120533,7.149132891918164,False,False,False,False,False,False,False,True,False,False,False,False,False,False,False,False,False,False,False,False,False,2580.3635,4.409276540294286,2
2022-12-31,2618.169215132277,395.0,0.0301329019570584,89168.0,0.5496,0,12,2584.7728019309193,2416.3695395843133,8.35135819427184,False,False,False,False,False,False,False,True,False,False,False,False,False,False,False,False,False,False,False,False,False,2621.9043,-3.735081742723196,2
2022-01-31,2411.248313666638,193.0,-2.264157050607707,50126.66,0.9018,0,1,2370.749756335355,2168.5438335207105,11.192048617799344,False,False,False,False,False,False,False,False,True,False,False,False,False,False,False,False,False,False,False,False,False,2078.5005,332.74782538538784,2
2022-02-28,2458.198989711655,190.0,1.5731081304851902,50126.66,0.9018,0,2,2411.248313666638,2164.344648276328,13.57705861076013,False,False,False,False,False,False,False,False,True,False,False,False,False,False,False,False,False,False,False,False,False,2101.459,356.74000533665503,2
2022-03-31,2500.0325082988497,187.0,0.283664819041407,50126.66,0.9018,0,3,2458.198989711655,2168.838291646591,15.270581395020224,False,False,False,False,False,False,False,False,True,False,False,False,False,False,False,False,False,False,False,False,False,2179.2817,320.75077001759973,2
2022-04-30,2528.961210593856,194.0,0.6047403843027821,50126.66,0.9018,0,4,2500.0325082988497,2166.612230096464,16.724219288712284,False,False,False,False,False,False,False,False,True,False,False,False,False,False,False,False,False,False,False,False,False,2172.9207,356.04055629698087,2
2022-05-31,2522.0164232869342,200.0,0.252076398539236,50126.66,0.9018,0,5,2528.961210593856,2169.286539121182,16.260179455529624,False,False,False,False,False,False,False,False,True,False,False,False,False,False,False,False,False,False,False,False,False,2177.441,344.57550531818424,2
2022-06-30,2518.8124787415613,220.0,-0.1128267947519412,50126.66,0.9018,0,6,2522.0164232869342,2184.585860097053,15.299312549320444,False,False,False,False,False,False,False,False,True,False,False,False,False,False,False,False,False,False,False,False,False,2153.3503,365.46213694468634,2
2022-07-31,2522.848453603882,226.0,-0.4437487897760328,50126.66,0.9018,0,7,2518.8124787415613,2224.882535844606,13.392433665994076,False,False,False,False,False,False,False,False,True,False,False,False,False,False,False,False,False,False,False,False,False,2144.8171,378.0313149320068,2
2022-08-31,2536.6660716206065,239.0,0.3338898163605996,50126.66,0.9018,0,8,2522.848453603882,2281.335955451435,11.192131328094824,False,False,False,False,False,False,False,False,True,False,False,False,False,False,False,False,False,False,False,False,False,2132.8013,403.86480208935654,2
2022-09-30,2578.3692467144515,264.0,0.4539359966398981,50126.66,0.9018,0,9,2536.6660716206065,2330.7764454298035,10.62276057277518,False,False,False,False,False,False,False,False,True,False,False,False,False,False,False,False,False,False,False,False,False,2168.1074,410.2618248394515,2
2022-10-31,2575.215067957272,238.0,0.8603499292422434,50126.66,0.9018,0,10,2578.3692467144515,2341.228073581555,9.99419907082224,False,False,False,False,False,False,False,False,True,False,False,False,False,False,False,False,False,False,False,False,False,2137.8118,437.4033003791469,2
2022-11-30,2543.793193389198,234.0,0.534128414037216,50126.66,0.9018,0,11,2575.215067957272,2362.5736526739197,7.670429258794842,False,False,False,False,False,False,False,False,True,False,False,False,False,False,False,False,False,False,False,False,False,2118.333,425.4601855766982,2
2022-12-31,2489.887567121656,207.0,0.0301329019570584,50126.66,0.9018,0,12,2543.793193389198,2370.749756335355,5.0253220723920355,False,False,False,False,False,False,False,False,True,False,False,False,False,False,False,False,False,False,False,False,False,2045.6093,444.27831419196855,2
2022-01-31,1865.7875551969555,210.0,-2.264157050607707,57880.0,0.6848,0,1,1873.2042368867956,1797.3574733269877,3.807260541404745,False,False,False,False,False,False,False,False,False,True,False,False,False,False,False,False,False,False,False,False,False,1933.7906,-68.00309421710699,2
2022-02-28,1862.5112852142336,212.0,1.5731081304851902,57880.0,0.6848,0,2,1865.7875551969555,1775.9762443168593,4.8725336937522234,False,False,False,False,False,False,False,False,False,True,False,False,False,False,False,False,False,False,False,False,False,1925.7706,-63.25934466857893,2
2022-03-31,1882.3739490780183,214.0,0.283664819041407,57880.0,0.6848,0,3,1862.5112852142336,1733.2191739914854,8.605649956147188,False,False,False,False,False,False,False,False,False,True,False,False,False,False,False,False,False,False,False,False,False,2000.3079,-117.93391225010669,2
2022-04-30,1894.2060346579033,221.0,0.6047403843027821,57880.0,0.6848,0,4,1882.3739490780183,1737.2686597531158,9.033569679838129,False,False,False,False,False,False,False,False,False,True,False,False,False,False,False,False,False,False,False,False,False,2018.8429,-124.63686084990923,2
2022-05-31,1944.1162941447749,231.0,0.252076398539236,57880.0,0.6848,0,5,1894.2060346579033,1744.4179367102074,11.44785049683552,False,False,False,False,False,False,False,False,False,True,False,False,False,False,False,False,False,False,False,False,False,2056.6167,-112.50040507397512,2
2022-06-30,1971.0752056354863,254.0,-0.1128267947519412,57880.0,0.6848,0,6,1944.1162941447749,1783.0619961346297,10.544401143002148,False,False,False,False,False,False,False,False,False,True,False,False,False,False,False,False,False,False,False,False,False,2098.7761,-127.70091741138867,2
2022-07-31,2007.8292951856852,270.0,-0.4437487897760328,57880.0,0.6848,0,7,1971.0752056354863,1780.2063164625165,12.786325754392491,False,False,False,False,False,False,False,False,False,True,False,False,False,False,False,False,False,False,False,False,False,2110.0588,-102.22954270493983,2
2022-08-31,2004.293408519213,292.0,0.3338898163605996,57880.0,0.6848,0,8,2007.8292951856852,1805.3709972894792,11.018367500551918,False,False,False,False,False,False,False,False,False,True,False,False,False,False,False,False,False,False,False,False,False,2146.1606,-141.86723601203698,2
2022-09-30,2047.8618124192344,291.0,0.4539359966398981,57880.0,0.6848,0,9,2004.293408519213,1827.082186919639,12.0837271076359,False,False,False,False,False,False,False,False,False,True,False,False,False,False,False,False,False,False,False,False,False,2154.9954,-107.13354890889059,2
2022-10-31,2048.9268294992553,286.0,0.8603499292422434,57880.0,0.6848,0,10,2047.8618124192344,1868.2769312810815,9.66933194932198,False,False,False,False,False,False,False,False,False,True,False,False,False,False,False,False,False,False,False,False,False,2154.9692,-106.04240878199471,2
2022-11-30,2097.565286599867,282.0,0.534128414037216,57880.0,0.6848,0,11,2048.9268294992553,1885.9939043740717,11.218031072905932,False,False,False,False,False,False,False,False,False,True,False,False,False,False,False,False,False,False,False,False,False,2165.2603,-67.6949673063832,2
2022-12-31,2094.1172913334535,258.0,0.0301329019570584,57880.0,0.6848,0,12,2097.565286599867,1873.2042368867956,11.793324512964398,False,False,False,False,False,False,False,False,False,True,False,False,False,False,False,False,False,False,False,False,False,2144.0225,-49.90516960404648,2
2022-01-31,2445.2074743380053,296.0,-2.264157050607707,86826.0,0.7908,0,1,2411.6984631507544,2193.0016138064184,11.500486773187111,False,False,False,False,False,False,False,False,False,False,True,False,False,False,False,False,False,False,False,False,False,2502.04,-56.83256472449466,2
2022-02-28,2442.5090709039737,296.0,1.5731081304851902,86826.0,0.7908,0,2,2445.2074743380053,2194.3168507663277,11.31068286929342,False,False,False,False,False,False,False,False,False,False,True,False,False,False,False,False,False,False,False,False,False,2510.815,-68.30587050227632,2
2022-03-31,2429.031241595342,284.0,0.283664819041407,86826.0,0.7908,0,3,2442.5090709039737,2185.875863546033,11.123933527261263,False,False,False,False,False,False,False,False,False,False,True,False,False,False,False,False,False,False,False,False,False,2551.4336,-122.40235215465782,2
2022-04-30,2440.963636036193,271.0,0.6047403843027821,86826.0,0.7908,0,4,2429.031241595342,2187.461904522432,11.588852404225314,False,False,False,False,False,False,False,False,False,False,True,False,False,False,False,False,False,False,False,False,False,2553.4211,-112.45750654193216,2
2022-05-31,2483.458872143071,279.0,0.252076398539236,86826.0,0.7908,0,5,2440.963636036193,2197.919379547258,12.991354244059238,False,False,False,False,False,False,False,False,False,False,True,False,False,False,False,False,False,False,False,False,False,2587.9983,-104.53941887255405,2
2022-06-30,2513.4673898701467,306.0,-0.1128267947519412,86826.0,0.7908,0,6,2483.458872143071,2216.493190480171,13.398380859705703,False,False,False,False,False,False,False,False,False,False,True,False,False,False,False,False,False,False,False,False,False,2593.073,-79.60560817672831,2
2022-07-31,2550.704848959063,316.0,-0.4437487897760328,86826.0,0.7908,0,7,2513.4673898701467,2246.0943773228028,13.561784166849478,False,False,False,False,False,False,False,False,False,False,True,False,False,False,False,False,False,False,False,False,False,2595.1375,-44.43260221281207,2
2022-08-31,2558.682352194248,329.0,0.3338898163605996,86826.0,0.7908,0,8,2550.704848959063,2274.229296357186,12.50766825898748,False,False,False,False,False,False,False,False,False,False,True,False,False,False,False,False,False,False,False,False,False,2602.7888,-44.10646616512713,2
2022-09-30,2565.5568318730934,326.0,0.4539359966398981,86826.0,0.7908,0,9,2558.682352194248,2329.932369745539,10.112931396085468,False,False,False,False,False,False,False,False,False,False,True,False,False,False,False,False,False,False,False,False,False,2582.9236,-17.366752111281585,2
2022-10-31,2540.7696176875575,324.0,0.8603499292422434,86826.0,0.7908,0,10,2565.5568318730934,2346.512233322047,8.278558347445419,False,False,False,False,False,False,False,False,False,False,True,False,False,False,False,False,False,False,False,False,False,2552.7102,-11.940587390567543,2
2022-11-30,2517.5514637044394,313.0,0.534128414037216,86826.0,0.7908,0,11,2540.7696176875575,2384.84228097769,5.564694310616813,False,False,False,False,False,False,False,False,False,False,True,False,False,False,False,False,False,False,False,False,False,2477.3306,40.22089729818936,2
2022-12-31,2501.594254903753,306.0,0.0301329019570584,86826.0,0.7908,0,12,2517.5514637044394,2411.6984631507544,3.727488868386763,False,False,False,False,False,False,False,False,False,False,True,False,False,False,False,False,False,False,False,False,False,2453.2004,48.39381545062815,2
2022-01-31,2810.264665185173,379.0,-2.264157050607707,100344.0,0.6328,0,1,2792.2894707872147,2534.8103110428992,10.866862618565843,False,False,False,False,False,False,False,False,False,False,False,True,False,False,False,False,False,False,False,False,False,2825.6462,-15.381575049202183,2
2022-02-28,2851.5731276392826,387.0,1.5731081304851902,100344.0,0.6328,0,2,2810.264665185173,2542.180562041687,12.170361547769629,False,False,False,False,False,False,False,False,False,False,False,True,False,False,False,False,False,False,False,False,False,2839.2742,12.298957717407575,2
2022-03-31,2860.791509356669,429.0,0.283664819041407,100344.0,0.6328,0,3,2851.5731276392826,2550.349029333856,12.172548794385984,False,False,False,False,False,False,False,False,False,False,False,True,False,False,False,False,False,False,False,False,False,2871.836,-11.04442814333106,2
2022-04-30,2898.2476321220697,436.0,0.6047403843027821,100344.0,0.6328,0,4,2860.791509356669,2551.13920112829,13.606016905712725,False,False,False,False,False,False,False,False,False,False,False,True,False,False,False,False,False,False,False,False,False,2888.961,9.286694622069717,2
2022-05-31,2943.746333017937,488.0,0.252076398539236,100344.0,0.6328,0,5,2898.2476321220697,2579.2440351083733,14.132136895462398,False,False,False,False,False,False,False,False,False,False,False,True,False,False,False,False,False,False,False,False,False,2926.7297,17.016596689812104,2
2022-06-30,2955.5890244779644,538.0,-0.1128267947519412,100344.0,0.6328,0,6,2943.746333017937,2592.23957595559,14.016815879698562,False,False,False,False,False,False,False,False,False,False,False,True,False,False,False,False,False,False,False,False,False,2925.4358,30.153233462339358,2
2022-07-31,2986.839400563588,546.0,-0.4437487897760328,100344.0,0.6328,0,7,2955.5890244779644,2642.257507463933,13.041192697012647,False,False,False,False,False,False,False,False,False,False,False,True,False,False,False,False,False,False,False,False,False,2899.7559,87.08354118858779,2
2022-08-31,3011.1169751211633,562.0,0.3338898163605996,100344.0,0.6328,0,8,2986.839400563588,2668.546117972655,12.837359446077931,False,False,False,False,False,False,False,False,False,False,False,True,False,False,False,False,False,False,False,False,False,2904.712,106.40506105866325,2
2022-09-30,3038.3039399081763,529.0,0.4539359966398981,100344.0,0.6328,0,9,3011.1169751211633,2715.032639148558,11.906718766408542,False,False,False,False,False,False,False,False,False,False,False,True,False,False,False,False,False,False,False,False,False,2883.1138,155.1901703769263,2
2022-10-31,3026.311018371349,548.0,0.8603499292422434,100344.0,0.6328,0,10,3038.3039399081763,2738.6312757255946,10.504508043695449,False,False,False,False,False,False,False,False,False,False,False,True,False,False,False,False,False,False,False,False,False,2881.481,144.83006134009884,2
2022-11-30,2999.6136440599253,511.0,0.534128414037216,100344.0,0.6328,0,11,3026.311018371349,2749.1176011341045,9.11187076254878,False,False,False,False,False,False,False,False,False,False,False,True,False,False,False,False,False,False,False,False,False,2856.9326,142.68102687242526,2
2022-12-31,2982.3438177651196,454.0,0.0301329019570584,100344.0,0.6328,0,12,2999.6136440599253,2792.2894707872147,6.806398439926942,False,False,False,False,False,False,False,False,False,False,False,True,False,False,False,False,False,False,False,False,False,2792.7527,189.59113221824464,2
2022-01-31,2715.14796657889,134.0,-2.264157050607707,97583.0,0.8524,0,1,2709.652929050393,2329.868556700645,16.53652987290597,False,False,False,False,False,False,False,False,False,False,False,False,True,False,False,False,False,False,False,False,False,2759.334,-44.18601779610981,2
2022-02-28,2747.6569782700676,152.0,1.5731081304851902,97583.0,0.8524,0,2,2715.14796657889,2342.626348546032,17.289595926188596,False,False,False,False,False,False,False,False,False,False,False,False,True,False,False,False,False,False,False,False,False,2759.2158,-11.558842042432389,2
2022-03-31,2772.5945178377165,176.0,0.283664819041407,97583.0,0.8524,0,3,2747.6569782700676,2375.935604135789,16.694851199311266,False,False,False,False,False,False,False,False,False,False,False,False,True,False,False,False,False,False,False,False,False,2803.8347,-31.240198959158533,2
2022-04-30,2814.0379061049925,168.0,0.6047403843027821,97583.0,0.8524,0,4,2772.5945178377165,2396.958578174937,17.400356089908865,False,False,False,False,False,False,False,False,False,False,False,False,True,False,False,False,False,False,False,False,False,2799.1758,14.862124854992544,2
2022-05-31,2827.6478065754613,176.0,0.252076398539236,97583.0,0.8524,0,5,2814.0379061049925,2442.09680084637,15.787703648580552,False,False,False,False,False,False,False,False,False,False,False,False,True,False,False,False,False,False,False,False,False,2808.864,18.783792903586345,2
2022-06-30,2839.391424109584,178.0,-0.1128267947519412,97583.0,0.8524,0,6,2827.6478065754613,2479.8856988237253,14.496866748994996,False,False,False,False,False,False,False,False,False,False,False,False,True,False,False,False,False,False,False,False,False,2780.5747,58.81671707833402,2
2022-07-31,2854.120706035129,196.0,-0.4437487897760328,97583.0,0.8524,0,7,2839.391424109584,2541.796272724687,12.287547851962376,False,False,False,False,False,False,False,False,False,False,False,False,True,False,False,False,False,False,False,False,False,2713.3608,140.75986619137893,2
2022-08-31,2875.0062926265005,209.0,0.3338898163605996,97583.0,0.8524,0,8,2854.120706035129,2587.5056396836535,11.11111212797189,False,False,False,False,False,False,False,False,False,False,False,False,True,False,False,False,False,False,False,False,False,2694.3606,180.64569692337545,2
2022-09-30,2873.829744997573,204.0,0.4539359966398981,97583.0,0.8524,0,9,2875.0062926265005,2646.798290724244,8.577588064378205,False,False,False,False,False,False,False,False,False,False,False,False,True,False,False,False,False,False,False,False,False,2680.5117,193.31802624757302,2
2022-10-31,2859.3778884273615,215.0,0.8603499292422434,97583.0,0.8524,0,10,2873.829744997573,2678.222556519472,6.764013373978628,False,False,False,False,False,False,False,False,False,False,False,False,True,False,False,False,False,False,False,False,False,2636.4758,222.90205834923654,2
2022-11-30,2869.6676276014127,216.0,0.534128414037216,97583.0,0.8524,0,11,2859.3778884273615,2693.6094128376003,6.5361449185887155,False,False,False,False,False,False,False,False,False,False,False,False,True,False,False,False,False,False,False,False,False,2628.9233,240.74428775766273,2
2022-12-31,2894.2793145473634,225.0,0.0301329019570584,97583.0,0.8524,0,12,2869.6676276014127,2709.652929050393,6.813654380514089,False,False,False,False,False,False,False,False,False,False,False,False,True,False,False,False,False,False,False,False,False,2632.674,261.60524228173836,2
2022-01-31,2396.366444537334,306.0,-2.264157050607707,97511.0,0.7966,0,1,2377.029715020453,2116.099066089444,13.244530132789322,False,False,False,False,False,False,False,False,False,False,False,False,False,True,False,False,False,False,False,False,False,2476.5947,-80.22828202516621,2
2022-02-28,2409.480910767149,296.0,1.5731081304851902,97511.0,0.7966,0,2,2396.366444537334,2124.441951614716,13.417121561536892,False,False,False,False,False,False,False,False,False,False,False,False,False,True,False,False,False,False,False,False,False,2488.4487,-78.967819701601,2
2022-03-31,2421.6933441234783,325.0,0.283664819041407,97511.0,0.7966,0,3,2409.480910767149,2130.7472252188377,13.65465201414302,False,False,False,False,False,False,False,False,False,False,False,False,False,True,False,False,False,False,False,False,False,2520.2712,-98.57789611089675,2
2022-04-30,2433.858890069356,321.0,0.6047403843027821,97511.0,0.7966,0,4,2421.6933441234783,2137.469446048131,13.866371029031832,False,False,False,False,False,False,False,False,False,False,False,False,False,True,False,False,False,False,False,False,False,2524.7139,-90.85497711814378,2
2022-05-31,2468.036971783568,364.0,0.252076398539236,97511.0,0.7966,0,5,2433.858890069356,2160.7016652060156,14.223865863881247,False,False,False,False,False,False,False,False,False,False,False,False,False,True,False,False,False,False,False,False,False,2556.7312,-88.69422938830712,2
2022-06-30,2508.8123755433603,385.0,-0.1128267947519412,97511.0,0.7966,0,6,2468.036971783568,2197.279035882266,14.178141900671504,False,False,False,False,False,False,False,False,False,False,False,False,False,True,False,False,False,False,False,False,False,2570.9336,-62.121218206639696,2
2022-07-31,2546.2517657957737,378.0,-0.4437487897760328,97511.0,0.7966,0,7,2508.8123755433603,2228.692690288585,14.248670392779438,False,False,False,False,False,False,False,False,False,False,False,False,False,True,False,False,False,False,False,False,False,2571.4167,-25.164982251101264,2
2022-08-31,2572.246813081917,398.0,0.3338898163605996,97511.0,0.7966,0,8,2546.2517657957737,2274.820353850855,13.074722965599172,False,False,False,False,False,False,False,False,False,False,False,False,False,True,False,False,False,False,False,False,False,2549.9504,22.296373628792026,2
2022-09-30,2584.487796596936,366.0,0.4539359966398981,97511.0,0.7966,0,9,2572.246813081917,2300.500871257461,12.34456934520729,False,False,False,False,False,False,False,False,False,False,False,False,False,True,False,False,False,False,False,False,False,2531.3313,53.15649776881082,2
2022-10-31,2591.575022133839,370.0,0.8603499292422434,97511.0,0.7966,0,10,2584.487796596936,2340.526198183922,10.7261702152581,False,False,False,False,False,False,False,False,False,False,False,False,False,True,False,False,False,False,False,False,False,2520.9277,70.64728775883896,2
2022-11-30,2587.9828174412,339.0,0.534128414037216,97511.0,0.7966,0,11,2591.575022133839,2352.639792025845,10.003359894406216,False,False,False,False,False,False,False,False,False,False,False,False,False,True,False,False,False,False,False,False,False,2514.9653,73.01748540995004,2
2022-12-31,2567.8905269382044,327.0,0.0301329019570584,97511.0,0.7966,0,12,2587.9828174412,2377.029715020453,8.02938266659865,False,False,False,False,False,False,False,False,False,False,False,False,False,True,False,False,False,False,False,False,False,2494.871,73.0194331882044,2
2022-01-31,3223.886939663373,0.0,-2.264157050607707,109122.45,0.7356,0,1,3218.2599415481673,2930.289566642463,10.019397958588616,False,False,False,False,False,False,False,False,False,False,False,False,False,False,True,False,False,False,False,False,False,3167.9978,55.88913692899814,2
2022-02-28,3253.0675864324858,0.0,1.5731081304851902,109122.45,0.7356,0,2,3223.886939663373,2929.655759727591,11.039243284165456,False,False,False,False,False,False,False,False,False,False,False,False,False,False,True,False,False,False,False,False,False,3222.352,30.71553565123577,2
2022-03-31,3297.1193454048102,0.0,0.283664819041407,109122.45,0.7356,0,3,3253.0675864324858,2937.5408275972336,12.24080068707316,False,False,False,False,False,False,False,False,False,False,False,False,False,False,True,False,False,False,False,False,False,3263.265,33.85445282668525,2
2022-04-30,3332.0669763503925,0.0,0.6047403843027821,109122.45,0.7356,0,4,3297.1193454048102,2949.1513636683285,12.983925389498175,False,False,False,False,False,False,False,False,False,False,False,False,False,False,True,False,False,False,False,False,False,3278.9365,53.13045291289245,2
2022-05-31,3353.696575192056,0.0,0.252076398539236,109122.45,0.7356,0,5,3332.0669763503925,2970.6568268763695,12.89410964101334,False,False,False,False,False,False,False,False,False,False,False,False,False,False,True,False,False,False,False,False,False,3284.54,69.15653612955612,2
2022-06-30,3372.39359873373,0.0,-0.1128267947519412,109122.45,0.7356,0,6,3353.696575192056,3001.7621778464836,12.34712808438221,False,False,False,False,False,False,False,False,False,False,False,False,False,False,True,False,False,False,False,False,False,3265.3264,107.06718271810496,2
2022-07-31,3390.9774681109516,0.0,-0.4437487897760328,109122.45,0.7356,0,7,3372.39359873373,3069.39666004176,10.477003909452897,False,False,False,False,False,False,False,False,False,False,False,False,False,False,True,False,False,False,False,False,False,3248.6836,142.29387436095158,2
2022-08-31,3398.48114179733,0.0,0.3338898163605996,109122.45,0.7356,0,8,3390.9774681109516,3126.280342755957,8.706858285185515,False,False,False,False,False,False,False,False,False,False,False,False,False,False,True,False,False,False,False,False,False,3193.948,204.5331437504551,2
2022-09-30,3409.419472993901,0.0,0.4539359966398981,109122.45,0.7356,0,9,3398.48114179733,3179.0468459454073,7.246594284771657,False,False,False,False,False,False,False,False,False,False,False,False,False,False,True,False,False,False,False,False,False,3192.4253,216.99418002515085,2
2022-10-31,3425.8007999435613,0.0,0.8603499292422434,109122.45,0.7356,0,10,3409.419472993901,3198.6065002715227,7.102914961648232,False,False,False,False,False,False,False,False,False,False,False,False,False,False,True,False,False,False,False,False,False,3194.778,231.0227237716863,2
2022-11-30,3433.9724923955696,0.0,0.534128414037216,109122.45,0.7356,0,11,3425.8007999435613,3214.650135844409,6.822588688754783,False,False,False,False,False,False,False,False,False,False,False,False,False,False,True,False,False,False,False,False,False,3191.0571,242.9153634893196,2
2022-12-31,3407.3387300432805,0.0,0.0301329019570584,109122.45,0.7356,0,12,3433.9724923955696,3218.2599415481673,5.875186962186629,False,False,False,False,False,False,False,False,False,False,False,False,False,False,True,False,False,False,False,False,False,3181.3406,225.99815387140552,2
2022-01-31,2534.7129374462484,834.0,-2.264157050607707,88987.31,0.6921,0,1,2539.7845103850605,2351.5227896846227,7.790277371124032,False,False,False,False,False,False,False,False,False,False,False,False,False,False,False,True,False,False,False,False,False,2633.3333,-98.62031450687664,2
2022-02-28,2545.189675519411,864.0,1.5731081304851902,88987.31,0.6921,0,2,2534.7129374462484,2323.2398069471055,9.553463568789432,False,False,False,False,False,False,False,False,False,False,False,False,False,False,False,True,False,False,False,False,False,2664.477,-119.28737526183886,2
2022-03-31,2565.3882892312886,922.0,0.283664819041407,88987.31,0.6921,0,3,2545.189675519411,2304.8058160691726,11.30604892374565,False,False,False,False,False,False,False,False,False,False,False,False,False,False,False,True,False,False,False,False,False,2715.1401,-149.75184748746142,2
2022-04-30,2612.1509708153544,900.0,0.6047403843027821,88987.31,0.6921,0,4,2565.3882892312886,2331.817363739365,12.022108224909967,False,False,False,False,False,False,False,False,False,False,False,False,False,False,False,True,False,False,False,False,False,2719.9749,-107.82388270027059,2
2022-05-31,2646.84452333549,961.0,0.252076398539236,88987.31,0.6921,0,5,2612.1509708153544,2382.635934451367,11.088919841417578,False,False,False,False,False,False,False,False,False,False,False,False,False,False,False,True,False,False,False,False,False,2725.6416,-78.79707822700993,2
2022-06-30,2698.984874076602,973.0,-0.1128267947519412,88987.31,0.6921,0,6,2646.84452333549,2421.871605198784,11.44211230202985,False,False,False,False,False,False,False,False,False,False,False,False,False,False,False,True,False,False,False,False,False,2725.4478,-26.462879829648045,2
2022-07-31,2701.7377463469056,953.0,-0.4437487897760328,88987.31,0.6921,0,7,2698.984874076602,2447.289863797946,10.397128934865195,False,False,False,False,False,False,False,False,False,False,False,False,False,False,False,True,False,False,False,False,False,2727.8545,-26.116745840594376,2
2022-08-31,2719.76010557416,987.0,0.3338898163605996,88987.31,0.6921,0,8,2701.7377463469056,2441.9218385190343,11.377852586126512,False,False,False,False,False,False,False,False,False,False,False,False,False,False,False,True,False,False,False,False,False,2728.739,-8.978908097714793,2
2022-09-30,2718.3626832802574,923.0,0.4539359966398981,88987.31,0.6921,0,9,2719.76010557416,2459.8147377584664,10.510870658389337,False,False,False,False,False,False,False,False,False,False,False,False,False,False,False,True,False,False,False,False,False,2734.423,-16.060412422867557,2
2022-10-31,2715.784005030662,917.0,0.8603499292422434,88987.31,0.6921,0,10,2718.3626832802574,2488.9864838239437,9.11204310190865,False,False,False,False,False,False,False,False,False,False,False,False,False,False,False,True,False,False,False,False,False,2713.3557,2.428292140036774,2
2022-11-30,2698.4357495650593,894.0,0.534128414037216,88987.31,0.6921,0,11,2715.784005030662,2527.158155699204,6.777478231015843,False,False,False,False,False,False,False,False,False,False,False,False,False,False,False,True,False,False,False,False,False,2653.2122,45.22359136193427,2
2022-12-31,2671.8612696287955,869.0,0.0301329019570584,88987.31,0.6921,0,12,2698.4357495650593,2539.7845103850605,5.200313597617412,False,False,False,False,False,False,False,False,False,False,False,False,False,False,False,True,False,False,False,False,False,2640.718,31.143252050670526,2
2022-01-31,1938.5388859226664,152.0,-2.264157050607707,36326.0,0.8938,0,1,1938.5388859226664,1938.5388859226664,0.0,False,False,False,False,False,False,False,False,False,False,False,False,False,False,False,False,True,False,False,False,False,1932.9624,5.576483578916395,2
2022-02-28,2060.253898941469,154.0,1.5731081304851902,36326.0,0.8938,0,2,1938.5388859226664,1938.5388859226664,6.278698555013551,False,False,False,False,False,False,False,False,False,False,False,False,False,False,False,False,True,False,False,False,False,2007.3142,52.93968995709383,2
2022-03-31,2123.228539694509,166.0,0.283664819041407,36326.0,0.8938,0,3,2060.253898941469,1938.5388859226664,9.527260717493302,False,False,False,False,False,False,False,False,False,False,False,False,False,False,False,False,True,False,False,False,False,2217.8562,-94.62766147736602,2
2022-04-30,2133.0572555257786,164.0,0.6047403843027821,36326.0,0.8938,0,4,2123.228539694509,1938.5388859226664,10.034277414586356,False,False,False,False,False,False,False,False,False,False,False,False,False,False,False,False,True,False,False,False,False,2220.3538,-87.2965042398464,2
2022-05-31,2216.244711579443,169.0,0.252076398539236,36326.0,0.8938,0,5,2133.0572555257786,1938.5388859226664,14.325522571325669,False,False,False,False,False,False,False,False,False,False,False,False,False,False,False,False,True,False,False,False,False,2239.7432,-23.498452483057008,2
2022-06-30,2134.7535399161957,168.0,-0.1128267947519412,36326.0,0.8938,0,6,2216.244711579443,1938.5388859226664,10.121780657504797,False,False,False,False,False,False,False,False,False,False,False,False,False,False,False,False,True,False,False,False,False,2225.514,-90.76037609942932,2
2022-07-31,2146.154827012595,177.0,-0.4437487897760328,36326.0,0.8938,0,7,2134.7535399161957,1938.5388859226664,10.709918825853816,False,False,False,False,False,False,False,False,False,False,False,False,False,False,False,False,True,False,False,False,False,2106.794,39.36088170009498,2
2022-08-31,2186.6739161091673,180.0,0.3338898163605996,36326.0,0.8938,0,8,2146.154827012595,1938.5388859226664,12.800105893588952,False,False,False,False,False,False,False,False,False,False,False,False,False,False,False,False,True,False,False,False,False,2114.9072,71.7666895466673,2
2022-09-30,2178.6920004809467,180.0,0.4539359966398981,36326.0,0.8938,0,9,2186.6739161091673,1938.5388859226664,12.38835683422348,False,False,False,False,False,False,False,False,False,False,False,False,False,False,False,False,True,False,False,False,False,2103.3584,75.33360204344672,2
2022-10-31,2250.369308367068,170.0,0.8603499292422434,36326.0,0.8938,0,10,2178.6920004809467,1938.5388859226664,16.08584819777721,False,False,False,False,False,False,False,False,False,False,False,False,False,False,False,False,True,False,False,False,False,2272.6475,-22.278152570432212,2
2022-11-30,2205.253050088176,171.0,0.534128414037216,36326.0,0.8938,0,11,2250.369308367068,1938.5388859226664,13.75851503946306,False,False,False,False,False,False,False,False,False,False,False,False,False,False,False,False,True,False,False,False,False,2232.8533,-27.600221396198776,2
2022-12-31,2320.1608644068083,171.0,0.0301329019570584,36326.0,0.8938,0,12,2205.253050088176,1938.5388859226664,19.68606259360668,False,False,False,False,False,False,False,False,False,False,False,False,False,False,False,False,True,False,False,False,False,2248.564,71.59689956305829,2
2022-01-31,1985.823608276622,195.0,-2.264157050607707,48386.0,0.6957,0,1,1974.110687886622,1854.1921021140183,7.099129912835189,False,False,False,False,False,False,False,False,False,False,False,False,False,False,False,False,False,True,False,False,False,1961.0942,24.729369995372053,2
2022-02-28,1984.466764626622,196.0,1.5731081304851902,48386.0,0.6957,0,2,1985.823608276622,1837.7235618909983,7.985053126522823,False,False,False,False,False,False,False,False,False,False,False,False,False,False,False,False,False,True,False,False,False,1988.316,-3.84927541244042,2
2022-03-31,1944.8551377985284,218.0,0.283664819041407,48386.0,0.6957,0,3,1984.466764626622,1892.675448939992,2.756927442988699,False,False,False,False,False,False,False,False,False,False,False,False,False,False,False,False,False,True,False,False,False,1909.8271,35.0279893610284,2
2022-04-30,1932.4380798044149,232.0,0.6047403843027821,48386.0,0.6957,0,4,1944.8551377985284,1900.696516181313,1.6699964119929025,False,False,False,False,False,False,False,False,False,False,False,False,False,False,False,False,False,True,False,False,False,1877.528,54.91012570285238,2
2022-05-31,1966.161108495764,274.0,0.252076398539236,48386.0,0.6957,0,5,1932.4380798044149,1878.757156616885,4.652221899517284,False,False,False,False,False,False,False,False,False,False,False,False,False,False,False,False,False,True,False,False,False,1969.2874,-3.1262450198610168,2
2022-06-30,2046.922608698104,303.0,-0.1128267947519412,48386.0,0.6957,0,6,1966.161108495764,1846.7704172525496,10.837957418839416,False,False,False,False,False,False,False,False,False,False,False,False,False,False,False,False,False,True,False,False,False,2100.7383,-53.81567255189589,2
2022-07-31,2113.749401030516,324.0,-0.4437487897760328,48386.0,0.6957,0,7,2046.922608698104,1821.983907141906,16.013615309385145,False,False,False,False,False,False,False,False,False,False,False,False,False,False,False,False,False,True,False,False,False,2149.8384,-36.088977875734145,2
2022-08-31,2107.614521770407,346.0,0.3338898163605996,48386.0,0.6957,0,8,2113.749401030516,1831.0799216323655,15.102268168148411,False,False,False,False,False,False,False,False,False,False,False,False,False,False,False,False,False,True,False,False,False,2157.5103,-49.89573213584299,2
2022-09-30,2052.590840568695,333.0,0.4539359966398981,48386.0,0.6957,0,9,2107.614521770407,1878.224503685504,9.2835726794664,False,False,False,False,False,False,False,False,False,False,False,False,False,False,False,False,False,True,False,False,False,2111.1375,-58.54661060317994,2
2022-10-31,2066.69962790106,347.0,0.8603499292422434,48386.0,0.6957,0,10,2052.590840568695,1932.9698455244295,6.91835843617874,False,False,False,False,False,False,False,False,False,False,False,False,False,False,False,False,False,True,False,False,False,2037.0651,29.634564424497512,2
2022-11-30,2116.021582936281,320.0,0.534128414037216,48386.0,0.6957,0,11,2066.69962790106,1968.6908375253795,7.483691324336861,False,False,False,False,False,False,False,False,False,False,False,False,False,False,False,False,False,True,False,False,False,2061.1797,54.84189543628099,2
2022-12-31,2207.430105771435,316.0,0.0301329019570584,48386.0,0.6957,0,12,2116.021582936281,1974.110687886622,11.818963309225206,False,False,False,False,False,False,False,False,False,False,False,False,False,False,False,False,False,True,False,False,False,2112.05,95.38005694331014,2
2022-01-31,2584.0242858238175,601.0,-2.264157050607707,60983.86,0.6543,0,1,2585.101992195737,2398.8398305280734,7.719750728625274,False,False,False,False,False,False,False,False,False,False,False,False,False,False,False,False,False,False,True,False,False,2436.571,147.45324090194254,2
2022-02-28,2620.430271483742,577.0,1.5731081304851902,60983.86,0.6543,0,2,2584.0242858238175,2447.463302006264,7.06719358511696,False,False,False,False,False,False,False,False,False,False,False,False,False,False,False,False,False,False,True,False,False,2427.0566,193.37363085874222,2
2022-03-31,2623.41881854841,579.0,0.283664819041407,60983.86,0.6543,0,3,2620.430271483742,2455.142693223742,6.854026276725778,False,False,False,False,False,False,False,False,False,False,False,False,False,False,False,False,False,False,True,False,False,2422.8845,200.53429706403494,2
2022-04-30,2631.8516763896805,572.0,0.6047403843027821,60983.86,0.6543,0,4,2623.41881854841,2430.2566035513696,8.295217572651259,False,False,False,False,False,False,False,False,False,False,False,False,False,False,False,False,False,False,True,False,False,2497.0193,134.8323892803055,2
2022-05-31,2671.396691135965,597.0,0.252076398539236,60983.86,0.6543,0,5,2631.8516763896805,2405.1671016790506,11.069068310100327,False,False,False,False,False,False,False,False,False,False,False,False,False,False,False,False,False,False,True,False,False,2517.1995,154.19722824533983,2
2022-06-30,2667.507161335763,625.0,-0.1128267947519412,60983.86,0.6543,0,6,2671.396691135965,2392.0825607900224,11.514008966930378,False,False,False,False,False,False,False,False,False,False,False,False,False,False,False,False,False,False,True,False,False,2530.449,137.05818672638816,2
2022-07-31,2716.7843955031412,676.0,-0.4437487897760328,60983.86,0.6543,0,7,2667.507161335763,2414.488953491779,12.520059020116436,False,False,False,False,False,False,False,False,False,False,False,False,False,False,False,False,False,False,True,False,False,2535.7761,181.00827245626624,2
2022-08-31,2723.9077155418354,744.0,0.3338898163605996,60983.86,0.6543,0,8,2716.7843955031412,2467.665238920742,10.384004790421386,False,False,False,False,False,False,False,False,False,False,False,False,False,False,False,False,False,False,True,False,False,2554.8955,169.0122077293354,2
2022-09-30,2738.6196580255755,743.0,0.4539359966398981,60983.86,0.6543,0,9,2723.9077155418354,2521.939292053424,8.591815300824512,False,False,False,False,False,False,False,False,False,False,False,False,False,False,False,False,False,False,True,False,False,2521.4233,217.19631818182552,2
2022-10-31,2748.91511112984,748.0,0.8603499292422434,60983.86,0.6543,0,10,2738.6196580255755,2565.6961188216237,7.141102602297478,False,False,False,False,False,False,False,False,False,False,False,False,False,False,False,False,False,False,True,False,False,2472.2131,276.70197636421517,2
2022-11-30,2777.0236628572093,771.0,0.534128414037216,60983.86,0.6543,0,11,2748.91511112984,2541.272712683458,9.276885121267052,False,False,False,False,False,False,False,False,False,False,False,False,False,False,False,False,False,False,True,False,False,2526.2412,250.78245191970927,2
2022-12-31,2807.0384090479724,774.0,0.0301329019570584,60983.86,0.6543,0,12,2777.0236628572093,2585.101992195737,8.585209307882158,False,False,False,False,False,False,False,False,False,False,False,False,False,False,False,False,False,False,True,False,False,2518.3245,288.71394615734744,2
2022-01-31,2950.5384198946676,366.0,-2.264157050607707,92861.62,0.7282,0,1,2926.895302599661,2643.4311046279126,11.617753711420576,False,False,False,False,False,False,False,False,False,False,False,False,False,False,False,False,False,False,False,True,False,2861.3357,89.20272653529264,2
2022-02-28,2981.9648735662568,385.0,1.5731081304851902,92861.62,0.7282,0,2,2950.5384198946676,2647.5563517316887,12.63083679468584,False,False,False,False,False,False,False,False,False,False,False,False,False,False,False,False,False,False,False,True,False,2896.9968,84.96804739438176,2
2022-03-31,3000.843079509488,384.0,0.283664819041407,92861.62,0.7282,0,3,2981.9648735662568,2672.691340354918,12.277951224663042,False,False,False,False,False,False,False,False,False,False,False,False,False,False,False,False,False,False,False,True,False,2922.2021,78.64093107198778,2
2022-04-30,3011.3905264315717,407.0,0.6047403843027821,92861.62,0.7282,0,4,3000.843079509488,2668.638166295784,12.843717985625114,False,False,False,False,False,False,False,False,False,False,False,False,False,False,False,False,False,False,False,True,False,2937.1924,74.19814361907174,2
2022-05-31,3007.0683669010514,403.0,0.252076398539236,92861.62,0.7282,0,5,3011.3905264315717,2679.609909997297,12.220377887171075,False,False,False,False,False,False,False,False,False,False,False,False,False,False,False,False,False,False,False,True,False,2927.9355,79.13282002605138,2
2022-06-30,3027.2317403286497,412.0,-0.1128267947519412,92861.62,0.7282,0,6,3007.0683669010514,2699.9026878395443,12.12373519843537,False,False,False,False,False,False,False,False,False,False,False,False,False,False,False,False,False,False,False,True,False,2935.1077,92.12407431302472,2
2022-07-31,3063.8247915257516,414.0,-0.4437487897760328,92861.62,0.7282,0,7,3027.2317403286497,2761.319381491574,10.955104000710492,False,False,False,False,False,False,False,False,False,False,False,False,False,False,False,False,False,False,False,True,False,2933.6404,130.1844106663766,2
2022-08-31,3073.7543333690155,439.0,0.3338898163605996,92861.62,0.7282,0,8,3063.8247915257516,2807.9329143710665,9.46680092097174,False,False,False,False,False,False,False,False,False,False,False,False,False,False,False,False,False,False,False,True,False,2921.2517,152.5026243846405,2
2022-09-30,3067.5632385526615,433.0,0.4539359966398981,92861.62,0.7282,0,9,3073.7543333690155,2834.6127759702335,8.218070014966795,False,False,False,False,False,False,False,False,False,False,False,False,False,False,False,False,False,False,False,True,False,2905.983,161.58032839641146,2
2022-10-31,3061.875704825795,425.0,0.8603499292422434,92861.62,0.7282,0,10,3067.5632385526615,2846.741895381567,7.557194060805172,False,False,False,False,False,False,False,False,False,False,False,False,False,False,False,False,False,False,False,True,False,2875.345,186.53073412266986,2
2022-11-30,3057.283840733396,405.0,0.534128414037216,92861.62,0.7282,0,11,3061.875704825795,2886.248759746031,5.925860701016461,False,False,False,False,False,False,False,False,False,False,False,False,False,False,False,False,False,False,False,True,False,2856.1997,201.08413370214612,2
2022-12-31,3062.3846150829904,380.0,0.0301329019570584,92861.62,0.7282,0,12,3057.283840733396,2926.895302599661,4.629113735738621,False,False,False,False,False,False,False,False,False,False,False,False,False,False,False,False,False,False,False,True,False,2852.4863,209.89828695799042,2
2022-01-31,3508.330209839883,170.0,-2.264157050607707,74852.0,0.6674,0,1,3495.6887254212866,3153.5590639869615,11.249865268240566,False,False,False,False,False,False,False,False,False,False,False,False,False,False,False,False,False,False,False,False,True,3326.3418,181.98841296488308,2
2022-02-28,3530.192822233535,179.0,1.5731081304851902,74852.0,0.6674,0,2,3508.330209839883,3171.881674534305,11.29648531898142,False,False,False,False,False,False,False,False,False,False,False,False,False,False,False,False,False,False,False,False,True,3192.458,337.734814421035,2
2022-03-31,3568.0393240785147,182.0,0.283664819041407,74852.0,0.6674,0,3,3530.192822233535,3183.57614673726,12.076456149329996,False,False,False,False,False,False,False,False,False,False,False,False,False,False,False,False,False,False,False,False,True,3226.4924,341.5468924378897,2
2022-04-30,3620.800896465921,183.0,0.6047403843027821,74852.0,0.6674,0,4,3568.0393240785147,3197.4458633750824,13.240412853900963,False,False,False,False,False,False,False,False,False,False,False,False,False,False,False,False,False,False,False,False,True,3240.174,380.62682420029614,2
2022-05-31,3675.7793760632953,169.0,0.252076398539236,74852.0,0.6674,0,5,3620.800896465921,3276.728218763759,12.178341646231816,False,False,False,False,False,False,False,False,False,False,False,False,False,False,False,False,False,False,False,False,True,3383.6204,292.15901473517033,2
2022-06-30,3710.5805581127584,187.0,-0.1128267947519412,74852.0,0.6674,0,6,3675.7793760632953,3328.412766113611,11.481983120903072,False,False,False,False,False,False,False,False,False,False,False,False,False,False,False,False,False,False,False,False,True,3237.1936,473.38695459713335,2
2022-07-31,3735.777003175526,191.0,-0.4437487897760328,74852.0,0.6674,0,7,3710.5805581127584,3384.5039813585295,10.37886271523889,False,False,False,False,False,False,False,False,False,False,False,False,False,False,False,False,False,False,False,False,True,3237.28,498.4969738786508,2
2022-08-31,3765.960646507112,187.0,0.3338898163605996,74852.0,0.6674,0,8,3735.777003175526,3440.891012758123,9.447251672421398,False,False,False,False,False,False,False,False,False,False,False,False,False,False,False,False,False,False,False,False,True,3232.389,533.571730491487,2
2022-09-30,3765.3217548603857,196.0,0.4539359966398981,74852.0,0.6674,0,9,3765.960646507112,3441.8114767279635,9.399418890890976,False,False,False,False,False,False,False,False,False,False,False,False,False,False,False,False,False,False,False,False,True,3221.485,543.8366474385107,2
2022-10-31,3760.3860009087743,205.0,0.8603499292422434,74852.0,0.6674,0,10,3765.3217548603857,3469.2072732276,8.393235247955477,False,False,False,False,False,False,False,False,False,False,False,False,False,False,False,False,False,False,False,False,True,3243.4473,516.9387352837743,2
2022-11-30,3712.0332439736785,205.0,0.534128414037216,74852.0,0.6674,0,11,3760.3860009087743,3460.6128436942377,7.265198727374744,False,False,False,False,False,False,False,False,False,False,False,False,False,False,False,False,False,False,False,False,True,3182.6692,529.3640545205535,2
2022-12-31,3681.325572251314,199.0,0.0301329019570584,74852.0,0.6674,0,12,3712.0332439736785,3495.6887254212866,5.310451284750917,False,False,False,False,False,False,False,False,False,False,False,False,False,False,False,False,False,False,False,False,True,3178.5173,502.80823826693904,2
2023-01-31,6608.856166066006,166.0,-2.199039208536135,167909.19,0.3828,0,1,6649.243997172474,6427.59296157712,2.8200790804962628,False,False,False,False,False,False,False,False,False,False,False,False,False,False,False,False,False,False,False,False,False,6252.4023,356.45382231600615,3
2023-02-28,6832.875798941626,164.0,0.5495574360470767,167909.19,0.3828,0,2,6608.856166066006,6487.461972748955,5.32432910811047,False,False,False,False,False,False,False,False,False,False,False,False,False,False,False,False,False,False,False,False,False,6268.0405,564.8352715978763,3
2023-03-31,6877.871328408235,154.0,0.0225715437323525,167909.19,0.3828,0,3,6832.875798941626,6472.219521537098,6.267584180686092,False,False,False,False,False,False,False,False,False,False,False,False,False,False,False,False,False,False,False,False,False,6384.137,493.73412137698506,3
2023-04-30,6783.20654427167,138.0,0.1144441399764772,167909.19,0.3828,0,4,6877.871328408235,6698.274628741606,1.267967054764085,False,False,False,False,False,False,False,False,False,False,False,False,False,False,False,False,False,False,False,False,False,6304.31,478.8964856779203,3
2023-05-31,6747.903675923142,148.0,0.4685235871840332,167909.19,0.3828,0,5,6783.20654427167,6803.122365193703,-0.8116668539297822,False,False,False,False,False,False,False,False,False,False,False,False,False,False,False,False,False,False,False,False,False,6293.288,454.61558998564215,3
2023-06-30,6783.805810051977,146.0,-0.3124949920674358,167909.19,0.3828,0,6,6747.903675923142,6913.100707879746,-1.8702880703067917,False,False,False,False,False,False,False,False,False,False,False,False,False,False,False,False,False,False,False,False,False,6316.958,466.84780223947655,3
2023-07-31,6902.6149176435265,157.0,-0.8938044561617953,167909.19,0.3828,0,7,6783.805810051977,6771.818261229069,1.9314850364976932,False,False,False,False,False,False,False,False,False,False,False,False,False,False,False,False,False,False,False,False,False,6369.208,533.4069098310265,3
2023-08-31,6901.230153859917,167.0,0.2789943227899494,167909.19,0.3828,0,8,6902.6149176435265,6689.612671305207,3.163374218397319,False,False,False,False,False,False,False,False,False,False,False,False,False,False,False,False,False,False,False,False,False,6343.5947,557.6354272974168,3
2023-09-30,7026.903600335141,174.0,0.53217301284334,167909.19,0.3828,0,9,6901.230153859917,6687.94877615459,5.068143245789658,False,False,False,False,False,False,False,False,False,False,False,False,False,False,False,False,False,False,False,False,False,6336.938,689.9656120538912,3
2023-10-31,7076.799485324742,177.0,0.859197760293462,167909.19,0.3828,0,10,7026.903600335141,6835.945345677373,3.523347941915156,False,False,False,False,False,False,False,False,False,False,False,False,False,False,False,False,False,False,False,False,False,6374.4346,702.3649150122419,3
2023-11-30,6987.181973922573,170.0,0.5695142378559392,167909.19,0.3828,0,11,7076.799485324742,6768.71673812275,3.2275724373186376,False,False,False,False,False,False,False,False,False,False,False,False,False,False,False,False,False,False,False,False,False,6416.6074,570.574552047573,3
2023-12-31,6890.400888185774,160.0,0.420354684178803,167909.19,0.3828,0,12,6987.181973922573,6649.243997172474,3.626831728777735,False,False,False,False,False,False,False,False,False,False,False,False,False,False,False,False,False,False,False,False,False,6481.324,409.0766694357744,3
2023-01-31,2141.6131183983784,164.0,-2.199039208536135,56305.41,0.7812,0,1,2201.679756278299,1960.3910125643497,9.244181628693337,True,False,False,False,False,False,False,False,False,False,False,False,False,False,False,False,False,False,False,False,False,2062.8157,78.79744457025345,3
2023-02-28,2138.1609937078206,173.0,0.5495574360470767,56305.41,0.7812,0,2,2141.6131183983784,1952.4089672528376,9.513991667245204,True,False,False,False,False,False,False,False,False,False,False,False,False,False,False,False,False,False,False,False,False,2103.7295,34.43150152032058,3
2023-03-31,2123.824025615749,181.0,0.0225715437323525,56305.41,0.7812,0,3,2138.1609937078206,1973.801265098329,7.600702419751792,True,False,False,False,False,False,False,False,False,False,False,False,False,False,False,False,False,False,False,False,False,2068.8367,54.98735569387418,3
2023-04-30,2143.2450834820543,176.0,0.1144441399764772,56305.41,0.7812,0,4,2123.824025615749,2004.743366328242,6.908700608770846,True,False,False,False,False,False,False,False,False,False,False,False,False,False,False,False,False,False,False,False,False,2058.0667,85.17843309142927,3
2023-05-31,2181.411494689336,170.0,0.4685235871840332,56305.41,0.7812,0,5,2143.2450834820543,2071.991036757228,5.2809329765903135,True,False,False,False,False,False,False,False,False,False,False,False,False,False,False,False,False,False,False,False,False,2011.1792,170.232295470586,3
2023-06-30,2139.537806472773,181.0,-0.3124949920674358,56305.41,0.7812,0,6,2181.411494689336,2102.8213423070288,1.7460572340140867,True,False,False,False,False,False,False,False,False,False,False,False,False,False,False,False,False,False,False,False,False,1977.2808,162.2570447540229,3
2023-07-31,2136.95335508915,189.0,-0.8938044561617953,56305.41,0.7812,0,7,2139.537806472773,2132.430871896524,0.2120811160740698,True,False,False,False,False,False,False,False,False,False,False,False,False,False,False,False,False,False,False,False,False,1988.1029,148.85044981571264,3
2023-08-31,2172.5266179048995,207.0,0.2789943227899494,56305.41,0.7812,0,8,2136.95335508915,2170.6302015873675,0.0873670842755691,True,False,False,False,False,False,False,False,False,False,False,False,False,False,False,False,False,False,False,False,False,1993.7441,178.78247727989947,3
2023-09-30,2213.1610786517003,195.0,0.53217301284334,56305.41,0.7812,0,9,2172.5266179048995,2206.9146318485405,0.2830398019486591,True,False,False,False,False,False,False,False,False,False,False,False,False,False,False,False,False,False,False,False,False,2009.6566,203.50446244076284,3
2023-10-31,2216.94641089298,191.0,0.859197760293462,56305.41,0.7812,0,10,2213.1610786517003,2238.083541243868,-0.9444299089541696,True,False,False,False,False,False,False,False,False,False,False,False,False,False,False,False,False,False,False,False,False,2004.729,212.2174069867301,3
2023-11-30,2273.0857350472,189.0,0.5695142378559392,56305.41,0.7812,0,11,2216.94641089298,2198.521641082875,3.3915560607171935,True,False,False,False,False,False,False,False,False,False,False,False,False,False,False,False,False,False,False,False,False,2048.711,224.37479754720016,3
2023-12-31,2319.904648116541,169.0,0.420354684178803,56305.41,0.7812,0,12,2273.0857350472,2201.679756278299,5.3697587717338235,True,False,False,False,False,False,False,False,False,False,False,False,False,False,False,False,False,False,False,False,False,2058.0562,261.848495772791,3
2023-01-31,3663.315374776227,485.0,-2.199039208536135,169898.0,0.473,0,1,3631.56658478258,3417.4594609709707,7.194113539986335,False,True,False,False,False,False,False,False,False,False,False,False,False,False,False,False,False,False,False,False,False,3323.6448,339.67059938560215,3
2023-02-28,3669.1566014852183,424.0,0.5495574360470767,169898.0,0.473,0,2,3663.315374776227,3426.715850623776,7.07501763874907,False,True,False,False,False,False,False,False,False,False,False,False,False,False,False,False,False,False,False,False,False,3346.392,322.7645116414683,3
2023-03-31,3678.411271995236,441.0,0.0225715437323525,169898.0,0.473,0,3,3669.1566014852183,3425.253612272422,7.390917239405859,False,True,False,False,False,False,False,False,False,False,False,False,False,False,False,False,False,False,False,False,False,3340.4692,337.9420337139859,3
2023-04-30,3631.0616873869417,414.0,0.1144441399764772,169898.0,0.473,0,4,3678.411271995236,3463.9723684750907,4.823633133811844,False,True,False,False,False,False,False,False,False,False,False,False,False,False,False,False,False,False,False,False,False,3298.504,332.5577811369417,3
2023-05-31,3666.67052950579,421.0,0.4685235871840332,169898.0,0.473,0,5,3631.0616873869417,3494.8033075793333,4.917793844183471,False,True,False,False,False,False,False,False,False,False,False,False,False,False,False,False,False,False,False,False,False,3318.6707,347.999875208915,3
2023-06-30,3704.3195208026577,438.0,-0.3124949920674358,169898.0,0.473,0,6,3666.67052950579,3562.110630344009,3.9922648456573784,False,True,False,False,False,False,False,False,False,False,False,False,False,False,False,False,False,False,False,False,False,3312.0815,392.23797783390773,3
2023-07-31,3750.666562056793,443.0,-0.8938044561617953,169898.0,0.473,0,7,3704.3195208026577,3609.153577940744,3.920946589277352,False,True,False,False,False,False,False,False,False,False,False,False,False,False,False,False,False,False,False,False,False,3333.7917,416.8748140099178,3
2023-08-31,3766.4004652794497,492.0,0.2789943227899494,169898.0,0.473,0,8,3750.666562056793,3648.0739513314174,3.2435338627071264,False,True,False,False,False,False,False,False,False,False,False,False,False,False,False,False,False,False,False,False,False,3344.256,422.1443617638247,3
2023-09-30,3754.196103937899,490.0,0.53217301284334,169898.0,0.473,0,9,3766.4004652794497,3657.1852144657864,2.6526107862514525,False,True,False,False,False,False,False,False,False,False,False,False,False,False,False,False,False,False,False,False,False,3384.7063,369.4898051097739,3
2023-10-31,3771.66099129456,516.0,0.859197760293462,169898.0,0.473,0,10,3754.196103937899,3638.14494956574,3.669893409407931,False,True,False,False,False,False,False,False,False,False,False,False,False,False,False,False,False,False,False,False,False,3368.3005,403.36045418518506,3
2023-11-30,3725.922227663339,510.0,0.5695142378559392,169898.0,0.473,0,11,3771.66099129456,3619.342156558518,2.944735990536018,False,True,False,False,False,False,False,False,False,False,False,False,False,False,False,False,False,False,False,False,False,3396.0186,329.9036729758391,3
2023-12-31,3753.154322557541,484.0,0.420354684178803,169898.0,0.473,0,12,3725.922227663339,3631.56658478258,3.3480795391292784,False,True,False,False,False,False,False,False,False,False,False,False,False,False,False,False,False,False,False,False,False,3368.1753,384.97902958879104,3
2023-01-31,3075.479006597723,72.0,-2.199039208536135,113310.09,0.4803,0,1,3051.4845699038024,2941.767476528538,4.545278684873244,False,False,True,False,False,False,False,False,False,False,False,False,False,False,False,False,False,False,False,False,False,2971.9766,103.50244409772313,3
2023-02-28,3104.7114194070327,70.0,0.5495574360470767,113310.09,0.4803,0,2,3075.479006597723,2963.412818619845,4.76810385307691,False,False,True,False,False,False,False,False,False,False,False,False,False,False,False,False,False,False,False,False,False,2993.6895,111.02196628203274,3
2023-03-31,3156.342028391979,78.0,0.0225715437323525,113310.09,0.4803,0,3,3104.7114194070327,3005.3143087283643,5.025355225740724,False,False,True,False,False,False,False,False,False,False,False,False,False,False,False,False,False,False,False,False,False,2982.1838,174.15819050135406,3
2023-04-30,3165.44024270078,77.0,0.1144441399764772,113310.09,0.4803,0,4,3156.342028391979,3046.813531912784,3.893468029647429,False,False,True,False,False,False,False,False,False,False,False,False,False,False,False,False,False,False,False,False,False,2995.8582,169.5820884039049,3
2023-05-31,3172.861676064267,93.0,0.4685235871840332,113310.09,0.4803,0,5,3165.44024270078,3089.5960525519204,2.69503268699387,False,False,True,False,False,False,False,False,False,False,False,False,False,False,False,False,False,False,False,False,False,2996.9978,175.86387332989216,3
2023-06-30,3167.545603934899,90.0,-0.3124949920674358,113310.09,0.4803,0,6,3172.861676064267,3138.4167173387523,0.9281395435863926,False,False,True,False,False,False,False,False,False,False,False,False,False,False,False,False,False,False,False,False,False,2996.2478,171.2978012005242,3
2023-07-31,3167.477552295618,96.0,-0.8938044561617953,113310.09,0.4803,0,7,3167.545603934899,3126.1533182606317,1.3218876308337402,False,False,True,False,False,False,False,False,False,False,False,False,False,False,False,False,False,False,False,False,False,3019.9958,147.4817026862429,3
2023-08-31,3202.6282335609803,97.0,0.2789943227899494,113310.09,0.4803,0,8,3167.477552295618,3138.6954085138177,2.0369235215925263,False,False,True,False,False,False,False,False,False,False,False,False,False,False,False,False,False,False,False,False,False,3015.7793,186.84893668598033,3
2023-09-30,3222.6924515857436,91.0,0.53217301284334,113310.09,0.4803,0,9,3202.6282335609803,3125.932460314614,3.0953960937911917,False,False,True,False,False,False,False,False,False,False,False,False,False,False,False,False,False,False,False,False,False,3030.532,192.16046916386858,3
2023-10-31,3220.2741647495513,92.0,0.859197760293462,113310.09,0.4803,0,10,3222.6924515857436,3111.6865680999385,3.489670128181288,False,False,True,False,False,False,False,False,False,False,False,False,False,False,False,False,False,False,False,False,False,3039.7717,180.50243623392635,3
2023-11-30,3165.2739752620337,79.0,0.5695142378559392,113310.09,0.4803,0,11,3220.2741647495513,3081.216757882349,2.7280527137420574,False,False,True,False,False,False,False,False,False,False,False,False,False,False,False,False,False,False,False,False,False,3032.554,132.72002018390867,3
2023-12-31,3108.629674164341,85.0,0.420354684178803,113310.09,0.4803,0,12,3165.2739752620337,3051.4845699038024,1.8726984505885944,False,False,True,False,False,False,False,False,False,False,False,False,False,False,False,False,False,False,False,False,False,3020.773,87.85672494559094,3
2023-01-31,2617.81078940254,92.0,-2.199039208536135,57165.85,0.9323,0,1,2623.6692392415607,2660.264283376211,-1.5958374601711345,False,False,False,True,False,False,False,False,False,False,False,False,False,False,False,False,False,False,False,False,False,2507.228,110.5827620587902,3
2023-02-28,2617.8420704121063,83.0,0.5495574360470767,57165.85,0.9323,0,2,2617.81078940254,2672.1737632577656,-2.0332395143129123,False,False,False,True,False,False,False,False,False,False,False,False,False,False,False,False,False,False,False,False,False,2514.236,103.6059864277313,3
2023-03-31,2633.693713763048,73.0,0.0225715437323525,57165.85,0.9323,0,3,2617.8420704121063,2663.378885559106,-1.114568113346981,False,False,False,True,False,False,False,False,False,False,False,False,False,False,False,False,False,False,False,False,False,2525.951,107.74278602867298,3
2023-04-30,2640.362276428245,76.0,0.1144441399764772,57165.85,0.9323,0,4,2633.693713763048,2669.7815653435205,-1.101936176995444,False,False,False,True,False,False,False,False,False,False,False,False,False,False,False,False,False,False,False,False,False,2537.546,102.81637799074497,3
2023-05-31,2651.494454840615,86.0,0.4685235871840332,57165.85,0.9323,0,5,2640.362276428245,2671.225959489719,-0.7386684970998592,False,False,False,True,False,False,False,False,False,False,False,False,False,False,False,False,False,False,False,False,False,2554.8584,96.63605640311516,3
2023-06-30,2637.0967546634233,87.0,-0.3124949920674358,57165.85,0.9323,0,6,2651.494454840615,2653.84462230737,-0.6310794348384108,False,False,False,True,False,False,False,False,False,False,False,False,False,False,False,False,False,False,False,False,False,2556.716,80.38069021029833,3
2023-07-31,2624.2829657967036,94.0,-0.8938044561617953,57165.85,0.9323,0,7,2637.0967546634233,2669.733512817101,-1.7024375954451831,False,False,False,True,False,False,False,False,False,False,False,False,False,False,False,False,False,False,False,False,False,2560.014,64.26904978107859,3
2023-08-31,2602.0216876406225,97.0,0.2789943227899494,57165.85,0.9323,0,8,2624.2829657967036,2665.512059674887,-2.3819202694587815,False,False,False,True,False,False,False,False,False,False,False,False,False,False,False,False,False,False,False,False,False,2558.995,43.02657045312253,3
2023-09-30,2578.756649063352,94.0,0.53217301284334,57165.85,0.9323,0,9,2602.0216876406225,2673.4339629620085,-3.5414121018257583,False,False,False,True,False,False,False,False,False,False,False,False,False,False,False,False,False,False,False,False,False,2562.1687,16.587947891477143,3
2023-10-31,2546.23822931615,94.0,0.859197760293462,57165.85,0.9323,0,10,2578.756649063352,2660.9609644945526,-4.311327250161079,False,False,False,True,False,False,False,False,False,False,False,False,False,False,False,False,False,False,False,False,False,2561.787,-15.548880058850045,3
2023-11-30,2512.088875125936,79.0,0.5695142378559392,57165.85,0.9323,0,11,2546.23822931615,2654.7381085659176,-5.373382518588265,False,False,False,True,False,False,False,False,False,False,False,False,False,False,False,False,False,False,False,False,False,2538.4155,-26.32665221781417,3
2023-12-31,2496.929056253853,75.0,0.420354684178803,57165.85,0.9323,0,12,2512.088875125936,2623.6692392415607,-4.830646374630099,False,False,False,True,False,False,False,False,False,False,False,False,False,False,False,False,False,False,False,False,False,2533.646,-36.716939839896895,3
2023-01-31,2253.2147001708595,173.0,-2.199039208536135,56417.0,0.7701,0,1,2281.231320164438,2114.129695292431,6.578830295422833,False,False,False,False,True,False,False,False,False,False,False,False,False,False,False,False,False,False,False,False,False,2113.354,139.8606962646095,3
2023-02-28,2227.921152193115,178.0,0.5495574360470767,56417.0,0.7701,0,2,2253.2147001708595,2114.129695292431,5.382425550999348,False,False,False,False,True,False,False,False,False,False,False,False,False,False,False,False,False,False,False,False,False,2108.9775,118.94361313061518,3
2023-03-31,2203.292470012878,191.0,0.0225715437323525,56417.0,0.7701,0,3,2227.921152193115,2114.129695292431,4.217469482548175,False,False,False,False,True,False,False,False,False,False,False,False,False,False,False,False,False,False,False,False,False,2093.2676,110.02489188787786,3
2023-04-30,2252.048212409911,200.0,0.1144441399764772,56417.0,0.7701,0,4,2203.292470012878,2114.129695292431,6.523654505425358,False,False,False,False,True,False,False,False,False,False,False,False,False,False,False,False,False,False,False,False,False,2104.1448,147.90343701928578,3
2023-05-31,2251.043465987283,192.0,0.4685235871840332,56417.0,0.7701,0,5,2252.048212409911,2114.129695292431,6.4761292081427335,False,False,False,False,True,False,False,False,False,False,False,False,False,False,False,False,False,False,False,False,False,2126.3057,124.73780192478307,3
2023-06-30,2278.9931325805665,196.0,-0.3124949920674358,56417.0,0.7701,0,6,2251.043465987283,2114.129695292431,7.798170455447462,False,False,False,False,True,False,False,False,False,False,False,False,False,False,False,False,False,False,False,False,False,2154.4097,124.58346461181645,3
2023-07-31,2284.222135845565,192.0,-0.8938044561617953,56417.0,0.7701,0,7,2278.9931325805665,2128.3496975988896,7.323629120840613,False,False,False,False,True,False,False,False,False,False,False,False,False,False,False,False,False,False,False,False,False,2169.8853,114.33688193931494,3
2023-08-31,2329.6743790920027,202.0,0.2789943227899494,56417.0,0.7701,0,8,2284.222135845565,2131.2401989254317,9.3107374882766,False,False,False,False,True,False,False,False,False,False,False,False,False,False,False,False,False,False,False,False,False,2175.5847,154.0896622951277,3
2023-09-30,2328.234603325542,194.0,0.53217301284334,56417.0,0.7701,0,9,2329.6743790920027,2160.0479923398284,7.786244175229129,False,False,False,False,True,False,False,False,False,False,False,False,False,False,False,False,False,False,False,False,False,2190.9683,137.26634160679214,3
2023-10-31,2345.502811554959,212.0,0.859197760293462,56417.0,0.7701,0,10,2328.234603325542,2181.811920318474,7.502520712811544,False,False,False,False,True,False,False,False,False,False,False,False,False,False,False,False,False,False,False,False,False,2181.6033,163.89954007058395,3
2023-11-30,2358.843332463292,223.0,0.5695142378559392,56417.0,0.7701,0,11,2345.502811554959,2227.325296533793,5.904752042019634,False,False,False,False,True,False,False,False,False,False,False,False,False,False,False,False,False,False,False,False,False,2160.0005,198.84284418204197,3
2023-12-31,2375.1750233052653,207.0,0.420354684178803,56417.0,0.7701,0,12,2358.843332463292,2281.231320164438,4.118113858530381,False,False,False,False,True,False,False,False,False,False,False,False,False,False,False,False,False,False,False,False,False,2140.7095,234.4655506490153,3
2023-01-31,2629.875350788236,337.0,-2.199039208536135,92903.0,0.5307,0,1,2649.474116573548,2429.8887230765363,8.23027926392006,False,False,False,False,False,True,False,False,False,False,False,False,False,False,False,False,False,False,False,False,False,2653.561,-23.68568436801388,3
2023-02-28,2631.7465170127043,327.0,0.5495574360470767,92903.0,0.5307,0,2,2629.875350788236,2486.659375638248,5.8346206479211515,False,False,False,False,False,True,False,False,False,False,False,False,False,False,False,False,False,False,False,False,False,2684.401,-52.65436189354568,3
2023-03-31,2637.122836080721,360.0,0.0225715437323525,92903.0,0.5307,0,3,2631.7465170127043,2551.7649175727897,3.3450541591865113,False,False,False,False,False,True,False,False,False,False,False,False,False,False,False,False,False,False,False,False,False,2705.3914,-68.26852134115416,3
2023-04-30,2660.790990748972,367.0,0.1144441399764772,92903.0,0.5307,0,4,2637.122836080721,2627.9216960735102,1.2507714641792012,False,False,False,False,False,True,False,False,False,False,False,False,False,False,False,False,False,False,False,False,False,2674.0566,-13.265649876027965,3
2023-05-31,2698.171124794828,383.0,0.4685235871840332,92903.0,0.5307,0,5,2660.790990748972,2611.565685611248,3.3162267240967047,False,False,False,False,False,True,False,False,False,False,False,False,False,False,False,False,False,False,False,False,False,2728.778,-30.606951377047153,3
2023-06-30,2662.303112611173,392.0,-0.3124949920674358,92903.0,0.5307,0,6,2698.171124794828,2544.246743148225,4.640130513319107,False,False,False,False,False,True,False,False,False,False,False,False,False,False,False,False,False,False,False,False,False,2755.302,-92.99888934195178,3
2023-07-31,2682.3797882220306,410.0,-0.8938044561617953,92903.0,0.5307,0,7,2662.303112611173,2551.9795341024756,5.1097688040596445,False,False,False,False,False,True,False,False,False,False,False,False,False,False,False,False,False,False,False,False,False,2774.1287,-91.74887388734442,3
2023-08-31,2669.4538956476545,436.0,0.2789943227899494,92903.0,0.5307,0,8,2682.3797882220306,2589.288338634912,3.096045960451277,False,False,False,False,False,True,False,False,False,False,False,False,False,False,False,False,False,False,False,False,False,2754.9756,-85.52169028984554,3
2023-09-30,2693.7764689038904,440.0,0.53217301284334,92903.0,0.5307,0,9,2669.4538956476545,2630.0816608799623,2.421780622682923,False,False,False,False,False,True,False,False,False,False,False,False,False,False,False,False,False,False,False,False,False,2739.047,-45.27065023673458,3
2023-10-31,2697.629007995211,481.0,0.859197760293462,92903.0,0.5307,0,10,2693.7764689038904,2643.2582831817213,2.0569584576518585,False,False,False,False,False,True,False,False,False,False,False,False,False,False,False,False,False,False,False,False,False,2743.504,-45.87489825478906,3
2023-11-30,2733.395919763222,468.0,0.5695142378559392,92903.0,0.5307,0,11,2697.629007995211,2614.0083436327,4.567222458234732,False,False,False,False,False,True,False,False,False,False,False,False,False,False,False,False,False,False,False,False,False,2794.6326,-61.23664859615292,3
2023-12-31,2743.02746443446,445.0,0.420354684178803,92903.0,0.5307,0,12,2733.395919763222,2649.474116573548,3.531015731601128,False,False,False,False,False,True,False,False,False,False,False,False,False,False,False,False,False,False,False,False,False,2764.7058,-21.678346112415056,3
2023-01-31,2257.25964186995,277.0,-2.199039208536135,62655.0,0.831,0,1,2233.6495842605714,2149.117127346717,5.0319507088357085,False,False,False,False,False,False,True,False,False,False,False,False,False,False,False,False,False,False,False,False,False,2350.8757,-93.61609055192503,3
2023-02-28,2271.2628984447883,258.0,0.5495574360470767,62655.0,0.831,0,2,2257.25964186995,2147.6066209241617,5.757864420599268,False,False,False,False,False,False,True,False,False,False,False,False,False,False,False,False,False,False,False,False,False,2369.246,-97.98319530521167,3
2023-03-31,2295.162584514165,277.0,0.0225715437323525,62655.0,0.831,0,3,2271.2628984447883,2159.407381101957,6.286687940416824,False,False,False,False,False,False,True,False,False,False,False,False,False,False,False,False,False,False,False,False,False,2378.3274,-83.16480806396021,3
2023-04-30,2290.667202542659,268.0,0.1144441399764772,62655.0,0.831,0,4,2295.162584514165,2186.5399470997686,4.762193143601379,False,False,False,False,False,False,True,False,False,False,False,False,False,False,False,False,False,False,False,False,False,2378.9321,-88.2649263635908,3
2023-05-31,2290.317052944481,264.0,0.4685235871840332,62655.0,0.831,0,5,2290.667202542659,2213.387589416105,3.4756435744121017,False,False,False,False,False,False,True,False,False,False,False,False,False,False,False,False,False,False,False,False,False,2357.491,-67.17391385239398,3
2023-06-30,2269.9575026963316,261.0,-0.3124949920674358,62655.0,0.831,0,6,2290.317052944481,2229.4736527106515,1.815847876760457,False,False,False,False,False,False,True,False,False,False,False,False,False,False,False,False,False,False,False,False,False,2343.0452,-73.08766331929337,3
2023-07-31,2258.8173135228917,280.0,-0.8938044561617953,62655.0,0.831,0,7,2269.9575026963316,2244.068974784181,0.6572141455736258,False,False,False,False,False,False,True,False,False,False,False,False,False,False,False,False,False,False,False,False,False,2348.9067,-90.08942475835829,3
2023-08-31,2269.4900045281715,294.0,0.2789943227899494,62655.0,0.831,0,8,2258.8173135228917,2252.209844182576,0.7672535661021884,False,False,False,False,False,False,True,False,False,False,False,False,False,False,False,False,False,False,False,False,False,2347.563,-78.07298375307846,3
2023-09-30,2278.1571713454787,280.0,0.53217301284334,62655.0,0.831,0,9,2269.4900045281715,2254.250991898294,1.0604932429042924,False,False,False,False,False,False,True,False,False,False,False,False,False,False,False,False,False,False,False,False,False,2361.236,-83.07891263889633,3
2023-10-31,2258.6376577723477,284.0,0.859197760293462,62655.0,0.831,0,10,2278.1571713454787,2245.69954081936,0.5761285834465113,False,False,False,False,False,False,True,False,False,False,False,False,False,False,False,False,False,False,False,False,False,2361.113,-102.47537933702733,3
2023-11-30,2248.8377687776547,293.0,0.5695142378559392,62655.0,0.831,0,11,2258.6376577723477,2237.0106354784944,0.5287025958475411,False,False,False,False,False,False,True,False,False,False,False,False,False,False,False,False,False,False,False,False,False,2362.5974,-113.75964333172033,3
2023-12-31,2245.2481294670415,292.0,0.420354684178803,62655.0,0.831,0,12,2248.8377687776547,2233.6495842605714,0.5192643146982201,False,False,False,False,False,False,True,False,False,False,False,False,False,False,False,False,False,False,False,False,False,2356.216,-110.96793498608349,3
2023-01-31,2635.039835904211,400.0,-2.199039208536135,94401.0,0.5354,0,1,2618.169215132277,2415.628115303055,9.08300906133599,False,False,False,False,False,False,False,True,False,False,False,False,False,False,False,False,False,False,False,False,False,2639.4133,-4.3734941739139686,3
2023-02-28,2670.5159630869725,368.0,0.5495574360470767,94401.0,0.5354,0,2,2635.039835904211,2442.4215303357287,9.338864316344718,False,False,False,False,False,False,False,True,False,False,False,False,False,False,False,False,False,False,False,False,False,2647.6802,22.835787305722533,3
2023-03-31,2642.58257107404,368.0,0.0225715437323525,94401.0,0.5354,0,3,2670.5159630869725,2487.7599610602447,6.223374137262527,False,False,False,False,False,False,False,True,False,False,False,False,False,False,False,False,False,False,False,False,False,2676.892,-34.30951876970994,3
2023-04-30,2675.705991196391,362.0,0.1144441399764772,94401.0,0.5354,0,4,2642.58257107404,2518.154670320333,6.256618099475841,False,False,False,False,False,False,False,True,False,False,False,False,False,False,False,False,False,False,False,False,False,2689.0347,-13.328676772358904,3
2023-05-31,2693.5584638395917,381.0,0.4685235871840332,94401.0,0.5354,0,5,2675.705991196391,2525.0583057157887,6.673119497572855,False,False,False,False,False,False,False,True,False,False,False,False,False,False,False,False,False,False,False,False,False,2712.2847,-18.726204129158305,3
2023-06-30,2736.236037958876,406.0,-0.3124949920674358,94401.0,0.5354,0,6,2693.5584638395917,2554.8509875317227,7.099633258939764,False,False,False,False,False,False,False,True,False,False,False,False,False,False,False,False,False,False,False,False,False,2740.2708,-4.034713994249159,3
2023-07-31,2732.9666507323573,400.0,-0.8938044561617953,94401.0,0.5354,0,7,2736.236037958876,2592.273848017195,5.427389657260817,False,False,False,False,False,False,False,True,False,False,False,False,False,False,False,False,False,False,False,False,False,2726.0996,6.867041357357266,3
2023-08-31,2742.0672068500885,448.0,0.2789943227899494,94401.0,0.5354,0,8,2732.9666507323573,2621.3562804386424,4.604903473527333,False,False,False,False,False,False,False,True,False,False,False,False,False,False,False,False,False,False,False,False,False,2718.0818,23.985419740713496,3
2023-09-30,2728.5793070021955,441.0,0.53217301284334,94401.0,0.5354,0,9,2742.0672068500885,2619.44563242793,4.1662889744007,False,False,False,False,False,False,False,True,False,False,False,False,False,False,False,False,False,False,False,False,False,2716.1619,12.417441767820492,3
2023-10-31,2710.1239954831954,448.0,0.859197760293462,94401.0,0.5354,0,10,2728.5793070021955,2604.6382644266705,4.049918658464624,False,False,False,False,False,False,False,True,False,False,False,False,False,False,False,False,False,False,False,False,False,2724.752,-14.627957641804642,3
2023-11-30,2679.228899769549,445.0,0.5695142378559392,94401.0,0.5354,0,11,2710.1239954831954,2584.7728019309193,3.654328835713061,False,False,False,False,False,False,False,True,False,False,False,False,False,False,False,False,False,False,False,False,False,2713.4429,-34.213971324200884,3
2023-12-31,2667.6796601136266,426.0,0.420354684178803,94401.0,0.5354,0,12,2679.228899769549,2618.169215132277,1.8910330430589983,False,False,False,False,False,False,False,True,False,False,False,False,False,False,False,False,False,False,False,False,False,2699.215,-31.535427776998404,3
2023-01-31,2478.1947515390534,204.0,-2.199039208536135,53314.86,0.8997,0,1,2489.887567121656,2411.248313666638,2.776422382256194,False,False,False,False,False,False,False,False,True,False,False,False,False,False,False,False,False,False,False,False,False,2117.9849,360.2098882578034,3
2023-02-28,2489.504023708986,177.0,0.5495574360470767,53314.86,0.8997,0,2,2478.1947515390534,2458.198989711655,1.2734947060165869,False,False,False,False,False,False,False,False,True,False,False,False,False,False,False,False,False,False,False,False,False,2101.8936,387.6104690214861,3
2023-03-31,2510.805339391621,158.0,0.0225715437323525,53314.86,0.8997,0,3,2489.504023708986,2500.0325082988497,0.4309076404811041,False,False,False,False,False,False,False,False,True,False,False,False,False,False,False,False,False,False,False,False,False,2129.7268,381.07853275099615,3
2023-04-30,2537.003385676437,167.0,0.1144441399764772,53314.86,0.8997,0,4,2510.805339391621,2528.961210593856,0.3180031013877427,False,False,False,False,False,False,False,False,True,False,False,False,False,False,False,False,False,False,False,False,False,2143.2026,393.8007489576871,3
2023-05-31,2541.8791115305303,177.0,0.4685235871840332,53314.86,0.8997,0,5,2537.003385676437,2522.0164232869342,0.7875717247593839,False,False,False,False,False,False,False,False,True,False,False,False,False,False,False,False,False,False,False,False,False,2122.626,419.2531349680303,3
2023-06-30,2546.4563958557696,191.0,-0.3124949920674358,53314.86,0.8997,0,6,2541.8791115305303,2518.8124787415613,1.097498021290555,False,False,False,False,False,False,False,False,True,False,False,False,False,False,False,False,False,False,False,False,False,2132.3018,414.15463804326964,3
2023-07-31,2535.4140941274313,194.0,-0.8938044561617953,53314.86,0.8997,0,7,2546.4563958557696,2522.848453603882,0.498073536902277,False,False,False,False,False,False,False,False,True,False,False,False,False,False,False,False,False,False,False,False,False,2140.6355,394.7785960805563,3
2023-08-31,2528.2153969277647,212.0,0.2789943227899494,53314.86,0.8997,0,8,2535.4140941274313,2536.6660716206065,-0.3331409990217193,False,False,False,False,False,False,False,False,True,False,False,False,False,False,False,False,False,False,False,False,False,2141.2458,386.9695473183897,3
2023-09-30,2503.79402864553,209.0,0.53217301284334,53314.86,0.8997,0,9,2528.2153969277647,2578.3692467144515,-2.8923405041365036,False,False,False,False,False,False,False,False,True,False,False,False,False,False,False,False,False,False,False,False,False,2136.2551,367.53890169240503,3
2023-10-31,2483.716753059963,209.0,0.859197760293462,53314.86,0.8997,0,10,2503.79402864553,2575.215067957272,-3.553035862355669,False,False,False,False,False,False,False,False,True,False,False,False,False,False,False,False,False,False,False,False,False,2138.0303,345.68647962246314,3
2023-11-30,2470.9900553972843,201.0,0.5695142378559392,53314.86,0.8997,0,11,2483.716753059963,2543.793193389198,-2.8619912255884006,False,False,False,False,False,False,False,False,True,False,False,False,False,False,False,False,False,False,False,False,False,2134.6638,336.3262370379093,3
2023-12-31,2461.8956762467756,183.0,0.420354684178803,53314.86,0.8997,0,12,2470.9900553972843,2489.887567121656,-1.12422308719905,False,False,False,False,False,False,False,False,True,False,False,False,False,False,False,False,False,False,False,False,False,2125.6938,336.20182859052557,3
2023-01-31,2103.819445730027,252.0,-2.199039208536135,61822.0,0.6964,0,1,2094.1172913334535,1865.7875551969555,12.757716700921208,False,False,False,False,False,False,False,False,False,True,False,False,False,False,False,False,False,False,False,False,False,2266.8352,-163.01575934809807,3
2023-02-28,2075.906442165006,241.0,0.5495574360470767,61822.0,0.6964,0,2,2103.819445730027,1862.5112852142336,11.457388668988756,False,False,False,False,False,False,False,False,False,True,False,False,False,False,False,False,False,False,False,False,False,2270.0393,-194.13286447561904,3
2023-03-31,2065.347929599052,229.0,0.0225715437323525,61822.0,0.6964,0,3,2075.906442165006,1882.3739490780183,9.720384231340097,False,False,False,False,False,False,False,False,False,True,False,False,False,False,False,False,False,False,False,False,False,2272.2922,-206.9443067290731,3
2023-04-30,2065.12395011052,232.0,0.1144441399764772,61822.0,0.6964,0,4,2065.347929599052,1894.2060346579033,9.023195593582024,False,False,False,False,False,False,False,False,False,True,False,False,False,False,False,False,False,False,False,False,False,2273.1882,-208.06428231135487,3
2023-05-31,2051.285725448517,244.0,0.4685235871840332,61822.0,0.6964,0,5,2065.12395011052,1944.1162941447749,5.512501059042174,False,False,False,False,False,False,False,False,False,True,False,False,False,False,False,False,False,False,False,False,False,2215.192,-163.90616908273296,3
2023-06-30,2075.496760443095,246.0,-0.3124949920674358,61822.0,0.6964,0,6,2051.285725448517,1971.0752056354863,5.297695111229528,False,False,False,False,False,False,False,False,False,True,False,False,False,False,False,False,False,False,False,False,False,2226.7607,-151.2639817444051,3
2023-07-31,2081.548888966023,259.0,-0.8938044561617953,61822.0,0.6964,0,7,2075.496760443095,2007.8292951856852,3.671606642910352,False,False,False,False,False,False,False,False,False,True,False,False,False,False,False,False,False,False,False,False,False,2244.264,-162.7150270496022,3
2023-08-31,2102.9295995881484,259.0,0.2789943227899494,61822.0,0.6964,0,8,2081.548888966023,2004.293408519213,4.921245095637405,False,False,False,False,False,False,False,False,False,True,False,False,False,False,False,False,False,False,False,False,False,2265.8691,-162.93954103685155,3
2023-09-30,2094.2575851380952,268.0,0.53217301284334,61822.0,0.6964,0,9,2102.9295995881484,2047.8618124192344,2.2655714578734942,False,False,False,False,False,False,False,False,False,True,False,False,False,False,False,False,False,False,False,False,False,2264.8853,-170.62766876815476,3
2023-10-31,2094.9439031262964,280.0,0.859197760293462,61822.0,0.6964,0,10,2094.2575851380952,2048.9268294992553,2.24591102837417,False,False,False,False,False,False,False,False,False,True,False,False,False,False,False,False,False,False,False,False,False,2289.7234,-194.7794855455786,3
2023-11-30,2123.325714392182,280.0,0.5695142378559392,61822.0,0.6964,0,11,2094.9439031262964,2097.565286599867,1.2281108939437455,False,False,False,False,False,False,False,False,False,True,False,False,False,False,False,False,False,False,False,False,False,2290.203,-166.8771664671931,3
2023-12-31,2140.438097179246,290.0,0.420354684178803,61822.0,0.6964,0,12,2123.325714392182,2094.1172913334535,2.2119489695010097,False,False,False,False,False,False,False,False,False,True,False,False,False,False,False,False,False,False,False,False,False,2291.561,-151.12293797700386,3
2023-01-31,2507.984263166673,302.0,-2.199039208536135,90532.0,0.797,0,1,2501.594254903753,2445.2074743380053,2.5673399696139576,False,False,False,False,False,False,False,False,False,False,True,False,False,False,False,False,False,False,False,False,False,2388.51,119.47425340104792,3
2023-02-28,2511.0169770335815,289.0,0.5495574360470767,90532.0,0.797,0,2,2507.984263166673,2442.5090709039737,2.8048168559821507,False,False,False,False,False,False,False,False,False,False,True,False,False,False,False,False,False,False,False,False,False,2407.3457,103.6712739085815,3
2023-03-31,2555.429010714475,295.0,0.0225715437323525,90532.0,0.797,0,3,2511.0169770335815,2429.031241595342,5.203628794667847,False,False,False,False,False,False,False,False,False,False,True,False,False,False,False,False,False,False,False,False,False,2432.8574,122.57158883947523,3
2023-04-30,2565.768516837494,286.0,0.1144441399764772,90532.0,0.797,0,4,2555.429010714475,2440.963636036193,5.112934865509433,False,False,False,False,False,False,False,False,False,False,True,False,False,False,False,False,False,False,False,False,False,2431.4902,134.2782824624942,3
2023-05-31,2586.847848155164,313.0,0.4685235871840332,90532.0,0.797,0,5,2565.768516837494,2483.458872143071,4.163104014799912,False,False,False,False,False,False,False,False,False,False,True,False,False,False,False,False,False,False,False,False,False,2451.9849,134.86298487391377,3
2023-06-30,2576.2533385893953,311.0,-0.3124949920674358,90532.0,0.797,0,6,2586.847848155164,2513.4673898701467,2.497981432832219,False,False,False,False,False,False,False,False,False,False,True,False,False,False,False,False,False,False,False,False,False,2449.5742,126.6791198393953,3
2023-07-31,2597.9027208048183,312.0,-0.8938044561617953,90532.0,0.797,0,7,2576.2533385893953,2550.704848959063,1.8503854675705256,False,False,False,False,False,False,False,False,False,False,True,False,False,False,False,False,False,False,False,False,False,2451.7446,146.15809189856827,3
2023-08-31,2591.6337179518414,320.0,0.2789943227899494,90532.0,0.797,0,8,2597.9027208048183,2558.682352194248,1.2878255766815006,False,False,False,False,False,False,False,False,False,False,True,False,False,False,False,False,False,False,False,False,False,2445.4849,146.1488546705914,3
2023-09-30,2608.529608050985,319.0,0.53217301284334,90532.0,0.797,0,9,2591.6337179518414,2565.5568318730934,1.6749882771654567,False,False,False,False,False,False,False,False,False,False,True,False,False,False,False,False,False,False,False,False,False,2455.4998,153.0298521916102,3
2023-10-31,2595.3139949640517,340.0,0.859197760293462,90532.0,0.797,0,10,2608.529608050985,2540.7696176875575,2.1467659600769684,False,False,False,False,False,False,False,False,False,False,True,False,False,False,False,False,False,False,False,False,False,2504.724,90.58987387030174,3
2023-11-30,2610.6073048993353,326.0,0.5695142378559392,90532.0,0.797,0,11,2595.3139949640517,2517.5514637044394,3.696283573006665,False,False,False,False,False,False,False,False,False,False,True,False,False,False,False,False,False,False,False,False,False,2487.3235,123.2838185712103,3
2023-12-31,2596.0865850751757,312.0,0.420354684178803,90532.0,0.797,0,12,2610.6073048993353,2501.594254903753,3.777284425169825,False,False,False,False,False,False,False,False,False,False,True,False,False,False,False,False,False,False,False,False,False,2482.12,113.96646788767566,3
2023-01-31,2999.601077514034,441.0,-2.199039208536135,107786.0,0.6141,0,1,2982.3438177651196,2810.264665185173,6.737316049781583,False,False,False,False,False,False,False,False,False,False,False,True,False,False,False,False,False,False,False,False,False,2966.6472,32.95386071715893,3
2023-02-28,3035.0483691277955,418.0,0.5495574360470767,107786.0,0.6141,0,2,2999.601077514034,2851.5731276392826,6.434176269587932,False,False,False,False,False,False,False,False,False,False,False,True,False,False,False,False,False,False,False,False,False,2993.424,41.62429686217047,3
2023-03-31,3052.5016673500977,406.0,0.0225715437323525,107786.0,0.6141,0,3,3035.0483691277955,2860.791509356669,6.701297783022997,False,False,False,False,False,False,False,False,False,False,False,True,False,False,False,False,False,False,False,False,False,3002.3176,50.184040396972705,3
2023-04-30,3043.3338992979607,390.0,0.1144441399764772,107786.0,0.6141,0,4,3052.5016673500977,2898.2476321220697,5.005999679525663,False,False,False,False,False,False,False,False,False,False,False,True,False,False,False,False,False,False,False,False,False,2982.0525,61.28140906358567,3
2023-05-31,3020.869549296969,398.0,0.4685235871840332,107786.0,0.6141,0,5,3043.3338992979607,2943.746333017937,2.6199002072289757,False,False,False,False,False,False,False,False,False,False,False,True,False,False,False,False,False,False,False,False,False,2992.6914,28.178143046969126,3
2023-06-30,3029.230329532478,431.0,-0.3124949920674358,107786.0,0.6141,0,6,3020.869549296969,2955.5890244779644,2.49159488834958,False,False,False,False,False,False,False,False,False,False,False,True,False,False,False,False,False,False,False,False,False,3009.9758,19.25449945435321,3
2023-07-31,3044.883950112654,467.0,-0.8938044561617953,107786.0,0.6141,0,7,3029.230329532478,2986.839400563588,1.9433435067889528,False,False,False,False,False,False,False,False,False,False,False,True,False,False,False,False,False,False,False,False,False,3020.9412,23.94278800327902,3
2023-08-31,3055.5356806030477,500.0,0.2789943227899494,107786.0,0.6141,0,8,3044.883950112654,3011.1169751211633,1.4751570878476672,False,False,False,False,False,False,False,False,False,False,False,True,False,False,False,False,False,False,False,False,False,3019.3044,36.231237243672695,3
2023-09-30,3065.793876545469,504.0,0.53217301284334,107786.0,0.6141,0,9,3055.5356806030477,3038.3039399081763,0.904779020828439,False,False,False,False,False,False,False,False,False,False,False,True,False,False,False,False,False,False,False,False,False,3013.8384,51.955497639219175,3
2023-10-31,3073.7409066311134,533.0,0.859197760293462,107786.0,0.6141,0,10,3065.793876545469,3026.311018371349,1.5672509524579326,False,False,False,False,False,False,False,False,False,False,False,True,False,False,False,False,False,False,False,False,False,3037.4412,36.299744521738376,3
2023-11-30,3060.562410395754,542.0,0.5695142378559392,107786.0,0.6141,0,11,3073.7409066311134,2999.6136440599253,2.031887221760176,False,False,False,False,False,False,False,False,False,False,False,True,False,False,False,False,False,False,False,False,False,3047.7112,12.851228755128886,3
2023-12-31,3044.195883748184,525.0,0.420354684178803,107786.0,0.6141,0,12,3060.562410395754,2982.3438177651196,2.073941495766718,False,False,False,False,False,False,False,False,False,False,False,True,False,False,False,False,False,False,False,False,False,3037.4417,6.75423335755886,3
2023-01-31,2893.07647300204,218.0,-2.199039208536135,102877.0,0.8661,0,1,2894.2793145473634,2715.14796657889,6.553179002149978,False,False,False,False,False,False,False,False,False,False,False,False,True,False,False,False,False,False,False,False,False,2989.5105,-96.43402504483493,3
2023-02-28,2881.975091240094,190.0,0.5495574360470767,102877.0,0.8661,0,2,2893.07647300204,2747.6569782700676,4.888460023659635,False,False,False,False,False,False,False,False,False,False,False,False,True,False,False,False,False,False,False,False,False,2986.7024,-104.72730133803088,3
2023-03-31,2861.1299663571517,196.0,0.0225715437323525,102877.0,0.8661,0,3,2881.975091240094,2772.5945178377165,3.1932346381641885,False,False,False,False,False,False,False,False,False,False,False,False,True,False,False,False,False,False,False,False,False,2974.5146,-113.38468208034828,3
2023-04-30,2866.8750978383523,198.0,0.1144441399764772,102877.0,0.8661,0,4,2861.1299663571517,2814.0379061049925,1.877628997773284,False,False,False,False,False,False,False,False,False,False,False,False,True,False,False,False,False,False,False,False,False,2963.7935,-96.9183591928977,3
2023-05-31,2850.2922341068515,205.0,0.4685235871840332,102877.0,0.8661,0,5,2866.8750978383523,2827.6478065754613,0.8008220641457786,False,False,False,False,False,False,False,False,False,False,False,False,True,False,False,False,False,False,False,False,False,2946.066,-95.77368386189846,3
2023-06-30,2846.6095615748677,212.0,-0.3124949920674358,102877.0,0.8661,0,6,2850.2922341068515,2839.391424109584,0.2542142447847784,False,False,False,False,False,False,False,False,False,False,False,False,True,False,False,False,False,False,False,False,False,2957.7114,-111.10186420638229,3
2023-07-31,2833.9488197921487,214.0,-0.8938044561617953,102877.0,0.8661,0,7,2846.6095615748677,2854.120706035129,-0.7067635997428656,False,False,False,False,False,False,False,False,False,False,False,False,True,False,False,False,False,False,False,False,False,2961.9978,-128.0489829422263,3
2023-08-31,2840.9211732273193,229.0,0.2789943227899494,102877.0,0.8661,0,8,2833.9488197921487,2875.0062926265005,-1.185566775509295,False,False,False,False,False,False,False,False,False,False,False,False,True,False,False,False,False,False,False,False,False,2935.9348,-95.01364122580571,3
2023-09-30,2841.0683031431067,227.0,0.53217301284334,102877.0,0.8661,0,9,2840.9211732273193,2873.829744997573,-1.1399924408011186,False,False,False,False,False,False,False,False,False,False,False,False,True,False,False,False,False,False,False,False,False,2947.7075,-106.63921638814327,3
2023-10-31,2829.446067438184,224.0,0.859197760293462,102877.0,0.8661,0,10,2841.0683031431067,2859.3778884273615,-1.046794867873857,False,False,False,False,False,False,False,False,False,False,False,False,True,False,False,False,False,False,False,False,False,2957.2253,-127.77927435869105,3
2023-11-30,2795.3758405046856,229.0,0.5695142378559392,102877.0,0.8661,0,11,2829.446067438184,2869.6676276014127,-2.588863824582477,False,False,False,False,False,False,False,False,False,False,False,False,True,False,False,False,False,False,False,False,False,2926.996,-131.62025324531442,3
2023-12-31,2751.970723808199,224.0,0.420354684178803,102877.0,0.8661,0,12,2795.3758405046856,2894.2793145473634,-4.916892092061953,False,False,False,False,False,False,False,False,False,False,False,False,True,False,False,False,False,False,False,False,False,2884.706,-132.73533087930082,3
2023-01-31,2563.0930671789192,314.0,-2.199039208536135,103082.0,0.7935,0,1,2567.8905269382044,2396.366444537334,6.957476099769688,False,False,False,False,False,False,False,False,False,False,False,False,False,True,False,False,False,False,False,False,False,2710.466,-147.37299727420577,3
2023-02-28,2561.92035439218,294.0,0.5495574360470767,103082.0,0.7935,0,2,2563.0930671789192,2409.480910767149,6.326650812788381,False,False,False,False,False,False,False,False,False,False,False,False,False,True,False,False,False,False,False,False,False,2726.2632,-164.3428292015701,3
2023-03-31,2596.060453667148,302.0,0.0225715437323525,103082.0,0.7935,0,3,2561.92035439218,2421.6933441234783,7.20021426192512,False,False,False,False,False,False,False,False,False,False,False,False,False,True,False,False,False,False,False,False,False,2732.0059,-135.94540570785193,3
2023-04-30,2595.6141657427797,311.0,0.1144441399764772,103082.0,0.7935,0,4,2596.060453667148,2433.858890069356,6.646041655636581,False,False,False,False,False,False,False,False,False,False,False,False,False,True,False,False,False,False,False,False,False,2751.1604,-155.54623464784527,3
2023-05-31,2605.757484951191,322.0,0.4685235871840332,103082.0,0.7935,0,5,2595.6141657427797,2468.036971783568,5.58016410378559,False,False,False,False,False,False,False,False,False,False,False,False,False,True,False,False,False,False,False,False,False,2726.6245,-120.86702676755885,3
2023-06-30,2598.216656168955,317.0,-0.3124949920674358,103082.0,0.7935,0,6,2605.757484951191,2508.8123755433603,3.563609678313684,False,False,False,False,False,False,False,False,False,False,False,False,False,True,False,False,False,False,False,False,False,2730.2246,-132.00795320604493,3
2023-07-31,2610.4143761262926,323.0,-0.8938044561617953,103082.0,0.7935,0,7,2598.216656168955,2546.2517657957737,2.519884765223379,False,False,False,False,False,False,False,False,False,False,False,False,False,True,False,False,False,False,False,False,False,2761.329,-150.9147254362074,3
2023-08-31,2612.0822177618443,338.0,0.2789943227899494,103082.0,0.7935,0,8,2610.4143761262926,2572.246813081917,1.5486618343672376,False,False,False,False,False,False,False,False,False,False,False,False,False,True,False,False,False,False,False,False,False,2771.7253,-159.64312403503072,3
2023-09-30,2624.335811225057,352.0,0.53217301284334,103082.0,0.7935,0,9,2612.0822177618443,2584.487796596936,1.5418147719865605,False,False,False,False,False,False,False,False,False,False,False,False,False,True,False,False,False,False,False,False,False,2774.6543,-150.3184856499429,3
2023-10-31,2612.880292428429,346.0,0.859197760293462,103082.0,0.7935,0,10,2624.335811225057,2591.575022133839,0.8220973775649343,False,False,False,False,False,False,False,False,False,False,False,False,False,True,False,False,False,False,False,False,False,2775.575,-162.69465874344587,3
2023-11-30,2597.24039326374,347.0,0.5695142378559392,103082.0,0.7935,0,11,2612.880292428429,2587.9828174412,0.357713960083128,False,False,False,False,False,False,False,False,False,False,False,False,False,True,False,False,False,False,False,False,False,2765.8787,-168.63826884563514,3
2023-12-31,2577.056037231609,328.0,0.420354684178803,103082.0,0.7935,0,12,2597.24039326374,2567.8905269382044,0.3569276103188468,False,False,False,False,False,False,False,False,False,False,False,False,False,True,False,False,False,False,False,False,False,2740.7812,-163.72521276839097,3
2023-01-31,3408.255473742664,0.0,-2.199039208536135,116402.87,0.7337,0,1,3407.3387300432805,3223.886939663373,5.71882753737456,False,False,False,False,False,False,False,False,False,False,False,False,False,False,True,False,False,False,False,False,False,3228.0203,180.23521007078898,3
2023-02-28,3432.31939327619,0.0,0.5495574360470767,116402.87,0.7337,0,2,3408.255473742664,3253.0675864324858,5.510239245913828,False,False,False,False,False,False,False,False,False,False,False,False,False,False,True,False,False,False,False,False,False,3265.7234,166.5960046043151,3
2023-03-31,3471.6081299106413,0.0,0.0225715437323525,116402.87,0.7337,0,3,3432.31939327619,3297.1193454048102,5.292158585312223,False,False,False,False,False,False,False,False,False,False,False,False,False,False,True,False,False,False,False,False,False,3282.7778,188.8302978793913,3
2023-04-30,3452.8140255643084,0.0,0.1144441399764772,116402.87,0.7337,0,4,3471.6081299106413,3332.0669763503925,3.623788179257126,False,False,False,False,False,False,False,False,False,False,False,False,False,False,True,False,False,False,False,False,False,3304.0308,148.7832638455584,3
2023-05-31,3433.1126179215867,0.0,0.4685235871840332,116402.87,0.7337,0,5,3452.8140255643084,3353.696575192056,2.3680151423651763,False,False,False,False,False,False,False,False,False,False,False,False,False,False,True,False,False,False,False,False,False,3284.2349,148.87775464033666,3
2023-06-30,3426.4850249436954,0.0,-0.3124949920674358,116402.87,0.7337,0,6,3433.1126179215867,3372.39359873373,1.6039476006085351,False,False,False,False,False,False,False,False,False,False,False,False,False,False,True,False,False,False,False,False,False,3281.1194,145.3656401780704,3
2023-07-31,3458.2288386828404,0.0,-0.8938044561617953,116402.87,0.7337,0,7,3426.4850249436954,3390.9774681109516,1.983244394996042,False,False,False,False,False,False,False,False,False,False,False,False,False,False,True,False,False,False,False,False,False,3301.3237,156.90510821409043,3
2023-08-31,3471.6345844857283,0.0,0.2789943227899494,116402.87,0.7337,0,8,3458.2288386828404,3398.48114179733,2.1525334299695498,False,False,False,False,False,False,False,False,False,False,False,False,False,False,True,False,False,False,False,False,False,3299.8552,171.77935987635328,3
2023-09-30,3487.294877017806,0.0,0.53217301284334,116402.87,0.7337,0,9,3471.6345844857283,3409.419472993901,2.2841250435963634,False,False,False,False,False,False,False,False,False,False,False,False,False,False,True,False,False,False,False,False,False,3311.6965,175.5983438146809,3
2023-10-31,3462.3424890971323,0.0,0.859197760293462,116402.87,0.7337,0,10,3487.294877017806,3425.8007999435613,1.0666612359414795,False,False,False,False,False,False,False,False,False,False,False,False,False,False,True,False,False,False,False,False,False,3309.0686,153.27388558150733,3
2023-11-30,3446.1010840513713,0.0,0.5695142378559392,116402.87,0.7337,0,11,3462.3424890971323,3433.9724923955696,0.3531941995068344,False,False,False,False,False,False,False,False,False,False,False,False,False,False,True,False,False,False,False,False,False,3291.6409,154.46021491074634,3
2023-12-31,3427.260972477872,0.0,0.420354684178803,116402.87,0.7337,0,12,3446.1010840513713,3407.3387300432805,0.5846862907679995,False,False,False,False,False,False,False,False,False,False,False,False,False,False,True,False,False,False,False,False,False,3286.6345,140.6264509934972,3
2023-01-31,2667.602760469268,849.0,-2.199039208536135,92001.75,0.6869,0,1,2671.8612696287955,2534.7129374462484,5.242795784082266,False,False,False,False,False,False,False,False,False,False,False,False,False,False,False,True,False,False,False,False,False,2624.9553,42.647438203643105,3
2023-02-28,2681.211804936617,820.0,0.5495574360470767,92001.75,0.6869,0,2,2667.602760469268,2545.189675519411,5.344282617736429,False,False,False,False,False,False,False,False,False,False,False,False,False,False,False,True,False,False,False,False,False,2648.0747,33.13709790536723,3
2023-03-31,2712.926559887869,824.0,0.0225715437323525,92001.75,0.6869,0,3,2681.211804936617,2565.3882892312886,5.751108761036328,False,False,False,False,False,False,False,False,False,False,False,False,False,False,False,True,False,False,False,False,False,2666.5657,46.36088605974419,3
2023-04-30,2725.43014634021,829.0,0.1144441399764772,92001.75,0.6869,0,4,2712.926559887869,2612.1509708153544,4.336624367828801,False,False,False,False,False,False,False,False,False,False,False,False,False,False,False,True,False,False,False,False,False,2667.8384,57.59176743395983,3
2023-05-31,2731.308327806114,849.0,0.4685235871840332,92001.75,0.6869,0,5,2725.43014634021,2646.84452333549,3.1911131812224713,False,False,False,False,False,False,False,False,False,False,False,False,False,False,False,True,False,False,False,False,False,2665.3833,65.925027024864,3
2023-06-30,2750.1420521143,872.0,-0.3124949920674358,92001.75,0.6869,0,6,2731.308327806114,2698.984874076602,1.8954229247098109,False,False,False,False,False,False,False,False,False,False,False,False,False,False,False,True,False,False,False,False,False,2671.4658,78.67623180179999,3
2023-07-31,2773.6105385814653,890.0,-0.8938044561617953,92001.75,0.6869,0,7,2750.1420521143,2701.7377463469056,2.66024310952242,False,False,False,False,False,False,False,False,False,False,False,False,False,False,False,True,False,False,False,False,False,2703.3928,70.21771631584033,3
2023-08-31,2785.8970595136875,872.0,0.2789943227899494,92001.75,0.6869,0,8,2773.6105385814653,2719.76010557416,2.4317201286973456,False,False,False,False,False,False,False,False,False,False,False,False,False,False,False,True,False,False,False,False,False,2696.998,88.89901263868751,3
2023-09-30,2783.4024904382436,888.0,0.53217301284334,92001.75,0.6869,0,9,2785.8970595136875,2718.3626832802574,2.3926096233598315,False,False,False,False,False,False,False,False,False,False,False,False,False,False,False,True,False,False,False,False,False,2708.099,75.3033693444936,3
2023-10-31,2785.133055949716,888.0,0.859197760293462,92001.75,0.6869,0,10,2783.4024904382436,2715.784005030662,2.553555466509616,False,False,False,False,False,False,False,False,False,False,False,False,False,False,False,True,False,False,False,False,False,2715.4053,69.72778251221598,3
2023-11-30,2767.559882816573,863.0,0.5695142378559392,92001.75,0.6869,0,11,2785.133055949716,2698.4357495650593,2.56163717304203,False,False,False,False,False,False,False,False,False,False,False,False,False,False,False,True,False,False,False,False,False,2714.7073,52.85260742594801,3
2023-12-31,2747.582819148826,830.0,0.420354684178803,92001.75,0.6869,0,12,2767.559882816573,2671.8612696287955,2.8340374697130244,False,False,False,False,False,False,False,False,False,False,False,False,False,False,False,True,False,False,False,False,False,2710.6636,36.91924493007582,3
2023-01-31,2304.754895351188,161.0,-2.199039208536135,36032.0,0.8958,0,1,2320.1608644068083,1938.5388859226664,18.89134193221085,False,False,False,False,False,False,False,False,False,False,False,False,False,False,False,False,True,False,False,False,False,2069.7393,235.01563753868822,3
2023-02-28,2340.743258784054,151.0,0.5495574360470767,36032.0,0.8958,0,2,2304.754895351188,2060.253898941469,13.614310352073431,False,False,False,False,False,False,False,False,False,False,False,False,False,False,False,False,True,False,False,False,False,2094.4,246.34335644030398,3
2023-03-31,2356.1793311351453,144.0,0.0225715437323525,36032.0,0.8958,0,3,2340.743258784054,2123.228539694509,10.971536369521171,False,False,False,False,False,False,False,False,False,False,False,False,False,False,False,False,True,False,False,False,False,2097.6184,258.5609229320203,3
2023-04-30,2343.8783972209862,151.0,0.1144441399764772,36032.0,0.8958,0,4,2356.1793311351453,2133.0572555257786,9.883520057844963,False,False,False,False,False,False,False,False,False,False,False,False,False,False,False,False,True,False,False,False,False,2108.023,235.85544800223624,3
2023-05-31,2360.367235336461,145.0,0.4685235871840332,36032.0,0.8958,0,5,2343.8783972209862,2216.244711579443,6.503005873133327,False,False,False,False,False,False,False,False,False,False,False,False,False,False,False,False,True,False,False,False,False,2121.9265,238.4407216645859,3
2023-06-30,2349.5684282283937,152.0,-0.3124949920674358,36032.0,0.8958,0,6,2360.367235336461,2134.7535399161957,10.062748897965568,False,False,False,False,False,False,False,False,False,False,False,False,False,False,False,False,True,False,False,False,False,2135.1233,214.4451372127687,3
2023-07-31,2371.3061488473745,168.0,-0.8938044561617953,36032.0,0.8958,0,7,2349.5684282283937,2146.154827012595,10.49091701124778,False,False,False,False,False,False,False,False,False,False,False,False,False,False,False,False,True,False,False,False,False,2148.178,223.12817033174952,3
2023-08-31,2359.8544355600475,189.0,0.2789943227899494,36032.0,0.8958,0,8,2371.3061488473745,2186.6739161091673,7.91981457203399,False,False,False,False,False,False,False,False,False,False,False,False,False,False,False,False,True,False,False,False,False,2212.3604,147.49408399754748,3
2023-09-30,2348.5155435716824,194.0,0.53217301284334,36032.0,0.8958,0,9,2359.8544355600475,2178.6920004809467,7.79474763083754,False,False,False,False,False,False,False,False,False,False,False,False,False,False,False,False,True,False,False,False,False,2171.968,176.54752599355743,3
2023-10-31,2360.98485798286,197.0,0.859197760293462,36032.0,0.8958,0,10,2348.5155435716824,2250.369308367068,4.915439843785374,False,False,False,False,False,False,False,False,False,False,False,False,False,False,False,False,True,False,False,False,False,2116.6323,244.35253376410992,3
2023-11-30,2382.0120439130405,196.0,0.5695142378559392,36032.0,0.8958,0,11,2360.98485798286,2205.253050088176,8.015361040665914,False,False,False,False,False,False,False,False,False,False,False,False,False,False,False,False,True,False,False,False,False,2180.0647,201.94734664741554,3
2023-12-31,2377.0838769717434,188.0,0.420354684178803,36032.0,0.8958,0,12,2382.0120439130405,2320.1608644068083,2.453408013133118,False,False,False,False,False,False,False,False,False,False,False,False,False,False,False,False,True,False,False,False,False,2088.3613,288.7225488467434,3
2023-01-31,2224.238519292455,304.0,-2.199039208536135,51433.0,0.6872,0,1,2207.430105771435,1985.823608276622,12.005845334004196,False,False,False,False,False,False,False,False,False,False,False,False,False,False,False,False,False,True,False,False,False,2133.487,90.75145874557984,3
2023-02-28,2223.3297399598773,280.0,0.5495574360470767,51433.0,0.6872,0,2,2224.238519292455,1984.466764626622,12.03663269100892,False,False,False,False,False,False,False,False,False,False,False,False,False,False,False,False,False,True,False,False,False,2095.7974,127.53237667862732,3
2023-03-31,2179.6564049314534,286.0,0.0225715437323525,51433.0,0.6872,0,3,2223.3297399598773,1944.8551377985284,12.072943766840517,False,False,False,False,False,False,False,False,False,False,False,False,False,False,False,False,False,True,False,False,False,2102.7493,76.90713735332838,3
2023-04-30,2208.8351807161885,275.0,0.1144441399764772,51433.0,0.6872,0,4,2179.6564049314534,1932.4380798044149,14.303024961076538,False,False,False,False,False,False,False,False,False,False,False,False,False,False,False,False,False,True,False,False,False,2138.9155,69.91965337243846,3
2023-05-31,2213.6271972329405,288.0,0.4685235871840332,51433.0,0.6872,0,5,2208.8351807161885,1966.161108495764,12.586256928177342,False,False,False,False,False,False,False,False,False,False,False,False,False,False,False,False,False,True,False,False,False,2121.7378,91.88940426419049,3
2023-06-30,2254.2255927046645,282.0,-0.3124949920674358,51433.0,0.6872,0,6,2213.6271972329405,2046.922608698104,10.1275438126315,False,False,False,False,False,False,False,False,False,False,False,False,False,False,False,False,False,True,False,False,False,2106.565,147.66065129841445,3
2023-07-31,2230.387490484746,258.0,-0.8938044561617953,51433.0,0.6872,0,7,2254.2255927046645,2113.749401030516,5.518066114997633,False,False,False,False,False,False,False,False,False,False,False,False,False,False,False,False,False,True,False,False,False,2068.7312,161.6562893128712,3
2023-08-31,2262.1185284586263,281.0,0.2789943227899494,51433.0,0.6872,0,8,2230.387490484746,2107.614521770407,7.330752615921199,False,False,False,False,False,False,False,False,False,False,False,False,False,False,False,False,False,True,False,False,False,2103.967,158.15148744300132,3
2023-09-30,2263.4157458428253,286.0,0.53217301284334,51433.0,0.6872,0,9,2262.1185284586263,2052.590840568695,10.271160774337208,False,False,False,False,False,False,False,False,False,False,False,False,False,False,False,False,False,True,False,False,False,2131.8809,131.53488646782534,3
2023-10-31,2342.6357064343715,283.0,0.859197760293462,51433.0,0.6872,0,10,2263.4157458428253,2066.69962790106,13.351532792094822,False,False,False,False,False,False,False,False,False,False,False,False,False,False,False,False,False,True,False,False,False,2178.2712,164.3644661999965,3
2023-11-30,2330.4876261050645,270.0,0.5695142378559392,51433.0,0.6872,0,11,2342.6357064343715,2116.021582936281,10.135342895282818,False,False,False,False,False,False,False,False,False,False,False,False,False,False,False,False,False,True,False,False,False,2149.1233,181.36433508943946,3
2023-12-31,2347.683109638009,257.0,0.420354684178803,51433.0,0.6872,0,12,2330.4876261050645,2207.430105771435,6.3536781300515655,False,False,False,False,False,False,False,False,False,False,False,False,False,False,False,False,False,True,False,False,False,2103.0354,244.64770924738377,3
2023-01-31,2780.8769334028625,755.0,-2.199039208536135,67263.41,0.663,0,1,2807.0384090479724,2584.0242858238175,7.618064917539513,False,False,False,False,False,False,False,False,False,False,False,False,False,False,False,False,False,False,True,False,False,2609.6353,171.2416794966125,3
2023-02-28,2775.8900599698445,696.0,0.5495574360470767,67263.41,0.663,0,2,2780.8769334028625,2620.430271483742,5.93260542659193,False,False,False,False,False,False,False,False,False,False,False,False,False,False,False,False,False,False,True,False,False,2606.6836,169.20646621984451,3
2023-03-31,2775.060465473533,705.0,0.0225715437323525,67263.41,0.663,0,3,2775.8900599698445,2623.41881854841,5.780306440320104,False,False,False,False,False,False,False,False,False,False,False,False,False,False,False,False,False,False,True,False,False,2592.857,182.203531879783,3
2023-04-30,2808.82374106498,688.0,0.1144441399764772,67263.41,0.663,0,4,2775.060465473533,2631.8516763896805,6.7242415772482245,False,False,False,False,False,False,False,False,False,False,False,False,False,False,False,False,False,False,True,False,False,2637.6995,171.1242781743549,3
2023-05-31,2806.9349304385146,625.0,0.4685235871840332,67263.41,0.663,0,5,2808.82374106498,2671.396691135965,5.0736844794441405,False,False,False,False,False,False,False,False,False,False,False,False,False,False,False,False,False,False,True,False,False,2594.482,212.45299684476458,3
2023-06-30,2800.2797262249305,602.0,-0.3124949920674358,67263.41,0.663,0,6,2806.9349304385146,2667.507161335763,4.977402378281948,False,False,False,False,False,False,False,False,False,False,False,False,False,False,False,False,False,False,True,False,False,2593.5735,206.70623989680553,3
2023-07-31,2792.1881488348317,588.0,-0.8938044561617953,67263.41,0.663,0,7,2800.2797262249305,2716.7843955031412,2.7754780046771454,False,False,False,False,False,False,False,False,False,False,False,False,False,False,False,False,False,False,True,False,False,2571.7188,220.46939883483174,3
2023-08-31,2805.310115609297,611.0,0.2789943227899494,67263.41,0.663,0,8,2792.1881488348317,2723.9077155418354,2.9884419212516944,False,False,False,False,False,False,False,False,False,False,False,False,False,False,False,False,False,False,True,False,False,2583.6338,221.6763265467971,3
2023-09-30,2812.433656624356,606.0,0.53217301284334,67263.41,0.663,0,9,2805.310115609297,2738.6196580255755,2.695299377643301,False,False,False,False,False,False,False,False,False,False,False,False,False,False,False,False,False,False,True,False,False,2594.483,217.950746468106,3
2023-10-31,2824.299796561379,616.0,0.859197760293462,67263.41,0.663,0,10,2812.433656624356,2748.91511112984,2.7423431566264256,False,False,False,False,False,False,False,False,False,False,False,False,False,False,False,False,False,False,True,False,False,2606.4114,217.88841960825403,3
2023-11-30,2827.6624082580374,626.0,0.5695142378559392,67263.41,0.663,0,11,2824.299796561379,2777.0236628572093,1.8234898779626365,False,False,False,False,False,False,False,False,False,False,False,False,False,False,False,False,False,False,True,False,False,2597.7065,229.95586528928743,3
2023-12-31,2827.669943742879,612.0,0.420354684178803,67263.41,0.663,0,12,2827.6624082580374,2807.0384090479724,0.7349929601392136,False,False,False,False,False,False,False,False,False,False,False,False,False,False,False,False,False,False,True,False,False,2571.844,255.8259496022538,3
2023-01-31,3060.113221068156,389.0,-2.199039208536135,99086.15,0.7213,0,1,3062.3846150829904,2950.5384198946676,3.713722228955074,False,False,False,False,False,False,False,False,False,False,False,False,False,False,False,False,False,False,False,True,False,2915.5781,144.53509606815578,3
2023-02-28,3094.076468926901,357.0,0.5495574360470767,99086.15,0.7213,0,2,3060.113221068156,2981.9648735662568,3.7596551305637993,False,False,False,False,False,False,False,False,False,False,False,False,False,False,False,False,False,False,False,True,False,2927.4646,166.61186931752582,3
2023-03-31,3111.9708776766647,379.0,0.0225715437323525,99086.15,0.7213,0,3,3094.076468926901,3000.843079509488,3.70321923615351,False,False,False,False,False,False,False,False,False,False,False,False,False,False,False,False,False,False,False,True,False,2940.934,171.0367956454147,3
2023-04-30,3131.234283446348,382.0,0.1144441399764772,99086.15,0.7213,0,4,3111.9708776766647,3011.3905264315717,3.97968167738072,False,False,False,False,False,False,False,False,False,False,False,False,False,False,False,False,False,False,False,True,False,2946.4844,184.74990844634794,3
2023-05-31,3136.8140939884315,422.0,0.4685235871840332,99086.15,0.7213,0,5,3131.234283446348,3007.0683669010514,4.314691628414491,False,False,False,False,False,False,False,False,False,False,False,False,False,False,False,False,False,False,False,True,False,2963.9456,172.86853734780652,3
2023-06-30,3126.9194938759274,463.0,-0.3124949920674358,99086.15,0.7213,0,6,3136.8140939884315,3027.2317403286497,3.2930334410557816,False,False,False,False,False,False,False,False,False,False,False,False,False,False,False,False,False,False,False,True,False,2958.8582,168.0613395790524,3
2023-07-31,3138.5152058929616,466.0,-0.8938044561617953,99086.15,0.7213,0,7,3126.9194938759274,3063.8247915257516,2.4378161105620855,False,False,False,False,False,False,False,False,False,False,False,False,False,False,False,False,False,False,False,True,False,2976.179,162.3362508148366,3
2023-08-31,3124.9106963896384,487.0,0.2789943227899494,99086.15,0.7213,0,8,3138.5152058929616,3073.7543333690155,1.6642957592694962,False,False,False,False,False,False,False,False,False,False,False,False,False,False,False,False,False,False,False,True,False,2960.1167,164.79399717088836,3
2023-09-30,3124.680029321628,471.0,0.53217301284334,99086.15,0.7213,0,9,3124.9106963896384,3067.5632385526615,1.861959683540726,False,False,False,False,False,False,False,False,False,False,False,False,False,False,False,False,False,False,False,True,False,2969.7166,154.9634765872529,3
2023-10-31,3116.8276252305714,498.0,0.859197760293462,99086.15,0.7213,0,10,3124.680029321628,3061.875704825795,1.79471427655169,False,False,False,False,False,False,False,False,False,False,False,False,False,False,False,False,False,False,False,True,False,2979.0725,137.75511546494636,3
2023-11-30,3102.78956050582,469.0,0.5695142378559392,99086.15,0.7213,0,11,3116.8276252305714,3057.283840733396,1.4884362114545358,False,False,False,False,False,False,False,False,False,False,False,False,False,False,False,False,False,False,False,True,False,2983.5327,119.25684566207019,3
2023-12-31,3099.3163877315283,427.0,0.420354684178803,99086.15,0.7213,0,12,3102.78956050582,3062.3846150829904,1.2059808708102748,False,False,False,False,False,False,False,False,False,False,False,False,False,False,False,False,False,False,False,True,False,2974.5908,124.72556741902827,3
2023-01-31,3684.0508380236174,186.0,-2.199039208536135,79994.0,0.6785,0,1,3681.325572251314,3508.330209839883,5.008668445486886,False,False,False,False,False,False,False,False,False,False,False,False,False,False,False,False,False,False,False,False,True,3555.692,128.35894349236742,3
2023-02-28,3705.374068280854,186.0,0.5495574360470767,79994.0,0.6785,0,2,3684.0508380236174,3530.192822233535,4.96237046724497,False,False,False,False,False,False,False,False,False,False,False,False,False,False,False,False,False,False,False,False,True,3607.195,98.17899992147886,3
2023-03-31,3770.8170142464264,191.0,0.0225715437323525,79994.0,0.6785,0,3,3705.374068280854,3568.0393240785147,5.683168590645549,False,False,False,False,False,False,False,False,False,False,False,False,False,False,False,False,False,False,False,False,True,3619.5542,151.26281502767642,3
2023-04-30,3782.3157549533826,207.0,0.1144441399764772,79994.0,0.6785,0,4,3770.8170142464264,3620.800896465921,4.460749516636153,False,False,False,False,False,False,False,False,False,False,False,False,False,False,False,False,False,False,False,False,True,3627.8408,154.47493464088257,3
2023-05-31,3793.3353517897976,223.0,0.4685235871840332,79994.0,0.6785,0,5,3782.3157549533826,3675.7793760632953,3.1981238180949445,False,False,False,False,False,False,False,False,False,False,False,False,False,False,False,False,False,False,False,False,True,3579.4333,213.90200218042264,3
2023-06-30,3785.8712255426167,239.0,-0.3124949920674358,79994.0,0.6785,0,6,3793.3353517897976,3710.5805581127584,2.0290805239423726,False,False,False,False,False,False,False,False,False,False,False,False,False,False,False,False,False,False,False,False,True,3525.2769,260.5943700738667,3
2023-07-31,3784.625339584368,251.0,-0.8938044561617953,79994.0,0.6785,0,7,3785.8712255426167,3735.777003175526,1.307581698996474,False,False,False,False,False,False,False,False,False,False,False,False,False,False,False,False,False,False,False,False,True,3523.123,261.5022927093678,3
2023-08-31,3776.432272575177,272.0,0.2789943227899494,79994.0,0.6785,0,8,3784.625339584368,3765.960646507112,0.2780598909809972,False,False,False,False,False,False,False,False,False,False,False,False,False,False,False,False,False,False,False,False,True,3512.8843,263.5479952314272,3
2023-09-30,3761.102533988785,274.0,0.53217301284334,79994.0,0.6785,0,9,3776.432272575177,3765.3217548603857,-0.1120547232425606,False,False,False,False,False,False,False,False,False,False,False,False,False,False,False,False,False,False,False,False,True,3510.9724,250.13012187941013,3
2023-10-31,3775.343043861589,263.0,0.859197760293462,79994.0,0.6785,0,10,3761.102533988785,3760.3860009087743,0.3977528623178683,False,False,False,False,False,False,False,False,False,False,False,False,False,False,False,False,False,False,False,False,True,3514.3027,261.0403094865892,3
2023-11-30,3771.73594790105,250.0,0.5695142378559392,79994.0,0.6785,0,11,3775.343043861589,3712.0332439736785,1.6083558525316732,False,False,False,False,False,False,False,False,False,False,False,False,False,False,False,False,False,False,False,False,True,3507.309,264.42686586980017,3
2023-12-31,3783.2070304066456,223.0,0.420354684178803,79994.0,0.6785,0,12,3771.73594790105,3681.325572251314,2.767520996330286,False,False,False,False,False,False,False,False,False,False,False,False,False,False,False,False,False,False,False,False,True,3523.419,259.7880850941456,3
2024-01-31,6853.813055833017,154.0,-1.123098551502988,167909.19,0.3828,0,1,6890.400888185774,6608.856166066006,3.7064944918119513,False,False,False,False,False,False,False,False,False,False,False,False,False,False,False,False,False,False,False,False,False,6816.543,37.27008708301673,4
2024-02-29,6891.078401844294,142.0,0.2044859096427709,167909.19,0.3828,0,2,6853.813055833017,6832.875798941626,0.851802441831051,False,False,False,False,False,False,False,False,False,False,False,False,False,False,False,False,False,False,False,False,False,6756.689,134.3894370005437,4
2024-03-31,7033.620224720109,144.0,0.1004400229577262,167909.19,0.3828,0,3,6891.078401844294,6877.871328408235,2.2644927314730667,False,False,False,False,False,False,False,False,False,False,False,False,False,False,False,False,False,False,False,False,False,6803.8774,229.74278331385904,4
2024-04-30,7097.568154062814,150.0,-0.0525586506760933,167909.19,0.3828,0,4,7033.620224720109,6783.20654427167,4.634410108838827,False,False,False,False,False,False,False,False,False,False,False,False,False,False,False,False,False,False,False,False,False,6845.9062,251.66190406281385,4
2024-05-31,7258.3126550223,159.0,0.1099531503967909,167909.19,0.3828,0,5,7097.568154062814,6747.903675923142,7.5639636191062065,False,False,False,False,False,False,False,False,False,False,False,False,False,False,False,False,False,False,False,False,False,6833.6636,424.6490808035496,4
2024-06-30,7338.785359152478,168.0,-0.6287506168123125,167909.19,0.3828,0,6,7258.3126550223,6783.805810051977,8.180946870238447,False,False,False,False,False,False,False,False,False,False,False,False,False,False,False,False,False,False,False,False,False,6866.734,472.0514724337281,4
2024-07-31,7451.771908960451,157.0,-0.2899340039725806,167909.19,0.3828,0,7,7338.785359152478,6902.6149176435265,7.95578194450981,False,False,False,False,False,False,False,False,False,False,False,False,False,False,False,False,False,False,False,False,False,6905.792,545.9799167729507,4
2024-08-31,7314.726768535875,158.0,0.2811380468135116,167909.19,0.3828,0,8,7451.771908960451,6901.230153859917,5.991636352610064,False,False,False,False,False,False,False,False,False,False,False,False,False,False,False,False,False,False,False,False,False,6909.6504,405.0763779108747,4
2024-09-30,7337.097546770253,157.0,0.437345807567846,167909.19,0.3828,0,9,7314.726768535875,7026.903600335141,4.414376005105813,False,False,False,False,False,False,False,False,False,False,False,False,False,False,False,False,False,False,False,False,False,6933.338,403.75965614525285,4
2024-10-31,7346.495634640109,154.0,1.4371161974639168,167909.19,0.3828,0,10,7337.097546770253,7076.799485324742,3.810990404272996,False,False,False,False,False,False,False,False,False,False,False,False,False,False,False,False,False,False,False,False,False,6974.907,371.5884080776086,4
2024-11-30,7461.745711156686,143.0,0.5173281338448854,167909.19,0.3828,0,11,7346.495634640109,6987.181973922573,6.7919189596789,False,False,False,False,False,False,False,False,False,False,False,False,False,False,False,False,False,False,False,False,False,6949.248,512.4976642816864,4
2024-12-31,7248.158584884635,142.0,-0.5756746186937889,167909.19,0.3828,0,12,7461.745711156686,6890.400888185774,5.19211730209006,False,False,False,False,False,False,False,False,False,False,False,False,False,False,False,False,False,False,False,False,False,6926.7153,321.4432528533853,4
2024-01-31,2352.9453186923447,154.0,-1.123098551502988,56305.41,0.7812,0,1,2319.904648116541,2141.6131183983784,9.867898103463824,True,False,False,False,False,False,False,False,False,False,False,False,False,False,False,False,False,False,False,False,False,2116.7993,236.1460022860947,4
2024-02-29,2290.658917838565,133.0,0.2044859096427709,56305.41,0.7812,0,2,2352.9453186923447,2138.1609937078206,7.132200268338784,True,False,False,False,False,False,False,False,False,False,False,False,False,False,False,False,False,False,False,False,False,2075.7678,214.89109557293978,4
2024-03-31,2241.003201613046,141.0,0.1004400229577262,56305.41,0.7812,0,3,2290.658917838565,2123.824025615749,5.517367474140111,True,False,False,False,False,False,False,False,False,False,False,False,False,False,False,False,False,False,False,False,False,2124.7705,116.2326938005458,4
2024-04-30,2250.1397490745267,155.0,-0.0525586506760933,56305.41,0.7812,0,4,2241.003201613046,2143.2450834820543,4.987514793166081,True,False,False,False,False,False,False,False,False,False,False,False,False,False,False,False,False,False,False,False,False,2156.258,93.88169243390166,4
2024-05-31,2284.86385688094,156.0,0.1099531503967909,56305.41,0.7812,0,5,2250.1397490745267,2181.411494689336,4.742450585020741,True,False,False,False,False,False,False,False,False,False,False,False,False,False,False,False,False,False,False,False,False,2164.339,120.52474555281515,4
2024-06-30,2335.921582836153,166.0,-0.6287506168123125,56305.41,0.7812,0,6,2284.86385688094,2139.537806472773,9.178794399858582,True,False,False,False,False,False,False,False,False,False,False,False,False,False,False,False,False,False,False,False,False,2180.041,155.880567211153,4
2024-07-31,2292.027363389391,199.0,-0.2899340039725806,56305.41,0.7812,0,7,2335.921582836153,2136.95335508915,7.256780216139602,True,False,False,False,False,False,False,False,False,False,False,False,False,False,False,False,False,False,False,False,False,2189.8752,102.15211924876621,4
2024-08-31,2279.732460433327,204.0,0.2811380468135116,56305.41,0.7812,0,8,2292.027363389391,2172.5266179048995,4.934615835998946,True,False,False,False,False,False,False,False,False,False,False,False,False,False,False,False,False,False,False,False,False,2180.4292,99.3032612145771,4
2024-09-30,2265.9242237048297,203.0,0.437345807567846,56305.41,0.7812,0,9,2279.732460433327,2213.1610786517003,2.3840625773734248,True,False,False,False,False,False,False,False,False,False,False,False,False,False,False,False,False,False,False,False,False,2208.3977,57.52651862670473,4
2024-10-31,2240.7826044699837,204.0,1.4371161974639168,56305.41,0.7812,0,10,2265.9242237048297,2216.94641089298,1.0751813151587353,True,False,False,False,False,False,False,False,False,False,False,False,False,False,False,False,False,False,False,False,False,2168.9392,71.84339548560865,4
2024-11-30,2268.9415365073587,212.0,0.5173281338448854,56305.41,0.7812,0,11,2240.7826044699837,2273.0857350472,-0.1823159802529561,True,False,False,False,False,False,False,False,False,False,False,False,False,False,False,False,False,False,False,False,False,2176.017,92.9244466636087,4
2024-12-31,2296.0972780474845,213.0,-0.5756746186937889,56305.41,0.7812,0,12,2268.9415365073587,2319.904648116541,-1.0262219220253277,True,False,False,False,False,False,False,False,False,False,False,False,False,False,False,False,False,False,False,False,False,2155.71,140.38731710998445,4
2024-01-31,3763.096237571722,490.0,-1.123098551502988,169898.0,0.473,0,1,3753.154322557541,3663.315374776227,2.7237857674645483,False,True,False,False,False,False,False,False,False,False,False,False,False,False,False,False,False,False,False,False,False,3651.0156,112.08061257172221,4
2024-02-29,3802.016837592126,445.0,0.2044859096427709,169898.0,0.473,0,2,3763.096237571722,3669.1566014852183,3.621002059523115,False,True,False,False,False,False,False,False,False,False,False,False,False,False,False,False,False,False,False,False,False,3645.0005,157.0163493108762,4
2024-03-31,3777.414573834712,443.0,0.1004400229577262,169898.0,0.473,0,3,3802.016837592126,3678.411271995236,2.6914690750655224,False,True,False,False,False,False,False,False,False,False,False,False,False,False,False,False,False,False,False,False,False,3655.9421,121.47243516283697,4
2024-04-30,3796.015758311913,439.0,-0.0525586506760933,169898.0,0.473,0,4,3777.414573834712,3631.0616873869417,4.54286060459852,False,True,False,False,False,False,False,False,False,False,False,False,False,False,False,False,False,False,False,False,False,3671.646,124.36976221816303,4
2024-05-31,3826.5048799675337,450.0,0.1099531503967909,169898.0,0.473,0,5,3796.015758311913,3666.67052950579,4.3591140566231035,False,True,False,False,False,False,False,False,False,False,False,False,False,False,False,False,False,False,False,False,False,3676.5295,149.97533895190872,4
2024-06-30,3798.287684922525,460.0,-0.6287506168123125,169898.0,0.473,0,6,3826.5048799675337,3704.3195208026577,2.536718649462122,False,True,False,False,False,False,False,False,False,False,False,False,False,False,False,False,False,False,False,False,False,3694.7373,103.55038023502493,4
2024-07-31,3804.846164930029,481.0,-0.2899340039725806,169898.0,0.473,0,7,3798.287684922525,3750.666562056793,1.4445326444461282,False,True,False,False,False,False,False,False,False,False,False,False,False,False,False,False,False,False,False,False,False,3668.9905,135.85568641440386,4
2024-08-31,3822.103258745948,519.0,0.2811380468135116,169898.0,0.473,0,8,3804.846164930029,3766.4004652794497,1.478939745786323,False,True,False,False,False,False,False,False,False,False,False,False,False,False,False,False,False,False,False,False,False,3679.4963,142.6069208553231,4
2024-09-30,3859.965703085895,533.0,0.437345807567846,169898.0,0.473,0,9,3822.103258745948,3754.196103937899,2.817370116522433,False,True,False,False,False,False,False,False,False,False,False,False,False,False,False,False,False,False,False,False,False,3738.411,121.5548144140198,4
2024-10-31,3855.492811107409,534.0,1.4371161974639168,169898.0,0.473,0,10,3859.965703085895,3771.66099129456,2.2226764284049683,False,True,False,False,False,False,False,False,False,False,False,False,False,False,False,False,False,False,False,False,False,3714.448,141.04481306053412,4
2024-11-30,3803.711627608961,513.0,0.5173281338448854,169898.0,0.473,0,11,3855.492811107409,3725.922227663339,2.0877891483635835,False,True,False,False,False,False,False,False,False,False,False,False,False,False,False,False,False,False,False,False,False,3660.5945,143.11714518708595,4
2024-12-31,3799.869810242689,505.0,-0.5756746186937889,169898.0,0.473,0,12,3803.711627608961,3753.154322557541,1.2446993560689457,False,True,False,False,False,False,False,False,False,False,False,False,False,False,False,False,False,False,False,False,False,3655.9177,143.9520856333138,4
2024-01-31,3094.158739259275,77.0,-1.123098551502988,113310.09,0.4803,0,1,3108.629674164341,3075.479006597723,0.6073763671115673,False,False,True,False,False,False,False,False,False,False,False,False,False,False,False,False,False,False,False,False,False,3067.82,26.33867089990008,4
2024-02-29,3152.8963606458897,75.0,0.2044859096427709,113310.09,0.4803,0,2,3094.158739259275,3104.7114194070327,1.5519942026708478,False,False,True,False,False,False,False,False,False,False,False,False,False,False,False,False,False,False,False,False,False,3100.3293,52.56701494276467,4
2024-03-31,3225.451527491306,89.0,0.1004400229577262,113310.09,0.4803,0,3,3152.8963606458897,3156.342028391979,2.189544050602632,False,False,True,False,False,False,False,False,False,False,False,False,False,False,False,False,False,False,False,False,False,3144.356,81.09557046005602,4
2024-04-30,3246.128008784071,83.0,-0.0525586506760933,113310.09,0.4803,0,4,3225.451527491306,3165.44024270078,2.5490219336583575,False,False,True,False,False,False,False,False,False,False,False,False,False,False,False,False,False,False,False,False,False,3138.547,107.58088964344597,4
2024-05-31,3246.88216187527,89.0,0.1099531503967909,113310.09,0.4803,0,5,3246.128008784071,3172.861676064267,2.3329250805166124,False,False,True,False,False,False,False,False,False,False,False,False,False,False,False,False,False,False,False,False,False,3170.5146,76.36751343776996,4
2024-06-30,3255.9987802448395,91.0,-0.6287506168123125,113310.09,0.4803,0,6,3246.88216187527,3167.545603934899,2.7924831200554445,False,False,True,False,False,False,False,False,False,False,False,False,False,False,False,False,False,False,False,False,False,3172.9177,83.08105563546451,4
2024-07-31,3281.270538403065,96.0,-0.2899340039725806,113310.09,0.4803,0,7,3255.9987802448395,3167.477552295618,3.5925427798209952,False,False,True,False,False,False,False,False,False,False,False,False,False,False,False,False,False,False,False,False,False,3178.4822,102.78836066869007,4
2024-08-31,3262.585128053902,99.0,0.2811380468135116,113310.09,0.4803,0,8,3281.270538403065,3202.6282335609803,1.872115341537972,False,False,True,False,False,False,False,False,False,False,False,False,False,False,False,False,False,False,False,False,False,3176.3506,86.23454211640183,4
2024-09-30,3251.0028923357895,93.0,0.437345807567846,113310.09,0.4803,0,9,3262.585128053902,3222.6924515857436,0.8784716871172549,False,False,True,False,False,False,False,False,False,False,False,False,False,False,False,False,False,False,False,False,False,3156.6914,94.31148608578951,4
2024-10-31,3246.680886275749,106.0,1.4371161974639168,113310.09,0.4803,0,10,3251.0028923357895,3220.2741647495513,0.8200146998431412,False,False,True,False,False,False,False,False,False,False,False,False,False,False,False,False,False,False,False,False,False,3137.3164,109.36448002574889,4
2024-11-30,3260.3786573882217,99.0,0.5173281338448854,113310.09,0.4803,0,11,3246.680886275749,3165.2739752620337,3.0046271782307565,False,False,True,False,False,False,False,False,False,False,False,False,False,False,False,False,False,False,False,False,False,3177.0789,83.29979996634665,4
2024-12-31,3256.9040911623333,95.0,-0.5756746186937889,113310.09,0.4803,0,12,3260.3786573882217,3108.629674164341,4.769767792873281,False,False,True,False,False,False,False,False,False,False,False,False,False,False,False,False,False,False,False,False,False,3163.5176,93.38651303733332,4
2024-01-31,2506.6798083220024,74.0,-1.123098551502988,57165.85,0.9323,0,1,2496.929056253853,2617.81078940254,-4.245187678590822,False,False,False,True,False,False,False,False,False,False,False,False,False,False,False,False,False,False,False,False,False,2536.9492,-30.269410427997627,4
2024-02-29,2529.762735246027,67.0,0.2044859096427709,57165.85,0.9323,0,2,2506.6798083220024,2617.8420704121063,-3.3645778773894297,False,False,False,True,False,False,False,False,False,False,False,False,False,False,False,False,False,False,False,False,False,2586.333,-56.570272566472795,4
2024-03-31,2556.899686746101,65.0,0.1004400229577262,57165.85,0.9323,0,3,2529.762735246027,2633.693713763048,-2.9158298330455024,False,False,False,True,False,False,False,False,False,False,False,False,False,False,False,False,False,False,False,False,False,2603.8198,-46.920137472649,4
2024-04-30,2570.7123111956166,62.0,-0.0525586506760933,57165.85,0.9323,0,4,2556.899686746101,2640.362276428245,-2.637894271343988,False,False,False,True,False,False,False,False,False,False,False,False,False,False,False,False,False,False,False,False,False,2625.091,-54.37875325750838,4
2024-05-31,2580.399780297458,62.0,0.1099531503967909,57165.85,0.9323,0,5,2570.7123111956166,2651.494454840615,-2.6813057976932675,False,False,False,True,False,False,False,False,False,False,False,False,False,False,False,False,False,False,False,False,False,2626.9272,-46.527465796291835,4
2024-06-30,2592.7865570031904,60.0,-0.6287506168123125,57165.85,0.9323,0,6,2580.399780297458,2637.0967546634233,-1.6802643885505897,False,False,False,True,False,False,False,False,False,False,False,False,False,False,False,False,False,False,False,False,False,2631.2012,-38.41461487180959,4
2024-07-31,2602.95281936464,55.0,-0.2899340039725806,57165.85,0.9323,0,7,2592.7865570031904,2624.2829657967036,-0.8127990277751129,False,False,False,True,False,False,False,False,False,False,False,False,False,False,False,False,False,False,False,False,False,2645.5452,-42.59234665098484,4
2024-08-31,2597.5070611645115,57.0,0.2811380468135116,57165.85,0.9323,0,8,2602.95281936464,2602.0216876406225,-0.1735045675274382,False,False,False,True,False,False,False,False,False,False,False,False,False,False,False,False,False,False,False,False,False,2614.4526,-16.94557555423853,4
2024-09-30,2584.8193063475824,60.0,0.437345807567846,57165.85,0.9323,0,9,2597.5070611645115,2578.756649063352,0.2351000155998539,False,False,False,True,False,False,False,False,False,False,False,False,False,False,False,False,False,False,False,False,False,2635.9026,-51.08328154304263,4
2024-10-31,2574.1432669806454,59.0,1.4371161974639168,57165.85,0.9323,0,10,2584.8193063475824,2546.23822931615,1.095931925897986,False,False,False,True,False,False,False,False,False,False,False,False,False,False,False,False,False,False,False,False,False,2620.9873,-46.84403770685458,4
2024-11-30,2570.6708456998895,55.0,0.5173281338448854,57165.85,0.9323,0,11,2574.1432669806454,2512.088875125936,2.332002309075021,False,False,False,True,False,False,False,False,False,False,False,False,False,False,False,False,False,False,False,False,False,2656.8416,-86.17070703448553,4
2024-12-31,2550.7479701055795,54.0,-0.5756746186937889,57165.85,0.9323,0,12,2570.6708456998895,2496.929056253853,2.1554042040934585,False,False,False,True,False,False,False,False,False,False,False,False,False,False,False,False,False,False,False,False,False,2645.5881,-94.8401646600455,4
2024-01-31,2371.139941908846,205.0,-1.123098551502988,56417.0,0.7701,0,1,2375.1750233052653,2253.2147001708595,5.2336442563171826,False,False,False,False,True,False,False,False,False,False,False,False,False,False,False,False,False,False,False,False,False,2244.4023,126.73759815884614,4
2024-02-29,2369.387873357645,184.0,0.2044859096427709,56417.0,0.7701,0,2,2371.139941908846,2227.921152193115,6.34971848197019,False,False,False,False,True,False,False,False,False,False,False,False,False,False,False,False,False,False,False,False,False,2208.879,160.50896710764482,4
2024-03-31,2342.4549761126664,191.0,0.1004400229577262,56417.0,0.7701,0,3,2369.387873357645,2203.292470012878,6.316115903531183,False,False,False,False,True,False,False,False,False,False,False,False,False,False,False,False,False,False,False,False,False,2244.9385,97.51649955016637,4
2024-04-30,2390.6079546742253,171.0,-0.0525586506760933,56417.0,0.7701,0,4,2342.4549761126664,2252.048212409911,6.152609944173526,False,False,False,False,True,False,False,False,False,False,False,False,False,False,False,False,False,False,False,False,False,2293.7095,96.89848201797531,4
2024-05-31,2432.878577977486,169.0,0.1099531503967909,56417.0,0.7701,0,5,2390.6079546742253,2251.043465987283,8.077814344222457,False,False,False,False,True,False,False,False,False,False,False,False,False,False,False,False,False,False,False,False,False,2315.15,117.7286756337362,4
2024-06-30,2488.2808114224354,174.0,-0.6287506168123125,56417.0,0.7701,0,6,2432.878577977486,2278.9931325805665,9.183339600715978,False,False,False,False,True,False,False,False,False,False,False,False,False,False,False,False,False,False,False,False,False,2317.0088,171.27202235993536,4
2024-07-31,2431.8420193924735,165.0,-0.2899340039725806,56417.0,0.7701,0,7,2488.2808114224354,2284.222135845565,6.46258878374204,False,False,False,False,True,False,False,False,False,False,False,False,False,False,False,False,False,False,False,False,False,2324.293,107.5490506424735,4
2024-08-31,2381.64440596149,185.0,0.2811380468135116,56417.0,0.7701,0,8,2431.8420193924735,2329.6743790920027,2.230785011669445,False,False,False,False,True,False,False,False,False,False,False,False,False,False,False,False,False,False,False,False,False,2237.1658,144.47863447711507,4
2024-09-30,2381.2364756802726,185.0,0.437345807567846,56417.0,0.7701,0,9,2381.64440596149,2328.234603325542,2.276483318262912,False,False,False,False,True,False,False,False,False,False,False,False,False,False,False,False,False,False,False,False,False,2244.6082,136.62832138339763,4
2024-10-31,2431.7851338024375,200.0,1.4371161974639168,56417.0,0.7701,0,10,2381.2364756802726,2345.502811554959,3.67862796081142,False,False,False,False,True,False,False,False,False,False,False,False,False,False,False,False,False,False,False,False,False,2243.4512,188.33396192743749,4
2024-11-30,2468.3386317255745,193.0,0.5173281338448854,56417.0,0.7701,0,11,2431.7851338024375,2358.843332463292,4.641906385022132,False,False,False,False,True,False,False,False,False,False,False,False,False,False,False,False,False,False,False,False,False,2269.446,198.8925868036995,4
2024-12-31,2478.859821737707,201.0,-0.5756746186937889,56417.0,0.7701,0,12,2468.3386317255745,2375.1750233052653,4.365354022970291,False,False,False,False,True,False,False,False,False,False,False,False,False,False,False,False,False,False,False,False,False,2267.6355,211.22432369083208,4
2024-01-31,2703.989538118381,448.0,-1.123098551502988,92903.0,0.5307,0,1,2743.02746443446,2629.875350788236,2.818163503754323,False,False,False,False,False,True,False,False,False,False,False,False,False,False,False,False,False,False,False,False,False,2630.4187,73.570836946506,4
2024-02-29,2704.0626051523295,437.0,0.2044859096427709,92903.0,0.5307,0,2,2703.989538118381,2631.7465170127043,2.747836376799362,False,False,False,False,False,True,False,False,False,False,False,False,False,False,False,False,False,False,False,False,False,2638.6199,65.44273210545452,4
2024-03-31,2726.3490651029165,431.0,0.1004400229577262,92903.0,0.5307,0,3,2704.0626051523295,2637.122836080721,3.3834688244861244,False,False,False,False,False,True,False,False,False,False,False,False,False,False,False,False,False,False,False,False,False,2681.6477,44.701360024791484,4
2024-04-30,2786.105275888815,382.0,-0.0525586506760933,92903.0,0.5307,0,4,2726.3490651029165,2660.790990748972,4.709662862492214,False,False,False,False,False,True,False,False,False,False,False,False,False,False,False,False,False,False,False,False,False,2666.668,119.43730713881496,4
2024-05-31,2765.141135768459,409.0,0.1099531503967909,92903.0,0.5307,0,5,2786.105275888815,2698.171124794828,2.4820520225055764,False,False,False,False,False,True,False,False,False,False,False,False,False,False,False,False,False,False,False,False,False,2682.2532,82.88796194033421,4
2024-06-30,2756.84377828888,420.0,-0.6287506168123125,92903.0,0.5307,0,6,2765.141135768459,2662.303112611173,3.5510857208509883,False,False,False,False,False,True,False,False,False,False,False,False,False,False,False,False,False,False,False,False,False,2684.1338,72.70998922638,4
2024-07-31,2768.7157584641595,456.0,-0.2899340039725806,92903.0,0.5307,0,7,2756.84377828888,2682.3797882220306,3.218633342721211,False,False,False,False,False,True,False,False,False,False,False,False,False,False,False,False,False,False,False,False,False,2690.961,77.75482096415953,4
2024-08-31,2786.9628713784705,458.0,0.2811380468135116,92903.0,0.5307,0,8,2768.7157584641595,2669.4538956476545,4.4019855867301505,False,False,False,False,False,True,False,False,False,False,False,False,False,False,False,False,False,False,False,False,False,2710.985,75.97776395659548,4
2024-09-30,2820.9699946076894,441.0,0.437345807567846,92903.0,0.5307,0,9,2786.9628713784705,2693.7764689038904,4.721755022069618,False,False,False,False,False,True,False,False,False,False,False,False,False,False,False,False,False,False,False,False,False,2724.8303,96.13967234206439,4
2024-10-31,2789.1941831361733,439.0,1.4371161974639168,92903.0,0.5307,0,10,2820.9699946076894,2697.629007995211,3.39428345667927,False,False,False,False,False,True,False,False,False,False,False,False,False,False,False,False,False,False,False,False,False,2702.4216,86.77255227679825,4
2024-11-30,2789.4863382745634,414.0,0.5173281338448854,92903.0,0.5307,0,11,2789.1941831361733,2733.395919763222,2.052041495554735,False,False,False,False,False,True,False,False,False,False,False,False,False,False,False,False,False,False,False,False,False,2680.8018,108.68458046206342,4
2024-12-31,2734.567205113612,432.0,-0.5756746186937889,92903.0,0.5307,0,12,2789.4863382745634,2743.02746443446,-0.3084278021471487,False,False,False,False,False,True,False,False,False,False,False,False,False,False,False,False,False,False,False,False,False,2638.556,96.01129691048709,4
2024-01-31,2256.1767472786705,288.0,-1.123098551502988,62655.0,0.831,0,1,2245.2481294670415,2257.25964186995,-0.0479738604807766,False,False,False,False,False,False,True,False,False,False,False,False,False,False,False,False,False,False,False,False,False,2211.813,44.36375899742052,4
2024-02-29,2232.532425207902,274.0,0.2044859096427709,62655.0,0.831,0,2,2256.1767472786705,2271.2628984447883,-1.7052395503579176,False,False,False,False,False,False,True,False,False,False,False,False,False,False,False,False,False,False,False,False,False,2199.6047,32.92768887977718,4
2024-03-31,2232.1385206715813,264.0,0.1004400229577262,62655.0,0.831,0,3,2232.532425207902,2295.162584514165,-2.7459520413855243,False,False,False,False,False,False,True,False,False,False,False,False,False,False,False,False,False,False,False,False,False,2216.055,16.08358903095632,4
2024-04-30,2219.243695989322,265.0,-0.0525586506760933,62655.0,0.831,0,4,2232.1385206715813,2290.667202542659,-3.118021966440887,False,False,False,False,False,False,True,False,False,False,False,False,False,False,False,False,False,False,False,False,False,2221.839,-2.5954153388029226,4
2024-05-31,2247.3678174357915,267.0,0.1099531503967909,62655.0,0.831,0,5,2219.243695989322,2290.317052944481,-1.875252836871344,False,False,False,False,False,False,True,False,False,False,False,False,False,False,False,False,False,False,False,False,False,2234.9553,12.412495170166494,4
2024-06-30,2243.674182389918,258.0,-0.6287506168123125,62655.0,0.831,0,6,2247.3678174357915,2269.9575026963316,-1.1578771970485624,False,False,False,False,False,False,True,False,False,False,False,False,False,False,False,False,False,False,False,False,False,2239.0564,4.61778590554286,4
2024-07-31,2261.497411595389,264.0,-0.2899340039725806,62655.0,0.831,0,7,2243.674182389918,2258.8173135228917,0.1186505015900341,False,False,False,False,False,False,True,False,False,False,False,False,False,False,False,False,False,False,False,False,False,2251.3535,10.143895970389167,4
2024-08-31,2241.123520549539,258.0,0.2811380468135116,62655.0,0.831,0,8,2261.497411595389,2269.4900045281715,-1.249905658189043,False,False,False,False,False,False,True,False,False,False,False,False,False,False,False,False,False,False,False,False,False,2236.2773,4.84617679953908,4
2024-09-30,2255.890808390815,254.0,0.437345807567846,62655.0,0.831,0,9,2241.123520549539,2278.1571713454787,-0.9773848457309552,False,False,False,False,False,False,True,False,False,False,False,False,False,False,False,False,False,False,False,False,False,2226.45,29.440857218939982,4
2024-10-31,2236.9636730018983,271.0,1.4371161974639168,62655.0,0.831,0,10,2255.890808390815,2258.6376577723477,-0.9596043303300772,False,False,False,False,False,False,True,False,False,False,False,False,False,False,False,False,False,False,False,False,False,2208.6973,28.266407376898314,4
2024-11-30,2239.5473082846106,252.0,0.5173281338448854,62655.0,0.831,0,11,2236.9636730018983,2248.8377687776547,-0.4131227526516401,False,False,False,False,False,False,True,False,False,False,False,False,False,False,False,False,False,False,False,False,False,2208.8823,30.664984065860608,4
2024-12-31,2211.224283879958,262.0,-0.5756746186937889,62655.0,0.831,0,12,2239.5473082846106,2245.2481294670415,-1.5153712919542597,False,False,False,False,False,False,True,False,False,False,False,False,False,False,False,False,False,False,False,False,False,2205.7058,5.518473333082966,4
2024-01-31,2686.698583995347,416.0,-1.123098551502988,94401.0,0.5354,0,1,2667.6796601136266,2635.039835904211,1.9604541603982728,False,False,False,False,False,False,False,True,False,False,False,False,False,False,False,False,False,False,False,False,False,2637.202,49.49667969847178,4
2024-02-29,2696.9984042951437,378.0,0.2044859096427709,94401.0,0.5354,0,2,2686.698583995347,2670.5159630869725,0.9916600976823452,False,False,False,False,False,False,False,True,False,False,False,False,False,False,False,False,False,False,False,False,False,2614.2192,82.7791660138937,4
2024-03-31,2715.746870433226,381.0,0.1004400229577262,94401.0,0.5354,0,3,2696.9984042951437,2642.58257107404,2.768666537047859,False,False,False,False,False,False,False,True,False,False,False,False,False,False,False,False,False,False,False,False,False,2654.9348,60.81205598010092,4
2024-04-30,2695.189420839079,390.0,-0.0525586506760933,94401.0,0.5354,0,4,2715.746870433226,2675.705991196391,0.728160332517569,False,False,False,False,False,False,False,True,False,False,False,False,False,False,False,False,False,False,False,False,False,2638.9294,56.25997747970405,4
2024-05-31,2716.848408924238,386.0,0.1099531503967909,94401.0,0.5354,0,5,2695.189420839079,2693.5584638395917,0.8646534091354852,False,False,False,False,False,False,False,True,False,False,False,False,False,False,False,False,False,False,False,False,False,2643.0154,73.8330280648629,4
2024-06-30,2721.6955880118744,404.0,-0.6287506168123125,94401.0,0.5354,0,6,2716.848408924238,2736.236037958876,-0.5314033491733428,False,False,False,False,False,False,False,True,False,False,False,False,False,False,False,False,False,False,False,False,False,2661.3499,60.345734496249406,4
2024-07-31,2739.9523637674256,428.0,-0.2899340039725806,94401.0,0.5354,0,7,2721.6955880118744,2732.9666507323573,0.2556091576600972,False,False,False,False,False,False,False,True,False,False,False,False,False,False,False,False,False,False,False,False,False,2663.7866,76.1657426736756,4
2024-08-31,2761.769637735208,452.0,0.2811380468135116,94401.0,0.5354,0,8,2739.9523637674256,2742.0672068500885,0.718524726013281,False,False,False,False,False,False,False,True,False,False,False,False,False,False,False,False,False,False,False,False,False,2675.9905,85.77915921958311,4
2024-09-30,2756.605579701037,455.0,0.437345807567846,94401.0,0.5354,0,9,2761.769637735208,2728.5793070021955,1.027137918510168,False,False,False,False,False,False,False,True,False,False,False,False,False,False,False,False,False,False,False,False,False,2675.6023,81.00328477916219,4
2024-10-31,2766.6996359264813,460.0,1.4371161974639168,94401.0,0.5354,0,10,2756.605579701037,2710.1239954831954,2.0875664928090787,False,False,False,False,False,False,False,True,False,False,False,False,False,False,False,False,False,False,False,False,False,2668.5828,98.11687225460628,4
2024-11-30,2769.9246854199782,478.0,0.5173281338448854,94401.0,0.5354,0,11,2766.6996359264813,2679.228899769549,3.385145093733133,False,False,False,False,False,False,False,True,False,False,False,False,False,False,False,False,False,False,False,False,False,2687.9316,81.99304479497823,4
2024-12-31,2754.7190903094324,450.0,-0.5756746186937889,94401.0,0.5354,0,12,2769.9246854199782,2667.6796601136266,3.262739207304177,False,False,False,False,False,False,False,True,False,False,False,False,False,False,False,False,False,False,False,False,False,2685.8213,68.89780124693243,4
2024-01-31,2441.112053775336,179.0,-1.123098551502988,53314.86,0.8997,0,1,2461.8956762467756,2478.1947515390534,-1.4963593051227186,False,False,False,False,False,False,False,False,True,False,False,False,False,False,False,False,False,False,False,False,False,2459.012,-17.89990911528912,4
2024-02-29,2421.406934215586,176.0,0.2044859096427709,53314.86,0.8997,0,2,2441.112053775336,2489.504023708986,-2.735367721637416,False,False,False,False,False,False,False,False,True,False,False,False,False,False,False,False,False,False,False,False,False,2458.9717,-37.56474547191419,4
2024-03-31,2441.723390534434,162.0,0.1004400229577262,53314.86,0.8997,0,3,2421.406934215586,2510.805339391621,-2.751386090087171,False,False,False,False,False,False,False,False,True,False,False,False,False,False,False,False,False,False,False,False,False,2483.9534,-42.2299786061908,4
2024-04-30,2468.595416064632,165.0,-0.0525586506760933,53314.86,0.8997,0,4,2441.723390534434,2537.003385676437,-2.69640829011214,False,False,False,False,False,False,False,False,True,False,False,False,False,False,False,False,False,False,False,False,False,2490.7695,-22.17411518536801,4
2024-05-31,2478.0641513795053,177.0,0.1099531503967909,53314.86,0.8997,0,5,2468.595416064632,2541.8791115305303,-2.5105426871618763,False,False,False,False,False,False,False,False,True,False,False,False,False,False,False,False,False,False,False,False,False,2494.7075,-16.643368151744653,4
2024-06-30,2469.7309279548267,187.0,-0.6287506168123125,53314.86,0.8997,0,6,2478.0641513795053,2546.4563958557696,-3.0130289301560365,False,False,False,False,False,False,False,False,True,False,False,False,False,False,False,False,False,False,False,False,False,2472.7515,-3.0205368889232886,4
2024-07-31,2459.108383088767,198.0,-0.2899340039725806,53314.86,0.8997,0,7,2469.7309279548267,2535.4140941274313,-3.0095956007898272,False,False,False,False,False,False,False,False,True,False,False,False,False,False,False,False,False,False,False,False,False,2480.9885,-21.880142301858086,4
2024-08-31,2472.6456856230925,196.0,0.2811380468135116,53314.86,0.8997,0,8,2459.108383088767,2528.2153969277647,-2.1979816819484355,False,False,False,False,False,False,False,False,True,False,False,False,False,False,False,False,False,False,False,False,False,2486.1992,-13.553533126907496,4
2024-09-30,2470.4226709022287,201.0,0.437345807567846,53314.86,0.8997,0,9,2472.6456856230925,2503.79402864553,-1.3328315892403575,False,False,False,False,False,False,False,False,True,False,False,False,False,False,False,False,False,False,False,False,False,2491.8708,-21.448178707146326,4
2024-10-31,2464.7960075843203,199.0,1.4371161974639168,53314.86,0.8997,0,10,2470.4226709022287,2483.716753059963,-0.761791595290906,False,False,False,False,False,False,False,False,True,False,False,False,False,False,False,False,False,False,False,False,False,2461.104,3.6920036780702503,4
2024-11-30,2437.4355488681726,190.0,0.5173281338448854,53314.86,0.8997,0,11,2464.7960075843203,2470.9900553972843,-1.3579377406161552,False,False,False,False,False,False,False,False,True,False,False,False,False,False,False,False,False,False,False,False,False,2459.9539,-22.518308553702354,4
2024-12-31,2398.5470187008136,187.0,-0.5756746186937889,53314.86,0.8997,0,12,2437.4355488681726,2461.8956762467756,-2.5731657989073953,False,False,False,False,False,False,False,False,True,False,False,False,False,False,False,False,False,False,False,False,False,2439.522,-40.974953955436376,4
2024-01-31,2219.4051997706124,285.0,-1.123098551502988,61822.0,0.6964,0,1,2140.438097179246,2103.819445730027,5.49409096275737,False,False,False,False,False,False,False,False,False,True,False,False,False,False,False,False,False,False,False,False,False,2095.824,123.5812251612374,4
2024-02-29,2225.354070100533,292.0,0.2044859096427709,61822.0,0.6964,0,2,2219.4051997706124,2075.906442165006,7.199150448209268,False,False,False,False,False,False,False,False,False,True,False,False,False,False,False,False,False,False,False,False,False,2093.474,131.87994900678314,4
2024-03-31,2230.4049117866875,298.0,0.1004400229577262,61822.0,0.6964,0,3,2225.354070100533,2065.347929599052,7.991727680462946,False,False,False,False,False,False,False,False,False,True,False,False,False,False,False,False,False,False,False,False,False,2088.814,141.59094694293753,4
2024-04-30,2172.1693180293505,282.0,-0.0525586506760933,61822.0,0.6964,0,4,2230.4049117866875,2065.12395011052,5.18348392178114,False,False,False,False,False,False,False,False,False,True,False,False,False,False,False,False,False,False,False,False,False,2098.6492,73.5201481074755,4
2024-05-31,2163.305515801167,292.0,0.1099531503967909,61822.0,0.6964,0,5,2172.1693180293505,2051.285725448517,5.460954998268552,False,False,False,False,False,False,False,False,False,True,False,False,False,False,False,False,False,False,False,False,False,2094.9922,68.31332830116708,4
2024-06-30,2193.1190206830324,278.0,-0.6287506168123125,61822.0,0.6964,0,6,2163.305515801167,2075.496760443095,5.66718592298967,False,False,False,False,False,False,False,False,False,True,False,False,False,False,False,False,False,False,False,False,False,2098.3508,94.76819060490743,4
2024-07-31,2217.3226499336915,270.0,-0.2899340039725806,61822.0,0.6964,0,7,2193.1190206830324,2081.548888966023,6.522727459700084,False,False,False,False,False,False,False,False,False,True,False,False,False,False,False,False,False,False,False,False,False,2101.9912,115.33143899619154,4
2024-08-31,2224.115799105799,265.0,0.2811380468135116,61822.0,0.6964,0,8,2217.3226499336915,2102.9295995881484,5.762732121007974,False,False,False,False,False,False,False,False,False,True,False,False,False,False,False,False,False,False,False,False,False,2106.4521,117.66365066829894,4
2024-09-30,2213.7347685216537,265.0,0.437345807567846,61822.0,0.6964,0,9,2224.115799105799,2094.2575851380952,5.704989884311673,False,False,False,False,False,False,False,False,False,True,False,False,False,False,False,False,False,False,False,False,False,2122.6372,91.09756149040368,4
2024-10-31,2203.594522359607,287.0,1.4371161974639168,61822.0,0.6964,0,10,2213.7347685216537,2094.9439031262964,5.186325947495329,False,False,False,False,False,False,False,False,False,True,False,False,False,False,False,False,False,False,False,False,False,2097.014,106.5806063439818,4
2024-11-30,2228.8350594136173,263.0,0.5173281338448854,61822.0,0.6964,0,11,2203.594522359607,2123.325714392182,4.969060766620914,False,False,False,False,False,False,False,False,False,True,False,False,False,False,False,False,False,False,False,False,False,2125.3232,103.51181722611727,4
2024-12-31,2206.8297665465634,270.0,-0.5756746186937889,61822.0,0.6964,0,12,2228.8350594136173,2140.438097179246,3.1017794653725783,False,False,False,False,False,False,False,False,False,True,False,False,False,False,False,False,False,False,False,False,False,2114.416,92.4137509215634,4
2024-01-31,2599.62281838632,323.0,-1.123098551502988,90532.0,0.797,0,1,2596.0865850751757,2507.984263166673,3.653872815929904,False,False,False,False,False,False,False,False,False,False,True,False,False,False,False,False,False,False,False,False,False,2522.2732,77.34962502694498,4
2024-02-29,2586.366457177294,310.0,0.2044859096427709,90532.0,0.797,0,2,2599.62281838632,2511.0169770335815,3.000755503960284,False,False,False,False,False,False,False,False,False,False,True,False,False,False,False,False,False,False,False,False,False,2525.5183,60.848146630418796,4
2024-03-31,2586.897425190865,309.0,0.1004400229577262,90532.0,0.797,0,3,2586.366457177294,2555.429010714475,1.2314337179568646,False,False,False,False,False,False,False,False,False,False,True,False,False,False,False,False,False,False,False,False,False,2552.6638,34.23360683148985,4
2024-04-30,2586.2588313910933,300.0,-0.0525586506760933,90532.0,0.797,0,4,2586.897425190865,2565.768516837494,0.7986033977396723,False,False,False,False,False,False,False,False,False,False,True,False,False,False,False,False,False,False,False,False,False,2552.8606,33.39823568796828,4
2024-05-31,2614.9950263181336,296.0,0.1099531503967909,90532.0,0.797,0,5,2586.2588313910933,2586.847848155164,1.088087889786138,False,False,False,False,False,False,False,False,False,False,True,False,False,False,False,False,False,False,False,False,False,2571.0532,43.94180366188357,4
2024-06-30,2636.9070097739395,303.0,-0.6287506168123125,90532.0,0.797,0,6,2614.9950263181336,2576.2533385893953,2.3543364418405544,False,False,False,False,False,False,False,False,False,False,True,False,False,False,False,False,False,False,False,False,False,2568.9766,67.93044727393954,4
2024-07-31,2647.966126561565,298.0,-0.2899340039725806,90532.0,0.797,0,7,2636.9070097739395,2597.9027208048183,1.9270700690916296,False,False,False,False,False,False,False,False,False,False,True,False,False,False,False,False,False,False,False,False,False,2570.6938,77.27227890531503,4
2024-08-31,2641.7265019528045,305.0,0.2811380468135116,90532.0,0.797,0,8,2647.966126561565,2591.6337179518414,1.932865113383042,False,False,False,False,False,False,False,False,False,False,True,False,False,False,False,False,False,False,False,False,False,2577.322,64.40448046842948,4
2024-09-30,2646.9036834055723,294.0,0.437345807567846,90532.0,0.797,0,9,2641.7265019528045,2608.529608050985,1.4710998577953216,False,False,False,False,False,False,False,False,False,False,True,False,False,False,False,False,False,False,False,False,False,2583.436,63.46764824932234,4
2024-10-31,2644.987952064643,307.0,1.4371161974639168,90532.0,0.797,0,10,2646.9036834055723,2595.3139949640517,1.9139864076939792,False,False,False,False,False,False,False,False,False,False,True,False,False,False,False,False,False,False,False,False,False,2542.4646,102.5233524552682,4
2024-11-30,2625.3015136495055,300.0,0.5173281338448854,90532.0,0.797,0,11,2644.987952064643,2610.6073048993353,0.5628655341074706,False,False,False,False,False,False,False,False,False,False,True,False,False,False,False,False,False,False,False,False,False,2552.1057,73.19580075888052,4
2024-12-31,2618.3260632485167,289.0,-0.5756746186937889,90532.0,0.797,0,12,2625.3015136495055,2596.0865850751757,0.8566539460276523,False,False,False,False,False,False,False,False,False,False,True,False,False,False,False,False,False,False,False,False,False,2546.102,72.22401246726668,4
2024-01-31,3028.84963064393,499.0,-1.123098551502988,107786.0,0.6141,0,1,3044.195883748184,2999.601077514034,0.9750814316327848,False,False,False,False,False,False,False,False,False,False,False,True,False,False,False,False,False,False,False,False,False,2995.7957,33.05397634705514,4
2024-02-29,3043.11336266875,475.0,0.2044859096427709,107786.0,0.6141,0,2,3028.84963064393,3035.0483691277955,0.2657286659082825,False,False,False,False,False,False,False,False,False,False,False,True,False,False,False,False,False,False,False,False,False,2995.4875,47.62581384062514,4
2024-03-31,3072.941720462444,464.0,0.1004400229577262,107786.0,0.6141,0,3,3043.11336266875,3052.5016673500977,0.6696164438164232,False,False,False,False,False,False,False,False,False,False,False,True,False,False,False,False,False,False,False,False,False,3019.3213,53.62043139994421,4
2024-04-30,3090.6562238018896,425.0,-0.0525586506760933,107786.0,0.6141,0,4,3072.941720462444,3043.3338992979607,1.554950132643862,False,False,False,False,False,False,False,False,False,False,False,True,False,False,False,False,False,False,False,False,False,3029.3506,61.30563786438961,4
2024-05-31,3096.144923780874,403.0,0.1099531503967909,107786.0,0.6141,0,5,3090.6562238018896,3020.869549296969,2.4918445916151333,False,False,False,False,False,False,False,False,False,False,False,True,False,False,False,False,False,False,False,False,False,3036.4832,59.661769483998796,4
2024-06-30,3075.258898073624,428.0,-0.6287506168123125,107786.0,0.6141,0,6,3096.144923780874,3029.230329532478,1.5194806447170972,False,False,False,False,False,False,False,False,False,False,False,True,False,False,False,False,False,False,False,False,False,3036.052,39.206896120499096,4
2024-07-31,3061.835781976234,433.0,-0.2899340039725806,107786.0,0.6141,0,7,3075.258898073624,3044.883950112654,0.5567316239738052,False,False,False,False,False,False,False,False,False,False,False,True,False,False,False,False,False,False,False,False,False,3029.2842,32.5516022887341,4
2024-08-31,3058.02000213755,438.0,0.2811380468135116,107786.0,0.6141,0,8,3061.835781976234,3055.5356806030477,0.0813055972565868,False,False,False,False,False,False,False,False,False,False,False,True,False,False,False,False,False,False,False,False,False,3034.1262,23.89378143442491,4
2024-09-30,3072.244609467607,448.0,0.437345807567846,107786.0,0.6141,0,9,3058.02000213755,3065.793876545469,0.2104098703924029,False,False,False,False,False,False,False,False,False,False,False,True,False,False,False,False,False,False,False,False,False,3044.1877,28.056865326982006,4
2024-10-31,3077.595811723638,466.0,1.4371161974639168,107786.0,0.6141,0,10,3072.244609467607,3073.7409066311134,0.1254141194597213,False,False,False,False,False,False,False,False,False,False,False,True,False,False,False,False,False,False,False,False,False,3031.6963,45.89952266113778,4
2024-11-30,3079.1257836344193,457.0,0.5173281338448854,107786.0,0.6141,0,11,3077.595811723638,3060.562410395754,0.6065347066804394,False,False,False,False,False,False,False,False,False,False,False,True,False,False,False,False,False,False,False,False,False,3022.0056,57.12016840004435,4
2024-12-31,3055.5557363869034,445.0,-0.5756746186937889,107786.0,0.6141,0,12,3079.1257836344193,3044.195883748184,0.3731643124335493,False,False,False,False,False,False,False,False,False,False,False,True,False,False,False,False,False,False,False,False,False,3012.968,42.58771880877839,4
2024-01-31,2749.2909890534797,229.0,-1.123098551502988,102877.0,0.8661,0,1,2751.970723808199,2893.07647300204,-4.969985594586079,False,False,False,False,False,False,False,False,False,False,False,False,True,False,False,False,False,False,False,False,False,2773.0466,-23.755641805895266,4
2024-02-29,2758.5472707247563,216.0,0.2044859096427709,102877.0,0.8661,0,2,2749.2909890534797,2881.975091240094,-4.282751120594441,False,False,False,False,False,False,False,False,False,False,False,False,True,False,False,False,False,False,False,False,False,2796.12,-37.572846462743655,4
2024-03-31,2784.7550325929424,206.0,0.1004400229577262,102877.0,0.8661,0,3,2758.5472707247563,2861.1299663571517,-2.6693975688721117,False,False,False,False,False,False,False,False,False,False,False,False,True,False,False,False,False,False,False,False,False,2825.2854,-40.53036779768263,4
2024-04-30,2792.464097853209,206.0,-0.0525586506760933,102877.0,0.8661,0,4,2784.7550325929424,2866.8750978383523,-2.5955438393967745,False,False,False,False,False,False,False,False,False,False,False,False,True,False,False,False,False,False,False,False,False,2826.4092,-33.94508183429116,4
2024-05-31,2799.970081530058,214.0,0.1099531503967909,102877.0,0.8661,0,5,2792.464097853209,2850.2922341068515,-1.7655085318843522,False,False,False,False,False,False,False,False,False,False,False,False,True,False,False,False,False,False,False,False,False,2835.8708,-35.900768079317004,4
2024-06-30,2822.6689712229986,201.0,-0.6287506168123125,102877.0,0.8661,0,6,2799.970081530058,2846.6095615748677,-0.8410212160821939,False,False,False,False,False,False,False,False,False,False,False,False,True,False,False,False,False,False,False,False,False,2851.8171,-29.148167448876393,4
2024-07-31,2841.549440738074,214.0,-0.2899340039725806,102877.0,0.8661,0,7,2822.6689712229986,2833.9488197921487,0.2681989488604319,False,False,False,False,False,False,False,False,False,False,False,False,True,False,False,False,False,False,False,False,False,2864.3186,-22.769162777551173,4
2024-08-31,2852.88730200072,252.0,0.2811380468135116,102877.0,0.8661,0,8,2841.549440738074,2840.9211732273193,0.4212059414449465,False,False,False,False,False,False,False,False,False,False,False,False,True,False,False,False,False,False,False,False,False,2856.732,-3.8446315930300443,4
2024-09-30,2823.084700872034,275.0,0.437345807567846,102877.0,0.8661,0,9,2852.88730200072,2841.0683031431067,-0.6329873256189389,False,False,False,False,False,False,False,False,False,False,False,False,True,False,False,False,False,False,False,False,False,2857.8245,-34.739762018591136,4
2024-10-31,2830.914875910445,296.0,1.4371161974639168,102877.0,0.8661,0,10,2823.084700872034,2829.446067438184,0.0519115203913678,False,False,False,False,False,False,False,False,False,False,False,False,True,False,False,False,False,False,False,False,False,2831.5193,-0.6044111989299381,4
2024-11-30,2817.702203953145,295.0,0.5173281338448854,102877.0,0.8661,0,11,2830.914875910445,2795.3758405046856,0.7986891467312907,False,False,False,False,False,False,False,False,False,False,False,False,True,False,False,False,False,False,False,False,False,2834.3289,-16.626653468730183,4
2024-12-31,2850.7311139703916,305.0,-0.5756746186937889,102877.0,0.8661,0,12,2817.702203953145,2751.970723808199,3.588715145396848,False,False,False,False,False,False,False,False,False,False,False,False,True,False,False,False,False,False,False,False,False,2851.9248,-1.1936907171084385,4
2024-01-31,2572.618985881258,317.0,-1.123098551502988,103082.0,0.7935,0,1,2577.056037231609,2563.0930671789192,0.3716571522244249,False,False,False,False,False,False,False,False,False,False,False,False,False,True,False,False,False,False,False,False,False,2555.1047,17.51424955313314,4
2024-02-29,2586.7843194346046,296.0,0.2044859096427709,103082.0,0.7935,0,2,2572.618985881258,2561.92035439218,0.9705206096589868,False,False,False,False,False,False,False,False,False,False,False,False,False,True,False,False,False,False,False,False,False,2555.5103,31.27406552835464,4
2024-03-31,2602.1240086256807,267.0,0.1004400229577262,103082.0,0.7935,0,3,2586.7843194346046,2596.060453667148,0.2335675561779604,False,False,False,False,False,False,False,False,False,False,False,False,False,True,False,False,False,False,False,False,False,2583.128,18.996078938180744,4
2024-04-30,2621.0789432948013,257.0,-0.0525586506760933,103082.0,0.7935,0,4,2602.1240086256807,2595.6141657427797,0.9810694473820104,False,False,False,False,False,False,False,False,False,False,False,False,False,True,False,False,False,False,False,False,False,2586.4414,34.63753704480132,4
2024-05-31,2620.439461870065,249.0,0.1099531503967909,103082.0,0.7935,0,5,2621.0789432948013,2605.757484951191,0.5634437204408149,False,False,False,False,False,False,False,False,False,False,False,False,False,True,False,False,False,False,False,False,False,2593.164,27.27539937006486,4
2024-06-30,2607.418197428363,281.0,-0.6287506168123125,103082.0,0.7935,0,6,2620.439461870065,2598.216656168955,0.3541483439250648,False,False,False,False,False,False,False,False,False,False,False,False,False,True,False,False,False,False,False,False,False,2592.1138,15.304427897112873,4
2024-07-31,2614.2635580774536,293.0,-0.2899340039725806,103082.0,0.7935,0,7,2607.418197428363,2610.4143761262926,0.1474548250409491,False,False,False,False,False,False,False,False,False,False,False,False,False,True,False,False,False,False,False,False,False,2595.5642,18.69934909307858,4
2024-08-31,2624.8417479169707,304.0,0.2811380468135116,103082.0,0.7935,0,8,2614.2635580774536,2612.0822177618443,0.4884811844115377,False,False,False,False,False,False,False,False,False,False,False,False,False,True,False,False,False,False,False,False,False,2596.4739,28.36787096384569,4
2024-09-30,2650.1538860286587,323.0,0.437345807567846,103082.0,0.7935,0,9,2624.8417479169707,2624.335811225057,0.9837946307469592,False,False,False,False,False,False,False,False,False,False,False,False,False,True,False,False,False,False,False,False,False,2602.6926,47.46125907553369,4
2024-10-31,2640.782730710924,342.0,1.4371161974639168,103082.0,0.7935,0,10,2650.1538860286587,2612.880292428429,1.0678804675189335,False,False,False,False,False,False,False,False,False,False,False,False,False,True,False,False,False,False,False,False,False,2586.2278,54.55494750779917,4
2024-11-30,2626.2773836899764,336.0,0.5173281338448854,103082.0,0.7935,0,11,2640.782730710924,2597.24039326374,1.1179939485596924,False,False,False,False,False,False,False,False,False,False,False,False,False,True,False,False,False,False,False,False,False,2590.3115,35.96586025247643,4
2024-12-31,2621.119170497035,321.0,-0.5756746186937889,103082.0,0.7935,0,12,2626.2773836899764,2577.056037231609,1.7098244131610318,False,False,False,False,False,False,False,False,False,False,False,False,False,True,False,False,False,False,False,False,False,2576.9502,44.16897518453516,4
2024-01-31,3442.588242794147,0.0,-1.123098551502988,116402.87,0.7337,0,1,3427.260972477872,3408.255473742664,1.0073414189747163,False,False,False,False,False,False,False,False,False,False,False,False,False,False,True,False,False,False,False,False,False,3388.487,54.101182247271936,4
2024-02-29,3478.596025803723,0.0,0.2044859096427709,116402.87,0.7337,0,2,3442.588242794147,3432.31939327619,1.3482612550040465,False,False,False,False,False,False,False,False,False,False,False,False,False,False,True,False,False,False,False,False,False,3420.0432,58.55281291309802,4
2024-03-31,3488.9347323894835,0.0,0.1004400229577262,116402.87,0.7337,0,3,3478.596025803723,3471.6081299106413,0.4990944205240266,False,False,False,False,False,False,False,False,False,False,False,False,False,False,True,False,False,False,False,False,False,3429.9246,59.01017184260854,4
2024-04-30,3511.585302071431,0.0,-0.0525586506760933,116402.87,0.7337,0,4,3488.9347323894835,3452.8140255643084,1.7021269049530607,False,False,False,False,False,False,False,False,False,False,False,False,False,False,True,False,False,False,False,False,False,3443.1707,68.41464777455622,4
2024-05-31,3504.076986994173,0.0,0.1099531503967909,116402.87,0.7337,0,5,3511.585302071431,3433.1126179215867,2.067056253911881,False,False,False,False,False,False,False,False,False,False,False,False,False,False,True,False,False,False,False,False,False,3455.644,48.432944025422785,4
2024-06-30,3502.6038606649113,0.0,-0.6287506168123125,116402.87,0.7337,0,6,3504.076986994173,3426.4850249436954,2.2214845582891884,False,False,False,False,False,False,False,False,False,False,False,False,False,False,True,False,False,False,False,False,False,3460.3286,42.27524738366128,4
2024-07-31,3502.985475091687,0.0,-0.2899340039725806,116402.87,0.7337,0,7,3502.6038606649113,3458.2288386828404,1.2942069046504523,False,False,False,False,False,False,False,False,False,False,False,False,False,False,True,False,False,False,False,False,False,3453.7456,49.23986962293702,4
2024-08-31,3502.646779679746,0.0,0.2811380468135116,116402.87,0.7337,0,8,3502.985475091687,3471.6345844857283,0.8933024037900417,False,False,False,False,False,False,False,False,False,False,False,False,False,False,True,False,False,False,False,False,False,3450.4563,52.19048085162103,4
2024-09-30,3509.9291469256787,0.0,0.437345807567846,116402.87,0.7337,0,9,3502.646779679746,3487.294877017806,0.6490494984246586,False,False,False,False,False,False,False,False,False,False,False,False,False,False,True,False,False,False,False,False,False,3454.5469,55.38227192567865,4
2024-10-31,3497.642477948722,0.0,1.4371161974639168,116402.87,0.7337,0,10,3509.9291469256787,3462.3424890971323,1.0195406422891071,False,False,False,False,False,False,False,False,False,False,False,False,False,False,True,False,False,False,False,False,False,3444.216,53.42641349559699,4
2024-11-30,3492.69611840438,0.0,0.5173281338448854,116402.87,0.7337,0,11,3497.642477948722,3446.1010840513713,1.3521087517905706,False,False,False,False,False,False,False,False,False,False,False,False,False,False,True,False,False,False,False,False,False,3459.1426,33.55354027937983,4
2024-12-31,3493.301404880672,0.0,-0.5756746186937889,116402.87,0.7337,0,12,3492.69611840438,3427.260972477872,1.9269157771505616,False,False,False,False,False,False,False,False,False,False,False,False,False,False,True,False,False,False,False,False,False,3461.3162,31.98524277129718,4
2024-01-31,2748.041033230026,830.0,-1.123098551502988,92001.75,0.6869,0,1,2747.582819148826,2667.602760469268,3.0153767252290464,False,False,False,False,False,False,False,False,False,False,False,False,False,False,False,True,False,False,False,False,False,2696.5469,51.49415823002619,4
2024-02-29,2750.695036567575,827.0,0.2044859096427709,92001.75,0.6869,0,2,2748.041033230026,2681.211804936617,2.591486114712227,False,False,False,False,False,False,False,False,False,False,False,False,False,False,False,True,False,False,False,False,False,2701.965,48.72994867694979,4
2024-03-31,2765.2610038949197,793.0,0.1004400229577262,92001.75,0.6869,0,3,2750.695036567575,2712.926559887869,1.9290770631555043,False,False,False,False,False,False,False,False,False,False,False,False,False,False,False,True,False,False,False,False,False,2722.6064,42.65455858241967,4
2024-04-30,2778.2219429705865,790.0,-0.0525586506760933,92001.75,0.6869,0,4,2765.2610038949197,2725.43014634021,1.937007877500263,False,False,False,False,False,False,False,False,False,False,False,False,False,False,False,True,False,False,False,False,False,2734.1182,44.1037789080865,4
2024-05-31,2789.0441863120936,783.0,0.1099531503967909,92001.75,0.6869,0,5,2778.2219429705865,2731.308327806114,2.1138535667393876,False,False,False,False,False,False,False,False,False,False,False,False,False,False,False,True,False,False,False,False,False,2742.7573,46.28686209334364,4
2024-06-30,2792.512981904531,806.0,-0.6287506168123125,92001.75,0.6869,0,6,2789.0441863120936,2750.1420521143,1.540681498894081,False,False,False,False,False,False,False,False,False,False,False,False,False,False,False,True,False,False,False,False,False,2745.4238,47.08915377953099,4
2024-07-31,2800.6993430674847,901.0,-0.2899340039725806,92001.75,0.6869,0,7,2792.512981904531,2773.6105385814653,0.9766621560312494,False,False,False,False,False,False,False,False,False,False,False,False,False,False,False,True,False,False,False,False,False,2756.267,44.43225322373473,4
2024-08-31,2810.1725224219517,940.0,0.2811380468135116,92001.75,0.6869,0,8,2800.6993430674847,2785.8970595136875,0.8713697020988231,False,False,False,False,False,False,False,False,False,False,False,False,False,False,False,True,False,False,False,False,False,2773.2676,36.904944296951726,4
2024-09-30,2822.316238702663,965.0,0.437345807567846,92001.75,0.6869,0,9,2810.1725224219517,2783.4024904382436,1.3980640025328397,False,False,False,False,False,False,False,False,False,False,False,False,False,False,False,True,False,False,False,False,False,2786.3918,35.92439299953821,4
2024-10-31,2797.614291396575,984.0,1.4371161974639168,92001.75,0.6869,0,10,2822.316238702663,2785.133055949716,0.4481378518055301,False,False,False,False,False,False,False,False,False,False,False,False,False,False,False,True,False,False,False,False,False,2752.0347,45.57962342782503,4
2024-11-30,2806.7709872593528,979.0,0.5173281338448854,92001.75,0.6869,0,11,2797.614291396575,2767.559882816573,1.416811418832764,False,False,False,False,False,False,False,False,False,False,False,False,False,False,False,True,False,False,False,False,False,2768.9841,37.78685639997775,4
2024-12-31,2782.363020740384,964.0,-0.5756746186937889,92001.75,0.6869,0,12,2806.7709872593528,2747.582819148826,1.265847251233465,False,False,False,False,False,False,False,False,False,False,False,False,False,False,False,True,False,False,False,False,False,2759.6887,22.674300037258945,4
2024-01-31,2381.228851099715,165.0,-1.123098551502988,36032.0,0.8958,0,1,2377.0838769717434,2304.754895351188,3.318094948090966,False,False,False,False,False,False,False,False,False,False,False,False,False,False,False,False,True,False,False,False,False,2287.5068,93.72201516221503,4
2024-02-29,2382.822611014709,155.0,0.2044859096427709,36032.0,0.8958,0,2,2381.228851099715,2340.743258784054,1.7976919114364387,False,False,False,False,False,False,False,False,False,False,False,False,False,False,False,False,True,False,False,False,False,2294.0815,88.74106804595885,4
2024-03-31,2377.625786720965,155.0,0.1004400229577262,36032.0,0.8958,0,3,2382.822611014709,2356.1793311351453,0.9102217009724578,False,False,False,False,False,False,False,False,False,False,False,False,False,False,False,False,True,False,False,False,False,2293.77,83.85576718971515,4
2024-04-30,2352.183401755694,155.0,-0.0525586506760933,36032.0,0.8958,0,4,2377.625786720965,2343.8783972209862,0.3543274490926951,False,False,False,False,False,False,False,False,False,False,False,False,False,False,False,False,True,False,False,False,False,2298.833,53.35039394319392,4
2024-05-31,2318.1981689077897,170.0,0.1099531503967909,36032.0,0.8958,0,5,2352.183401755694,2360.367235336461,-1.7865468473451385,False,False,False,False,False,False,False,False,False,False,False,False,False,False,False,False,True,False,False,False,False,2278.1062,40.09196773591475,4
2024-06-30,2340.355568225055,189.0,-0.6287506168123125,36032.0,0.8958,0,6,2318.1981689077897,2349.5684282283937,-0.3921086056763778,False,False,False,False,False,False,False,False,False,False,False,False,False,False,False,False,True,False,False,False,False,2281.3796,58.97592955317987,4
2024-07-31,2374.8021453110596,211.0,-0.2899340039725806,36032.0,0.8958,0,7,2340.355568225055,2371.3061488473745,0.1474291485046963,False,False,False,False,False,False,False,False,False,False,False,False,False,False,False,False,True,False,False,False,False,2281.3315,93.47060234230958,4
2024-08-31,2385.3267868510293,200.0,0.2811380468135116,36032.0,0.8958,0,8,2374.8021453110596,2359.8544355600475,1.0794034965524002,False,False,False,False,False,False,False,False,False,False,False,False,False,False,False,False,True,False,False,False,False,2309.5803,75.74646458540428,4
2024-09-30,2392.262982614734,205.0,0.437345807567846,36032.0,0.8958,0,9,2385.3267868510293,2348.5155435716824,1.862769831896416,False,False,False,False,False,False,False,False,False,False,False,False,False,False,False,False,True,False,False,False,False,2316.52,75.74296308348403,4
2024-10-31,2384.2516758155666,198.0,1.4371161974639168,36032.0,0.8958,0,10,2392.262982614734,2360.98485798286,0.9854708620446128,False,False,False,False,False,False,False,False,False,False,False,False,False,False,False,False,True,False,False,False,False,2278.9875,105.26412698744161,4
2024-11-30,2408.2267565412226,180.0,0.5173281338448854,36032.0,0.8958,0,11,2384.2516758155666,2382.0120439130405,1.1005281310466408,False,False,False,False,False,False,False,False,False,False,False,False,False,False,False,False,True,False,False,False,False,2284.4612,123.76557490059758,4
2024-12-31,2428.5930545105366,163.0,-0.5756746186937889,36032.0,0.8958,0,12,2408.2267565412226,2377.0838769717434,2.166906184413353,False,False,False,False,False,False,False,False,False,False,False,False,False,False,False,False,True,False,False,False,False,2321.317,107.2761599792866,4
2024-01-31,2327.328215518913,267.0,-1.123098551502988,51433.0,0.6872,0,1,2347.683109638009,2224.238519292455,4.6348309919231,False,False,False,False,False,False,False,False,False,False,False,False,False,False,False,False,False,True,False,False,False,2169.8577,157.4705495032881,4
2024-02-29,2338.489159191274,250.0,0.2044859096427709,51433.0,0.6872,0,2,2327.328215518913,2223.3297399598773,5.179592444685022,False,False,False,False,False,False,False,False,False,False,False,False,False,False,False,False,False,True,False,False,False,2155.4565,183.0326162225242,4
2024-03-31,2377.40247193441,226.0,0.1004400229577262,51433.0,0.6872,0,3,2338.489159191274,2179.6564049314534,9.072350419798193,False,False,False,False,False,False,False,False,False,False,False,False,False,False,False,False,False,True,False,False,False,2178.9226,198.4798645125352,4
2024-04-30,2371.5082764609897,220.0,-0.0525586506760933,51433.0,0.6872,0,4,2377.40247193441,2208.8351807161885,7.364655233898287,False,False,False,False,False,False,False,False,False,False,False,False,False,False,False,False,False,True,False,False,False,2194.058,177.4501709922397,4
2024-05-31,2360.560496570848,225.0,0.1099531503967909,51433.0,0.6872,0,5,2371.5082764609897,2213.6271972329405,6.637671398398792,False,False,False,False,False,False,False,False,False,False,False,False,False,False,False,False,False,True,False,False,False,2197.9915,162.56904149272304,4
2024-06-30,2381.842182993514,233.0,-0.6287506168123125,51433.0,0.6872,0,6,2360.560496570848,2254.2255927046645,5.661216459517382,False,False,False,False,False,False,False,False,False,False,False,False,False,False,False,False,False,True,False,False,False,2177.8486,203.99355018101414,4
2024-07-31,2389.7195310041,238.0,-0.2899340039725806,51433.0,0.6872,0,7,2381.842182993514,2230.387490484746,7.1436932460881675,False,False,False,False,False,False,False,False,False,False,False,False,False,False,False,False,False,True,False,False,False,2212.6062,177.1133298322252,4
2024-08-31,2408.9117404941694,238.0,0.2811380468135116,51433.0,0.6872,0,8,2389.7195310041,2262.1185284586263,6.489191887551793,False,False,False,False,False,False,False,False,False,False,False,False,False,False,False,False,False,True,False,False,False,2217.6504,191.2613498691694,4
2024-09-30,2380.8060195945063,257.0,0.437345807567846,51433.0,0.6872,0,9,2408.9117404941694,2263.4157458428253,5.186421185206003,False,False,False,False,False,False,False,False,False,False,False,False,False,False,False,False,False,True,False,False,False,2236.0066,144.79942779763132,4
2024-10-31,2412.1411562792305,272.0,1.4371161974639168,51433.0,0.6872,0,10,2380.8060195945063,2342.6357064343715,2.9669764553640343,False,False,False,False,False,False,False,False,False,False,False,False,False,False,False,False,False,True,False,False,False,2181.93,230.21122463860547,4
2024-11-30,2494.0721497970867,263.0,0.5173281338448854,51433.0,0.6872,0,11,2412.1411562792305,2330.4876261050645,7.019325992535763,False,False,False,False,False,False,False,False,False,False,False,False,False,False,False,False,False,True,False,False,False,2254.8596,239.2125306564617,4
2024-12-31,2536.645016903237,254.0,-0.5756746186937889,51433.0,0.6872,0,12,2494.0721497970867,2347.683109638009,8.048867689573491,False,False,False,False,False,False,False,False,False,False,False,False,False,False,False,False,False,True,False,False,False,2246.246,290.39892315323686,4
2024-01-31,2825.2568149978815,599.0,-1.123098551502988,67263.41,0.663,0,1,2827.669943742879,2780.8769334028625,1.5958952034857976,False,False,False,False,False,False,False,False,False,False,False,False,False,False,False,False,False,False,True,False,False,2723.8977,101.35910991975652,4
2024-02-29,2852.190376147639,565.0,0.2044859096427709,67263.41,0.663,0,2,2825.2568149978815,2775.8900599698445,2.7486793255286024,False,False,False,False,False,False,False,False,False,False,False,False,False,False,False,False,False,False,True,False,False,2735.3784,116.8119581788892,4
2024-03-31,2862.9010863211806,562.0,0.1004400229577262,67263.41,0.663,0,3,2852.190376147639,2775.060465473533,3.1653588071515637,False,False,False,False,False,False,False,False,False,False,False,False,False,False,False,False,False,False,True,False,False,2750.4495,112.45162343055563,4
2024-04-30,2890.980997867329,555.0,-0.0525586506760933,67263.41,0.663,0,4,2862.9010863211806,2808.82374106498,2.9249701788407245,False,False,False,False,False,False,False,False,False,False,False,False,False,False,False,False,False,False,True,False,False,2752.5823,138.39872247670382,4
2024-05-31,2864.284820989082,573.0,0.1099531503967909,67263.41,0.663,0,5,2890.980997867329,2806.9349304385146,2.0431499828750255,False,False,False,False,False,False,False,False,False,False,False,False,False,False,False,False,False,False,True,False,False,2756.0618,108.22305341095716,4
2024-06-30,2856.041602860394,571.0,-0.6287506168123125,67263.41,0.663,0,6,2864.284820989082,2800.2797262249305,1.991296659160424,False,False,False,False,False,False,False,False,False,False,False,False,False,False,False,False,False,False,True,False,False,2754.9075,101.13413215726905,4
2024-07-31,2856.04952050711,597.0,-0.2899340039725806,67263.41,0.663,0,7,2856.041602860394,2792.1881488348317,2.2871442849912382,False,False,False,False,False,False,False,False,False,False,False,False,False,False,False,False,False,False,True,False,False,2749.9487,106.10079003836017,4
2024-08-31,2870.1989127166416,633.0,0.2811380468135116,67263.41,0.663,0,8,2856.04952050711,2805.310115609297,2.313070371303705,False,False,False,False,False,False,False,False,False,False,False,False,False,False,False,False,False,False,True,False,False,2799.4426,70.75628576351664,4
2024-09-30,2911.673444330846,625.0,0.437345807567846,67263.41,0.663,0,9,2870.1989127166416,2812.433656624356,3.5286090206160914,False,False,False,False,False,False,False,False,False,False,False,False,False,False,False,False,False,False,True,False,False,2819.7559,91.917584955846,4
2024-10-31,2922.852995641484,653.0,1.4371161974639168,67263.41,0.663,0,10,2911.673444330846,2824.299796561379,3.4894737166392575,False,False,False,False,False,False,False,False,False,False,False,False,False,False,False,False,False,False,True,False,False,2778.3184,144.53463626648409,4
2024-11-30,2924.719852937967,645.0,0.5173281338448854,67263.41,0.663,0,11,2922.852995641484,2827.6624082580374,3.4324268836505523,False,False,False,False,False,False,False,False,False,False,False,False,False,False,False,False,False,False,True,False,False,2804.7593,119.96057559421706,4
2024-12-31,2884.2453932139965,650.0,-0.5756746186937889,67263.41,0.663,0,12,2924.719852937967,2827.669943742879,2.000779815066789,False,False,False,False,False,False,False,False,False,False,False,False,False,False,False,False,False,False,True,False,False,2785.0815,99.16385024524652,4
2024-01-31,3088.4413522713658,426.0,-1.123098551502988,99086.15,0.7213,0,1,3099.3163877315283,3060.113221068156,0.925721669648616,False,False,False,False,False,False,False,False,False,False,False,False,False,False,False,False,False,False,False,True,False,3075.3655,13.075873755740758,4
2024-02-29,3114.1625559175154,415.0,0.2044859096427709,99086.15,0.7213,0,2,3088.4413522713658,3094.076468926901,0.6491787514734781,False,False,False,False,False,False,False,False,False,False,False,False,False,False,False,False,False,False,False,True,False,3073.8218,40.34077857376542,4
2024-03-31,3126.5217467255934,410.0,0.1004400229577262,99086.15,0.7213,0,3,3114.1625559175154,3111.9708776766647,0.4675772885057272,False,False,False,False,False,False,False,False,False,False,False,False,False,False,False,False,False,False,False,True,False,3092.522,33.9997740693434,4
2024-04-30,3118.622926220515,397.0,-0.0525586506760933,99086.15,0.7213,0,4,3126.5217467255934,3131.234283446348,-0.4027599369521573,False,False,False,False,False,False,False,False,False,False,False,False,False,False,False,False,False,False,False,True,False,3080.3018,38.32116840801518,4
2024-05-31,3107.302848520882,425.0,0.1099531503967909,99086.15,0.7213,0,5,3118.622926220515,3136.8140939884315,-0.9408031392139748,False,False,False,False,False,False,False,False,False,False,False,False,False,False,False,False,False,False,False,True,False,3090.4983,16.80455750525698,4
2024-06-30,3109.338928316012,434.0,-0.6287506168123125,99086.15,0.7213,0,6,3107.302848520882,3126.9194938759274,-0.5622327531727978,False,False,False,False,False,False,False,False,False,False,False,False,False,False,False,False,False,False,False,True,False,3097.9355,11.403381441011788,4
2024-07-31,3124.9752365326754,433.0,-0.2899340039725806,99086.15,0.7213,0,7,3109.338928316012,3138.5152058929616,-0.4314132152319461,False,False,False,False,False,False,False,False,False,False,False,False,False,False,False,False,False,False,False,True,False,3099.7136,25.261613485800353,4
2024-08-31,3119.955505401601,460.0,0.2811380468135116,99086.15,0.7213,0,8,3124.9752365326754,3124.9106963896384,-0.1585706431150968,False,False,False,False,False,False,False,False,False,False,False,False,False,False,False,False,False,False,False,True,False,3105.1887,14.76678469847593,4
2024-09-30,3119.7661649750435,474.0,0.437345807567846,99086.15,0.7213,0,9,3119.955505401601,3124.680029321628,-0.1572597610146719,False,False,False,False,False,False,False,False,False,False,False,False,False,False,False,False,False,False,False,True,False,3109.264,10.502248959418466,4
2024-10-31,3132.8967187504295,480.0,1.4371161974639168,99086.15,0.7213,0,10,3119.7661649750435,3116.8276252305714,0.5155592625584848,False,False,False,False,False,False,False,False,False,False,False,False,False,False,False,False,False,False,False,True,False,3093.5276,39.3691308598045,4
2024-11-30,3142.602703158293,462.0,0.5173281338448854,99086.15,0.7213,0,11,3132.8967187504295,3102.78956050582,1.2831402799351466,False,False,False,False,False,False,False,False,False,False,False,False,False,False,False,False,False,False,False,True,False,3091.6445,50.958171908293025,4
2024-12-31,3132.1616530820493,459.0,-0.5756746186937889,99086.15,0.7213,0,12,3142.602703158293,3099.3163877315283,1.059758386737708,False,False,False,False,False,False,False,False,False,False,False,False,False,False,False,False,False,False,False,True,False,3086.5479,45.61380151954927,4
2024-01-31,3778.737833790368,221.0,-1.123098551502988,79994.0,0.6785,0,1,3783.2070304066456,3684.0508380236174,2.5701870014787076,False,False,False,False,False,False,False,False,False,False,False,False,False,False,False,False,False,False,False,False,True,3721.8513,56.88651543099286,4
2024-02-29,3813.601353603424,198.0,0.2044859096427709,79994.0,0.6785,0,2,3778.737833790368,3705.374068280854,2.9208194187201997,False,False,False,False,False,False,False,False,False,False,False,False,False,False,False,False,False,False,False,False,True,3728.199,85.40237899404883,4
2024-03-31,3847.7313278060938,179.0,0.1004400229577262,79994.0,0.6785,0,3,3813.601353603424,3770.8170142464264,2.0397254300349,False,False,False,False,False,False,False,False,False,False,False,False,False,False,False,False,False,False,False,False,True,3650.1118,197.61951139984376,4
2024-04-30,3886.019689345384,171.0,-0.0525586506760933,79994.0,0.6785,0,4,3847.7313278060938,3782.3157549533826,2.7418106025703715,False,False,False,False,False,False,False,False,False,False,False,False,False,False,False,False,False,False,False,False,True,3656.2063,229.813390517259,4
2024-05-31,3925.182149283018,174.0,0.1099531503967909,79994.0,0.6785,0,5,3886.019689345384,3793.3353517897976,3.4757485238158914,False,False,False,False,False,False,False,False,False,False,False,False,False,False,False,False,False,False,False,False,True,3667.1724,258.00978600176813,4
2024-06-30,3917.4412163111456,186.0,-0.6287506168123125,79994.0,0.6785,0,6,3925.182149283018,3785.8712255426167,3.475289647488511,False,False,False,False,False,False,False,False,False,False,False,False,False,False,False,False,False,False,False,False,True,3758.163,159.27813037364558,4
2024-07-31,3913.5784014695378,192.0,-0.2899340039725806,79994.0,0.6785,0,7,3917.4412163111456,3784.625339584368,3.407287388170688,False,False,False,False,False,False,False,False,False,False,False,False,False,False,False,False,False,False,False,False,True,3777.069,136.50930967266277,4
2024-08-31,3892.837478300181,205.0,0.2811380468135116,79994.0,0.6785,0,8,3913.5784014695378,3776.432272575177,3.082412110773181,False,False,False,False,False,False,False,False,False,False,False,False,False,False,False,False,False,False,False,False,True,3776.4897,116.34773220643092,4
2024-09-30,3882.5294165750392,217.0,0.437345807567846,79994.0,0.6785,0,9,3892.837478300181,3761.102533988785,3.228491685321755,False,False,False,False,False,False,False,False,False,False,False,False,False,False,False,False,False,False,False,False,True,3784.3384,98.19103766878925,4
2024-10-31,3844.3647651686247,231.0,1.4371161974639168,79994.0,0.6785,0,10,3882.5294165750392,3775.343043861589,1.8282238330437073,False,False,False,False,False,False,False,False,False,False,False,False,False,False,False,False,False,False,False,False,True,3728.8987,115.46608352799967,4
2024-11-30,3856.78021683654,227.0,0.5173281338448854,79994.0,0.6785,0,11,3844.3647651686247,3771.73594790105,2.2547779089046927,False,False,False,False,False,False,False,False,False,False,False,False,False,False,False,False,False,False,False,False,True,3738.293,118.48724808654015,4
2024-12-31,3870.23580483013,226.0,-0.5756746186937889,79994.0,0.6785,0,12,3856.78021683654,3783.2070304066456,2.3003968253392015,False,False,False,False,False,False,False,False,False,False,False,False,False,False,False,False,False,False,False,False,True,3740.4941,129.74166420512984,4
2025-01-31,7562.076781444176,151.0,-2.0957565649731724,167909.19,0.3828,0,1,7248.158584884635,6853.813055833017,10.333864081810384,False,False,False,False,False,False,False,False,False,False,False,False,False,False,False,False,False,False,False,False,False,6822.8433,739.233519725426,5
2025-02-28,8008.718881179309,158.0,0.6219365206910465,167909.19,0.3828,0,2,7562.076781444176,6891.078401844294,16.218658592476555,False,False,False,False,False,False,False,False,False,False,False,False,False,False,False,False,False,False,False,False,False,7042.7173,966.0015960230594,5
2025-03-31,8431.527726027878,158.0,0.0734683447262574,167909.19,0.3828,0,3,8008.718881179309,7033.620224720109,19.87465141201019,False,False,False,False,False,False,False,False,False,False,False,False,False,False,False,False,False,False,False,False,False,7144.148,1287.379776809128,5
2025-04-30,8342.566083680718,155.0,0.7261642567589099,167909.19,0.3828,0,4,8431.527726027878,7097.568154062814,17.541190201960077,False,False,False,False,False,False,False,False,False,False,False,False,False,False,False,False,False,False,False,False,False,7194.529,1148.0372750869683,5
2025-05-31,8333.638141617552,180.0,0.1980574525058287,167909.19,0.3828,0,5,8342.566083680718,7258.3126550223,14.81508909444944,False,False,False,False,False,False,False,False,False,False,False,False,False,False,False,False,False,False,False,False,False,7093.8735,1239.7646064613018,5
2025-06-30,8340.072302972287,187.0,-0.814383756602044,167909.19,0.3828,0,6,8333.638141617552,7338.785359152478,13.643769299930074,False,False,False,False,False,False,False,False,False,False,False,False,False,False,False,False,False,False,False,False,False,7152.0166,1188.0557014097867,5
2025-07-31,8432.814578996957,186.0,-0.787589879310624,167909.19,0.3828,0,7,8340.072302972287,7451.771908960451,13.16522676783547,False,False,False,False,False,False,False,False,False,False,False,False,False,False,False,False,False,False,False,False,False,7197.593,1235.2218055594567,5
2025-08-31,8356.848455885818,174.0,0.4499509874817287,167909.19,0.3828,0,8,8432.814578996957,7314.726768535875,14.24689835077102,False,False,False,False,False,False,False,False,False,False,False,False,False,False,False,False,False,False,False,False,False,7212.5806,1144.267889479568,5
2025-09-30,8367.152151306549,170.0,0.0159976963317376,167909.19,0.3828,0,9,8356.848455885818,7337.097546770253,14.038992911982206,False,False,False,False,False,False,False,False,False,False,False,False,False,False,False,False,False,False,False,False,False,7273.8984,1093.253713806549,5
2025-10-31,8217.117565430519,166.0,1.0332858810921497,167909.19,0.3828,0,10,8367.152151306549,7346.495634640109,11.85084663611946,False,False,False,False,False,False,False,False,False,False,False,False,False,False,False,False,False,False,False,False,False,7336.125,880.9925654305189,5
2025-11-30,8205.897641189953,142.0,0.3467109950130442,167909.19,0.3828,0,11,8217.117565430519,7461.745711156686,9.972893192013,False,False,False,False,False,False,False,False,False,False,False,False,False,False,False,False,False,False,False,False,False,7438.465,767.432797439953,5
2025-12-31,8133.311248123243,127.0,-0.0110437965417098,167909.19,0.3828,0,12,8205.897641189953,7248.158584884635,12.212103982996611,False,False,False,False,False,False,False,False,False,False,False,False,False,False,False,False,False,False,False,False,False,7222.9854,910.3258965607429,5
2025-01-31,2256.6537703517706,188.0,-2.0957565649731724,56305.41,0.7812,0,1,2296.0972780474845,2352.9453186923447,-4.0923836000612335,True,False,False,False,False,False,False,False,False,False,False,False,False,False,False,False,False,False,False,False,False,2129.2458,127.40792074239562,5
2025-02-28,2219.9727458349817,187.0,0.6219365206910465,56305.41,0.7812,0,2,2256.6537703517706,2290.658917838565,-3.085844490120848,True,False,False,False,False,False,False,False,False,False,False,False,False,False,False,False,False,False,False,False,False,2116.7651,103.20760911623165,5
2025-03-31,2289.2533351109328,187.0,0.0734683447262574,56305.41,0.7812,0,3,2219.9727458349817,2241.003201613046,2.153059552220049,True,False,False,False,False,False,False,False,False,False,False,False,False,False,False,False,False,False,False,False,False,2210.418,78.83536636093277,5
2025-04-30,2328.364566491605,190.0,0.7261642567589099,56305.41,0.7812,0,4,2289.2533351109328,2250.1397490745267,3.476442627585752,True,False,False,False,False,False,False,False,False,False,False,False,False,False,False,False,False,False,False,False,False,2185.0974,143.26715438222982,5
2025-05-31,2286.5639544998494,183.0,0.1980574525058287,56305.41,0.7812,0,5,2328.364566491605,2284.86385688094,0.0744069548734627,True,False,False,False,False,False,False,False,False,False,False,False,False,False,False,False,False,False,False,False,False,2197.87,88.69383731234939,5
2025-06-30,2255.24360028516,179.0,-0.814383756602044,56305.41,0.7812,0,6,2286.5639544998494,2335.921582836153,-3.4537967003600345,True,False,False,False,False,False,False,False,False,False,False,False,False,False,False,False,False,False,False,False,False,2173.6494,81.59418622266003,5
2025-07-31,2219.761301423922,169.0,-0.787589879310624,56305.41,0.7812,0,7,2255.24360028516,2292.027363389391,-3.152931902985845,True,False,False,False,False,False,False,False,False,False,False,False,False,False,False,False,False,False,False,False,False,2204.6401,15.12116470517185,5
2025-08-31,2302.5242908749524,171.0,0.4499509874817287,56305.41,0.7812,0,8,2219.761301423922,2279.732460433327,0.9997589996719736,True,False,False,False,False,False,False,False,False,False,False,False,False,False,False,False,False,False,False,False,False,2224.3838,78.14050181245238,5
2025-09-30,2316.55301210939,173.0,0.0159976963317376,56305.41,0.7812,0,9,2302.5242908749524,2265.9242237048297,2.2343548771362354,True,False,False,False,False,False,False,False,False,False,False,False,False,False,False,False,False,False,False,False,False,2211.2993,105.25369570313978,5
2025-10-31,2327.909794212803,160.0,1.0332858810921497,56305.41,0.7812,0,10,2316.55301210939,2240.7826044699837,3.888248220466139,True,False,False,False,False,False,False,False,False,False,False,False,False,False,False,False,False,False,False,False,False,2232.005,95.90491140030281,5
2025-11-30,2366.2267879205283,149.0,0.3467109950130442,56305.41,0.7812,0,11,2327.909794212803,2268.9415365073587,4.2876931753351055,True,False,False,False,False,False,False,False,False,False,False,False,False,False,False,False,False,False,False,False,False,2255.9385,110.2883113580283,5
2025-12-31,2360.0496496870337,143.0,-0.0110437965417098,56305.41,0.7812,0,12,2366.2267879205283,2296.0972780474845,2.7852640326254896,True,False,False,False,False,False,False,False,False,False,False,False,False,False,False,False,False,False,False,False,False,2218.1787,141.8709387495337,5
2025-01-31,3874.6517558727505,476.0,-2.0957565649731724,169898.0,0.473,0,1,3799.869810242689,3763.096237571722,2.964460945410563,False,True,False,False,False,False,False,False,False,False,False,False,False,False,False,False,False,False,False,False,False,3711.8381,162.81362110712553,5
2025-02-28,4026.015732552558,454.0,0.6219365206910465,169898.0,0.473,0,2,3874.6517558727505,3802.016837592126,5.891580824831211,False,True,False,False,False,False,False,False,False,False,False,False,False,False,False,False,False,False,False,False,False,3666.8462,359.1695411463079,5
2025-03-31,4109.859803840807,450.0,0.0734683447262574,169898.0,0.473,0,3,4026.015732552558,3777.414573834712,8.80086692916544,False,True,False,False,False,False,False,False,False,False,False,False,False,False,False,False,False,False,False,False,False,3736.6738,373.1859757158072,5
2025-04-30,4100.8081680578025,429.0,0.7261642567589099,169898.0,0.473,0,4,4109.859803840807,3796.015758311913,8.029271455960195,False,True,False,False,False,False,False,False,False,False,False,False,False,False,False,False,False,False,False,False,False,3698.056,402.7522598546775,5
2025-05-31,4085.6348356522017,435.0,0.1980574525058287,169898.0,0.473,0,5,4100.8081680578025,3826.5048799675337,6.771975048072232,False,True,False,False,False,False,False,False,False,False,False,False,False,False,False,False,False,False,False,False,False,3728.2744,357.3604215897017,5
2025-06-30,4106.81759340574,440.0,-0.814383756602044,169898.0,0.473,0,6,4085.6348356522017,3798.287684922525,8.122868357442714,False,True,False,False,False,False,False,False,False,False,False,False,False,False,False,False,False,False,False,False,False,3786.5613,320.2563141088649,5
2025-07-31,4098.353713674172,477.0,-0.787589879310624,169898.0,0.473,0,7,4106.81759340574,3804.846164930029,7.7140450893772305,False,True,False,False,False,False,False,False,False,False,False,False,False,False,False,False,False,False,False,False,False,3814.396,283.95771758042156,5
2025-08-31,4101.10981369469,494.0,0.4499509874817287,169898.0,0.473,0,8,4098.353713674172,3822.103258745948,7.299817301123501,False,True,False,False,False,False,False,False,False,False,False,False,False,False,False,False,False,False,False,False,False,3798.3323,302.7775383040653,5
2025-09-30,4094.342538208077,502.0,0.0159976963317376,169898.0,0.473,0,9,4101.10981369469,3859.965703085895,6.071992684670913,False,True,False,False,False,False,False,False,False,False,False,False,False,False,False,False,False,False,False,False,False,3731.4302,362.9123624268268,5
2025-10-31,4100.697552697363,521.0,1.0332858810921497,169898.0,0.473,0,10,4094.342538208077,3855.492811107409,6.359880658667971,False,True,False,False,False,False,False,False,False,False,False,False,False,False,False,False,False,False,False,False,False,3783.8381,316.8594179317379,5
2025-11-30,4067.5606830631264,502.0,0.3467109950130442,169898.0,0.473,0,11,4100.697552697363,3803.711627608961,6.936620892578627,False,True,False,False,False,False,False,False,False,False,False,False,False,False,False,False,False,False,False,False,False,3803.8672,263.69349556312636,5
2025-12-31,4043.861923728128,492.0,-0.0110437965417098,169898.0,0.473,0,12,4067.5606830631264,3799.869810242689,6.421065080381161,False,True,False,False,False,False,False,False,False,False,False,False,False,False,False,False,False,False,False,False,False,3749.0488,294.8130956031282,5
2025-01-31,3306.023753697006,96.0,-2.0957565649731724,113310.09,0.4803,0,1,3256.9040911623333,3094.158739259275,6.847257438655219,False,False,True,False,False,False,False,False,False,False,False,False,False,False,False,False,False,False,False,False,False,3124.4636,181.5601306501312,5
2025-02-28,3361.3676755030847,89.0,0.6219365206910465,113310.09,0.4803,0,2,3306.023753697006,3152.8963606458897,6.612057327963949,False,False,True,False,False,False,False,False,False,False,False,False,False,False,False,False,False,False,False,False,False,3136.4937,224.87402315933468,5
2025-03-31,3373.95844649825,88.0,0.0734683447262574,113310.09,0.4803,0,3,3361.3676755030847,3225.451527491306,4.604221075442716,False,False,True,False,False,False,False,False,False,False,False,False,False,False,False,False,False,False,False,False,False,3208.589,165.36933517012494,5
2025-04-30,3345.865397537642,79.0,0.7261642567589099,113310.09,0.4803,0,4,3373.95844649825,3246.128008784071,3.0725032556843113,False,False,True,False,False,False,False,False,False,False,False,False,False,False,False,False,False,False,False,False,False,3149.9395,195.9259444126419,5
2025-05-31,3362.307168182586,79.0,0.1980574525058287,113310.09,0.4803,0,5,3345.865397537642,3246.88216187527,3.554949041964961,False,False,True,False,False,False,False,False,False,False,False,False,False,False,False,False,False,False,False,False,False,3183.9778,178.32938497946088,5
2025-06-30,3364.344542867948,79.0,-0.814383756602044,113310.09,0.4803,0,6,3362.307168182586,3255.9987802448395,3.327573808702744,False,False,True,False,False,False,False,False,False,False,False,False,False,False,False,False,False,False,False,False,False,3174.082,190.2625116179479,5
2025-07-31,3410.6557962363177,80.0,-0.787589879310624,113310.09,0.4803,0,7,3364.344542867948,3281.270538403065,3.943145081119148,False,False,True,False,False,False,False,False,False,False,False,False,False,False,False,False,False,False,False,False,False,3179.9568,230.69900912694266,5
2025-08-31,3355.759371272833,96.0,0.4499509874817287,113310.09,0.4803,0,8,3410.6557962363177,3262.585128053902,2.855840983818525,False,False,True,False,False,False,False,False,False,False,False,False,False,False,False,False,False,False,False,False,False,3218.7327,137.02670525720805,5
2025-09-30,3370.1265861568486,98.0,0.0159976963317376,113310.09,0.4803,0,9,3355.759371272833,3251.0028923357895,3.66421371392478,False,False,True,False,False,False,False,False,False,False,False,False,False,False,False,False,False,False,False,False,False,3204.881,165.2454826412236,5
2025-10-31,3340.5800293506427,93.0,1.0332858810921497,113310.09,0.4803,0,10,3370.1265861568486,3246.680886275749,2.892158064311801,False,False,True,False,False,False,False,False,False,False,False,False,False,False,False,False,False,False,False,False,False,3209.7573,130.8227051318927,5
2025-11-30,3363.911484139534,96.0,0.3467109950130442,113310.09,0.4803,0,11,3340.5800293506427,3260.3786573882217,3.175484740605228,False,False,True,False,False,False,False,False,False,False,False,False,False,False,False,False,False,False,False,False,False,3224.229,139.68248023328397,5
2025-12-31,3328.8799649765747,98.0,-0.0110437965417098,113310.09,0.4803,0,12,3363.911484139534,3256.9040911623333,2.2099476005311036,False,False,True,False,False,False,False,False,False,False,False,False,False,False,False,False,False,False,False,False,False,3190.5789,138.30110755469968,5
2025-01-31,2551.1169393965865,53.0,-2.0957565649731724,57165.85,0.9323,0,1,2550.7479701055795,2506.6798083220024,1.772748594657192,False,False,False,True,False,False,False,False,False,False,False,False,False,False,False,False,False,False,False,False,False,2567.1104,-15.993412165913469,5
2025-02-28,2557.8861555187345,55.0,0.6219365206910465,57165.85,0.9323,0,2,2551.1169393965865,2529.762735246027,1.111701895236128,False,False,False,True,False,False,False,False,False,False,False,False,False,False,False,False,False,False,False,False,False,2560.0818,-2.1956315906404598,5
2025-03-31,2575.38843750813,64.0,0.0734683447262574,57165.85,0.9323,0,3,2557.8861555187345,2556.899686746101,0.7230925349894335,False,False,False,True,False,False,False,False,False,False,False,False,False,False,False,False,False,False,False,False,False,2600.5469,-25.15843749186979,5
2025-04-30,2575.21018080403,61.0,0.7261642567589099,57165.85,0.9323,0,4,2575.38843750813,2570.7123111956166,0.1749658874244719,False,False,False,True,False,False,False,False,False,False,False,False,False,False,False,False,False,False,False,False,False,2587.1758,-11.965600445969812,5
2025-05-31,2580.265353884868,67.0,0.1980574525058287,57165.85,0.9323,0,5,2575.21018080403,2580.399780297458,-0.0052095188356693,False,False,False,True,False,False,False,False,False,False,False,False,False,False,False,False,False,False,False,False,False,2580.65,-0.384548458881909,5
2025-06-30,2584.122878459392,73.0,-0.814383756602044,57165.85,0.9323,0,6,2580.265353884868,2592.7865570031904,-0.3341454590775172,False,False,False,True,False,False,False,False,False,False,False,False,False,False,False,False,False,False,False,False,False,2618.4934,-34.37052974373319,5
2025-07-31,2596.0263617529927,76.0,-0.787589879310624,57165.85,0.9323,0,7,2584.122878459392,2602.95281936464,-0.2661000061206731,False,False,False,True,False,False,False,False,False,False,False,False,False,False,False,False,False,False,False,False,False,2621.431,-25.40454645013233,5
2025-08-31,2593.2298468366193,79.0,0.4499509874817287,57165.85,0.9323,0,8,2596.0263617529927,2597.5070611645115,-0.1646661289911755,False,False,False,True,False,False,False,False,False,False,False,False,False,False,False,False,False,False,False,False,False,2616.5427,-23.312877772755655,5
2025-09-30,2596.196573069565,69.0,0.0159976963317376,57165.85,0.9323,0,9,2593.2298468366193,2584.8193063475824,0.4401571395742598,False,False,False,True,False,False,False,False,False,False,False,False,False,False,False,False,False,False,False,False,False,2577.5984,18.598184397690147,5
2025-10-31,2581.1159185328856,77.0,1.0332858810921497,57165.85,0.9323,0,10,2596.196573069565,2574.1432669806454,0.2708727071131012,False,False,False,True,False,False,False,False,False,False,False,False,False,False,False,False,False,False,False,False,False,2576.2634,4.852490798510644,5
2025-11-30,2551.66401213632,72.0,0.3467109950130442,57165.85,0.9323,0,11,2581.1159185328856,2570.6708456998895,-0.7393725103065463,False,False,False,True,False,False,False,False,False,False,False,False,False,False,False,False,False,False,False,False,False,2570.5676,-18.903614816805202,5
2025-12-31,2530.686613529449,63.0,-0.0110437965417098,57165.85,0.9323,0,12,2551.66401213632,2550.7479701055795,-0.7864891714605582,False,False,False,True,False,False,False,False,False,False,False,False,False,False,False,False,False,False,False,False,False,2551.4785,-20.791902095550995,5
2025-01-31,2505.948313636728,220.0,-2.0957565649731724,56417.0,0.7701,0,1,2478.859821737707,2371.139941908846,5.685382349021406,False,False,False,False,True,False,False,False,False,False,False,False,False,False,False,False,False,False,False,False,False,2283.6738,222.27448551172802,5
2025-02-28,2487.8926034185997,209.0,0.6219365206910465,56417.0,0.7701,0,2,2505.948313636728,2369.387873357645,5.0014913722430165,False,False,False,False,True,False,False,False,False,False,False,False,False,False,False,False,False,False,False,False,False,2274.2246,213.66799404359972,5
2025-03-31,2478.2333138681397,196.0,0.0734683447262574,56417.0,0.7701,0,3,2487.8926034185997,2342.4549761126664,5.796411847402894,False,False,False,False,True,False,False,False,False,False,False,False,False,False,False,False,False,False,False,False,False,2328.9058,149.3275521493897,5
2025-04-30,2452.814931080659,184.0,0.7261642567589099,56417.0,0.7701,0,4,2478.2333138681397,2390.6079546742253,2.6021404423424377,False,False,False,False,True,False,False,False,False,False,False,False,False,False,False,False,False,False,False,False,False,2296.1042,156.71068303378388,5
2025-05-31,2416.3835008311803,183.0,0.1980574525058287,56417.0,0.7701,0,5,2452.814931080659,2432.878577977486,-0.6780065925040435,False,False,False,False,True,False,False,False,False,False,False,False,False,False,False,False,False,False,False,False,False,2321.9714,94.4120652843053,5
2025-06-30,2374.0580627844615,171.0,-0.814383756602044,56417.0,0.7701,0,6,2416.3835008311803,2488.2808114224354,-4.590428383871914,False,False,False,False,True,False,False,False,False,False,False,False,False,False,False,False,False,False,False,False,False,2340.4185,33.63960575321153,5
2025-07-31,2381.6233483815786,172.0,-0.787589879310624,56417.0,0.7701,0,7,2374.0580627844615,2431.8420193924735,-2.065046602963161,False,False,False,False,True,False,False,False,False,False,False,False,False,False,False,False,False,False,False,False,False,2360.828,20.79546752220358,5
2025-08-31,2439.648970139649,167.0,0.4499509874817287,56417.0,0.7701,0,8,2381.6233483815786,2381.64440596149,2.4354838208830776,False,False,False,False,True,False,False,False,False,False,False,False,False,False,False,False,False,False,False,False,False,2434.381,5.267866624024009,5
2025-09-30,2546.3285481170465,185.0,0.0159976963317376,56417.0,0.7701,0,9,2439.648970139649,2381.2364756802726,6.933039793521978,False,False,False,False,True,False,False,False,False,False,False,False,False,False,False,False,False,False,False,False,False,2303.5947,242.73382155454647,5
2025-10-31,2486.775174345397,188.0,1.0332858810921497,56417.0,0.7701,0,10,2546.3285481170465,2431.7851338024375,2.261303425972283,False,False,False,False,True,False,False,False,False,False,False,False,False,False,False,False,False,False,False,False,False,2362.8472,123.92800637664686,5
2025-11-30,2438.6048916619666,183.0,0.3467109950130442,56417.0,0.7701,0,11,2486.775174345397,2468.3386317255745,-1.204605384424973,False,False,False,False,True,False,False,False,False,False,False,False,False,False,False,False,False,False,False,False,False,2342.504,96.10098541196658,5
2025-12-31,2412.408500351529,186.0,-0.0110437965417098,56417.0,0.7701,0,12,2438.6048916619666,2478.859821737707,-2.680721225276672,False,False,False,False,True,False,False,False,False,False,False,False,False,False,False,False,False,False,False,False,False,2289.1836,123.2249066015288,5
2025-01-31,2752.0882449872843,386.0,-2.0957565649731724,92903.0,0.5307,0,1,2734.567205113612,2703.989538118381,1.7788052132174048,False,False,False,False,False,True,False,False,False,False,False,False,False,False,False,False,False,False,False,False,False,2638.8647,113.22349889353427,5
2025-02-28,2800.02732180775,398.0,0.6219365206910465,92903.0,0.5307,0,2,2752.0882449872843,2704.0626051523295,3.548908833418607,False,False,False,False,False,True,False,False,False,False,False,False,False,False,False,False,False,False,False,False,False,2675.007,125.02024172962501,5
2025-03-31,2830.6317786824193,411.0,0.0734683447262574,92903.0,0.5307,0,3,2800.02732180775,2726.3490651029165,3.8249949323919896,False,False,False,False,False,True,False,False,False,False,False,False,False,False,False,False,False,False,False,False,False,2734.2354,96.39642711991928,5
2025-04-30,2852.9518900523585,415.0,0.7261642567589099,92903.0,0.5307,0,4,2830.6317786824193,2786.105275888815,2.3992852941358667,False,False,False,False,False,True,False,False,False,False,False,False,False,False,False,False,False,False,False,False,False,2703.9285,149.02342325548352,5
2025-05-31,2838.202217438642,425.0,0.1980574525058287,92903.0,0.5307,0,5,2852.9518900523585,2765.141135768459,2.6422188988873607,False,False,False,False,False,True,False,False,False,False,False,False,False,False,False,False,False,False,False,False,False,2728.9995,109.20270571989204,5
2025-06-30,2886.441602635498,400.0,-0.814383756602044,92903.0,0.5307,0,6,2838.202217438642,2756.84377828888,4.700949156685863,False,False,False,False,False,True,False,False,False,False,False,False,False,False,False,False,False,False,False,False,False,2704.635,181.80659286987293,5
2025-07-31,2923.974886610315,396.0,-0.787589879310624,92903.0,0.5307,0,7,2886.441602635498,2768.7157584641595,5.607622511321986,False,False,False,False,False,True,False,False,False,False,False,False,False,False,False,False,False,False,False,False,False,2709.1792,214.79568739156502,5
2025-08-31,2942.787567134645,375.0,0.4499509874817287,92903.0,0.5307,0,8,2923.974886610315,2786.9628713784705,5.591200993614298,False,False,False,False,False,True,False,False,False,False,False,False,False,False,False,False,False,False,False,False,False,2722.4292,220.3583679158951,5
2025-09-30,2927.812017297261,363.0,0.0159976963317376,92903.0,0.5307,0,9,2942.787567134645,2820.9699946076894,3.787421450557815,False,False,False,False,False,True,False,False,False,False,False,False,False,False,False,False,False,False,False,False,False,2673.7761,254.0358942503858,5
2025-10-31,2885.804184672634,365.0,1.0332858810921497,92903.0,0.5307,0,10,2927.812017297261,2789.1941831361733,3.463724473562202,False,False,False,False,False,True,False,False,False,False,False,False,False,False,False,False,False,False,False,False,False,2699.3257,186.47850107888416,5
2025-11-30,2814.5625470688246,326.0,0.3467109950130442,92903.0,0.5307,0,11,2885.804184672634,2789.4863382745634,0.8989543504906328,False,False,False,False,False,True,False,False,False,False,False,False,False,False,False,False,False,False,False,False,False,2669.1487,145.41386542819964,5
2025-12-31,2811.9039812050114,316.0,-0.0110437965417098,92903.0,0.5307,0,12,2814.5625470688246,2734.567205113612,2.8281175882889364,False,False,False,False,False,True,False,False,False,False,False,False,False,False,False,False,False,False,False,False,False,2646.1462,165.7577409706364,5
2025-01-31,2279.718903246752,280.0,-2.0957565649731724,62655.0,0.831,0,1,2211.224283879958,2256.1767472786705,1.0434535324626903,False,False,False,False,False,False,True,False,False,False,False,False,False,False,False,False,False,False,False,False,False,2218.1409,61.57803410612678,5
2025-02-28,2302.01382056712,292.0,0.6219365206910465,62655.0,0.831,0,2,2279.718903246752,2232.532425207902,3.1122233466664095,False,False,False,False,False,False,True,False,False,False,False,False,False,False,False,False,False,False,False,False,False,2196.226,105.78774634837009,5
2025-03-31,2332.1899342155957,289.0,0.0734683447262574,62655.0,0.831,0,3,2302.01382056712,2232.1385206715813,4.482312034734837,False,False,False,False,False,False,True,False,False,False,False,False,False,False,False,False,False,False,False,False,False,2266.9795,65.21044202809571,5
2025-04-30,2303.924673013656,281.0,0.7261642567589099,62655.0,0.831,0,4,2332.1899342155957,2219.243695989322,3.815758367473187,False,False,False,False,False,False,True,False,False,False,False,False,False,False,False,False,False,False,False,False,False,2223.8992,80.02550309178105,5
2025-05-31,2321.8767890848485,286.0,0.1980574525058287,62655.0,0.831,0,5,2303.924673013656,2247.3678174357915,3.3153883877393264,False,False,False,False,False,False,True,False,False,False,False,False,False,False,False,False,False,False,False,False,False,2267.371,54.5056953348485,5
2025-06-30,2314.799594546382,274.0,-0.814383756602044,62655.0,0.831,0,6,2321.8767890848485,2243.674182389918,3.170041921180511,False,False,False,False,False,False,True,False,False,False,False,False,False,False,False,False,False,False,False,False,False,2264.8699,49.929721499507195,5
2025-07-31,2308.885336510984,248.0,-0.787589879310624,62655.0,0.831,0,7,2314.799594546382,2261.497411595389,2.0954224697593116,False,False,False,False,False,False,True,False,False,False,False,False,False,False,False,False,False,False,False,False,False,2263.067,45.81844197973396,5
2025-08-31,2289.419590172309,235.0,0.4499509874817287,62655.0,0.831,0,8,2308.885336510984,2241.123520549539,2.154993652957038,False,False,False,False,False,False,True,False,False,False,False,False,False,False,False,False,False,False,False,False,False,2256.5461,32.8734475941842,5
2025-09-30,2271.9841856316716,228.0,0.0159976963317376,62655.0,0.831,0,9,2289.419590172309,2255.890808390815,0.7133934488760207,False,False,False,False,False,False,True,False,False,False,False,False,False,False,False,False,False,False,False,False,False,2233.1965,38.78765242854661,5
2025-10-31,2266.9239359575913,225.0,1.0332858810921497,62655.0,0.831,0,10,2271.9841856316716,2236.9636730018983,1.3393272012990565,False,False,False,False,False,False,True,False,False,False,False,False,False,False,False,False,False,False,False,False,False,2241.7195,25.20445353571631,5
2025-11-30,2251.8482817169493,228.0,0.3467109950130442,62655.0,0.831,0,11,2266.9239359575913,2239.5473082846106,0.5492616024155517,False,False,False,False,False,False,True,False,False,False,False,False,False,False,False,False,False,False,False,False,False,2257.7598,-5.911483908050741,5
2025-12-31,2249.5618806706184,230.0,-0.0110437965417098,62655.0,0.831,0,12,2251.8482817169493,2211.224283879958,1.7337724205610971,False,False,False,False,False,False,True,False,False,False,False,False,False,False,False,False,False,False,False,False,False,2234.064,15.497915826868393,5
2025-01-31,2800.4539063484667,439.0,-2.0957565649731724,94401.0,0.5354,0,1,2754.7190903094324,2686.698583995347,4.234018770499981,False,False,False,False,False,False,False,True,False,False,False,False,False,False,False,False,False,False,False,False,False,2669.9756,130.47832041096672,5
2025-02-28,2805.0167875536554,416.0,0.6219365206910465,94401.0,0.5354,0,2,2800.4539063484667,2696.9984042951437,4.005133376663683,False,False,False,False,False,False,False,True,False,False,False,False,False,False,False,False,False,False,False,False,False,2665.763,139.25384810053038,5
2025-03-31,2840.1288674839284,436.0,0.0734683447262574,94401.0,0.5354,0,3,2805.0167875536554,2715.746870433226,4.580029103775063,False,False,False,False,False,False,False,True,False,False,False,False,False,False,False,False,False,False,False,False,False,2723.8247,116.30416045267839,5
2025-04-30,2831.475330759068,426.0,0.7261642567589099,94401.0,0.5354,0,4,2840.1288674839284,2695.189420839079,5.056635680825727,False,False,False,False,False,False,False,True,False,False,False,False,False,False,False,False,False,False,False,False,False,2686.75,144.72533075906813,5
2025-05-31,2830.9014759788633,411.0,0.1980574525058287,94401.0,0.5354,0,5,2831.475330759068,2716.848408924238,4.197991565520787,False,False,False,False,False,False,False,True,False,False,False,False,False,False,False,False,False,False,False,False,False,2724.6838,106.21763808823835,5
2025-06-30,2862.9007453918407,429.0,-0.814383756602044,94401.0,0.5354,0,6,2830.9014759788633,2721.6955880118744,5.18813191313261,False,False,False,False,False,False,False,True,False,False,False,False,False,False,False,False,False,False,False,False,False,2719.7766,143.1241340637157,5
2025-07-31,2887.5842132246507,432.0,-0.787589879310624,94401.0,0.5354,0,7,2862.9007453918407,2739.9523637674256,5.388117377859514,False,False,False,False,False,False,False,True,False,False,False,False,False,False,False,False,False,False,False,False,False,2725.435,162.14915463090074,5
2025-08-31,2895.2072008955956,424.0,0.4499509874817287,94401.0,0.5354,0,8,2887.5842132246507,2761.769637735208,4.831596427782192,False,False,False,False,False,False,False,True,False,False,False,False,False,False,False,False,False,False,False,False,False,2724.5972,170.61003292684563,5
2025-09-30,2929.1398839166354,390.0,0.0159976963317376,94401.0,0.5354,0,9,2895.2072008955956,2756.605579701037,6.258940542168889,False,False,False,False,False,False,False,True,False,False,False,False,False,False,False,False,False,False,False,False,False,2684.9941,244.14574329163543,5
2025-10-31,2896.1590346611483,379.0,1.0332858810921497,94401.0,0.5354,0,10,2929.1398839166354,2766.6996359264813,4.679199615801988,False,False,False,False,False,False,False,True,False,False,False,False,False,False,False,False,False,False,False,False,False,2698.639,197.52011864552333,5
2025-11-30,2889.014801158036,385.0,0.3467109950130442,94401.0,0.5354,0,11,2896.1590346611483,2769.9246854199782,4.29939905459924,False,False,False,False,False,False,False,True,False,False,False,False,False,False,False,False,False,False,False,False,False,2705.1956,183.81924451741088,5
2025-12-31,2837.1176289709197,377.0,-0.0110437965417098,94401.0,0.5354,0,12,2889.014801158036,2754.7190903094324,2.991177537896661,False,False,False,False,False,False,False,True,False,False,False,False,False,False,False,False,False,False,False,False,False,2678.6199,158.49775592404467,5
2025-01-31,2410.989216241989,172.0,-2.0957565649731724,53314.86,0.8997,0,1,2398.5470187008136,2441.112053775336,-1.2339801233933412,False,False,False,False,False,False,False,False,True,False,False,False,False,False,False,False,False,False,False,False,False,2465.925,-54.9358325861358,5
2025-02-28,2434.998970716213,180.0,0.6219365206910465,53314.86,0.8997,0,2,2410.989216241989,2421.406934215586,0.5613280571954204,False,False,False,False,False,False,False,False,True,False,False,False,False,False,False,False,False,False,False,False,False,2459.8645,-24.86553123691192,5
2025-03-31,2478.140677182568,190.0,0.0734683447262574,53314.86,0.8997,0,3,2434.998970716213,2441.723390534434,1.4914583195340114,False,False,False,False,False,False,False,False,True,False,False,False,False,False,False,False,False,False,False,False,False,2501.6064,-23.465768129931803,5
2025-04-30,2471.3418870566165,182.0,0.7261642567589099,53314.86,0.8997,0,4,2478.140677182568,2468.595416064632,0.1112564243663349,False,False,False,False,False,False,False,False,True,False,False,False,False,False,False,False,False,False,False,False,False,2475.8713,-4.529450834008458,5
2025-05-31,2469.9581451755944,174.0,0.1980574525058287,53314.86,0.8997,0,5,2471.3418870566165,2478.0641513795053,-0.3271104260718416,False,False,False,False,False,False,False,False,True,False,False,False,False,False,False,False,False,False,False,False,False,2537.9958,-68.03770443378062,5
2025-06-30,2472.841021625159,175.0,-0.814383756602044,53314.86,0.8997,0,6,2469.9581451755944,2469.7309279548267,0.1259284416423423,False,False,False,False,False,False,False,False,True,False,False,False,False,False,False,False,False,False,False,False,False,2541.7654,-68.9243592342159,5
2025-07-31,2487.778485054238,181.0,-0.787589879310624,53314.86,0.8997,0,7,2472.841021625159,2459.108383088767,1.1658738656106005,False,False,False,False,False,False,False,False,True,False,False,False,False,False,False,False,False,False,False,False,False,2499.2515,-11.47297978951201,5
2025-08-31,2497.6861773681135,169.0,0.4499509874817287,53314.86,0.8997,0,8,2487.778485054238,2472.6456856230925,1.0127003594011086,False,False,False,False,False,False,False,False,True,False,False,False,False,False,False,False,False,False,False,False,False,2586.6038,-88.91758239751152,5
2025-09-30,2499.9798448681463,164.0,0.0159976963317376,53314.86,0.8997,0,9,2497.6861773681135,2470.4226709022287,1.1964419819351368,False,False,False,False,False,False,False,False,True,False,False,False,False,False,False,False,False,False,False,False,False,2556.8853,-56.9054090381037,5
2025-10-31,2495.6959787072533,179.0,1.0332858810921497,53314.86,0.8997,0,10,2499.9798448681463,2464.7960075843203,1.2536522709324371,False,False,False,False,False,False,False,False,True,False,False,False,False,False,False,False,False,False,False,False,False,2497.7314,-2.035466605246711,5
2025-11-30,2488.142531044599,175.0,0.3467109950130442,53314.86,0.8997,0,11,2495.6959787072533,2437.4355488681726,2.0803414555913946,False,False,False,False,False,False,False,False,True,False,False,False,False,False,False,False,False,False,False,False,False,2553.2236,-65.08110176790115,5
2025-12-31,2479.592133241318,168.0,-0.0110437965417098,53314.86,0.8997,0,12,2488.142531044599,2398.5470187008136,3.378925403947397,False,False,False,False,False,False,False,False,True,False,False,False,False,False,False,False,False,False,False,False,False,2560.6536,-81.06143121180685,5
2025-01-31,2219.75669946754,267.0,-2.0957565649731724,61822.0,0.6964,0,1,2206.8297665465634,2219.4051997706124,0.0158375630084917,False,False,False,False,False,False,False,False,False,True,False,False,False,False,False,False,False,False,False,False,False,2110.6636,109.09312524878987,5
2025-02-28,2186.9369412185415,255.0,0.6219365206910465,61822.0,0.6964,0,2,2219.75669946754,2225.354070100533,-1.726337817345902,False,False,False,False,False,False,False,False,False,True,False,False,False,False,False,False,False,False,False,False,False,2025.5026,161.434377741979,5
2025-03-31,2198.2329205625706,252.0,0.0734683447262574,61822.0,0.6964,0,3,2186.9369412185415,2230.4049117866875,-1.4424282808068845,False,False,False,False,False,False,False,False,False,True,False,False,False,False,False,False,False,False,False,False,False,2078.2302,120.0026959531956,5
2025-04-30,2214.3919526316886,234.0,0.7261642567589099,61822.0,0.6964,0,4,2198.2329205625706,2172.1693180293505,1.943800340603441,False,False,False,False,False,False,False,False,False,True,False,False,False,False,False,False,False,False,False,False,False,2030.593,183.79893505356358,5
2025-05-31,2245.1974256760836,242.0,0.1980574525058287,61822.0,0.6964,0,5,2214.3919526316886,2163.305515801167,3.7854990558089607,False,False,False,False,False,False,False,False,False,True,False,False,False,False,False,False,False,False,False,False,False,2076.9734,168.22403700420864,5
2025-06-30,2288.47236444778,237.0,-0.814383756602044,61822.0,0.6964,0,6,2245.1974256760836,2193.1190206830324,4.347841720649082,False,False,False,False,False,False,False,False,False,True,False,False,False,False,False,False,False,False,False,False,False,2077.554,210.9184093696549,5
2025-07-31,2279.88341430272,234.0,-0.787589879310624,61822.0,0.6964,0,7,2288.47236444778,2217.3226499336915,2.8214551621929873,False,False,False,False,False,False,False,False,False,True,False,False,False,False,False,False,False,False,False,False,False,2076.6475,203.2359533652202,5
2025-08-31,2264.5067546703895,232.0,0.4499509874817287,61822.0,0.6964,0,8,2279.88341430272,2224.115799105799,1.8160455305802792,False,False,False,False,False,False,False,False,False,True,False,False,False,False,False,False,False,False,False,False,False,2070.0293,194.47745779538945,5
2025-09-30,2253.937441888598,233.0,0.0159976963317376,61822.0,0.6964,0,9,2264.5067546703895,2213.7347685216537,1.8160564643338928,False,False,False,False,False,False,False,False,False,True,False,False,False,False,False,False,False,False,False,False,False,2057.6353,196.3021879823482,5
2025-10-31,2266.5637478732106,244.0,1.0332858810921497,61822.0,0.6964,0,10,2253.937441888598,2203.594522359607,2.857568616851358,False,False,False,False,False,False,False,False,False,True,False,False,False,False,False,False,False,False,False,False,False,2096.9888,169.57497834196056,5
2025-11-30,2263.00370278958,238.0,0.3467109950130442,61822.0,0.6964,0,11,2266.5637478732106,2228.8350594136173,1.5330270058185658,False,False,False,False,False,False,False,False,False,True,False,False,False,False,False,False,False,False,False,False,False,2091.073,171.93070474270507,5
2025-12-31,2216.762412446216,230.0,-0.0110437965417098,61822.0,0.6964,0,12,2263.00370278958,2206.8297665465634,0.4500866378649659,False,False,False,False,False,False,False,False,False,True,False,False,False,False,False,False,False,False,False,False,False,2054.1567,162.60567416496588,5
2025-01-31,2640.738958853258,285.0,-2.0957565649731724,90532.0,0.797,0,1,2618.3260632485167,2599.62281838632,1.5816194632596758,False,False,False,False,False,False,False,False,False,False,True,False,False,False,False,False,False,False,False,False,False,2535.8774,104.86151744700783,5
2025-02-28,2663.7337536056752,269.0,0.6219365206910465,90532.0,0.797,0,2,2640.738958853258,2586.366457177294,2.9913509051930243,False,False,False,False,False,False,False,False,False,False,True,False,False,False,False,False,False,False,False,False,False,2526.377,137.35680048067525,5
2025-03-31,2646.345207023765,288.0,0.0734683447262574,90532.0,0.797,0,3,2663.7337536056752,2586.897425190865,2.2980339790053206,False,False,False,False,False,False,False,False,False,False,True,False,False,False,False,False,False,False,False,False,False,2593.6946,52.65062694563994,5
2025-04-30,2632.186077454411,271.0,0.7261642567589099,90532.0,0.797,0,4,2646.345207023765,2586.2588313910933,1.775817853413164,False,False,False,False,False,False,False,False,False,False,True,False,False,False,False,False,False,False,False,False,False,2559.5674,72.61869464191113,5
2025-05-31,2659.8119943751085,275.0,0.1980574525058287,90532.0,0.797,0,5,2632.186077454411,2614.9950263181336,1.7138452504086077,False,False,False,False,False,False,False,False,False,False,True,False,False,False,False,False,False,False,False,False,False,2600.4312,59.3808420313585,5
2025-06-30,2688.510503688723,281.0,-0.814383756602044,90532.0,0.797,0,6,2659.8119943751085,2636.9070097739395,1.95697056147639,False,False,False,False,False,False,False,False,False,False,True,False,False,False,False,False,False,False,False,False,False,2584.562,103.94849196997302,5
2025-07-31,2698.444301408787,288.0,-0.787589879310624,90532.0,0.797,0,7,2688.510503688723,2647.966126561565,1.906299870715067,False,False,False,False,False,False,False,False,False,False,True,False,False,False,False,False,False,False,False,False,False,2593.5647,104.87960414316194,5
2025-08-31,2682.9277944994715,280.0,0.4499509874817287,90532.0,0.797,0,8,2698.444301408787,2641.7265019528045,1.5596350536745796,False,False,False,False,False,False,False,False,False,False,True,False,False,False,False,False,False,False,False,False,False,2591.7444,91.18340973384647,5
2025-09-30,2687.186537518142,254.0,0.0159976963317376,90532.0,0.797,0,9,2682.9277944994715,2646.9036834055723,1.5218859063560908,False,False,False,False,False,False,False,False,False,False,True,False,False,False,False,False,False,False,False,False,False,2582.5586,104.6279437681419,5
2025-10-31,2678.5400926621446,273.0,1.0332858810921497,90532.0,0.797,0,10,2687.186537518142,2644.987952064643,1.2685177099317713,False,False,False,False,False,False,False,False,False,False,True,False,False,False,False,False,False,False,False,False,False,2594.4568,84.08330555276962,5
2025-11-30,2673.3064631526345,273.0,0.3467109950130442,90532.0,0.797,0,11,2678.5400926621446,2625.3015136495055,1.828549949540692,False,False,False,False,False,False,False,False,False,False,True,False,False,False,False,False,False,False,False,False,False,2612.1018,61.20465651200948,5
2025-12-31,2668.794811201853,278.0,-0.0110437965417098,90532.0,0.797,0,12,2673.3064631526345,2618.3260632485167,1.9275195958871727,False,False,False,False,False,False,False,False,False,False,True,False,False,False,False,False,False,False,False,False,False,2573.1956,95.59925456122801,5
2025-01-31,3068.8955474498516,444.0,-2.0957565649731724,107786.0,0.6141,0,1,3055.5557363869034,3028.84963064393,1.3221493863796674,False,False,False,False,False,False,False,False,False,False,False,True,False,False,False,False,False,False,False,False,False,3001.322,67.57352596547662,5
2025-02-28,3094.51002537014,429.0,0.6219365206910465,107786.0,0.6141,0,2,3068.8955474498516,3043.11336266875,1.6889499856264312,False,False,False,False,False,False,False,False,False,False,False,True,False,False,False,False,False,False,False,False,False,3000.4165,94.09352146388983,5
2025-03-31,3164.284718363292,435.0,0.0734683447262574,107786.0,0.6141,0,3,3094.51002537014,3072.941720462444,2.9724936627532728,False,False,False,False,False,False,False,False,False,False,False,True,False,False,False,False,False,False,False,False,False,3061.1978,103.08696445704209,5
2025-04-30,3168.3196594630526,449.0,0.7261642567589099,107786.0,0.6141,0,4,3164.284718363292,3090.6562238018896,2.5128461413164604,False,False,False,False,False,False,False,False,False,False,False,True,False,False,False,False,False,False,False,False,False,3036.9507,131.36897586930263,5
2025-05-31,3182.365004293344,453.0,0.1980574525058287,107786.0,0.6141,0,5,3168.3196594630526,3096.144923780874,2.7847559670166167,False,False,False,False,False,False,False,False,False,False,False,True,False,False,False,False,False,False,False,False,False,3071.76,110.6049945277191,5
2025-06-30,3149.6986505372124,467.0,-0.814383756602044,107786.0,0.6141,0,6,3182.365004293344,3075.258898073624,2.420601156872304,False,False,False,False,False,False,False,False,False,False,False,True,False,False,False,False,False,False,False,False,False,3062.511,87.18766420908742,5
2025-07-31,3167.675447670227,476.0,-0.787589879310624,107786.0,0.6141,0,7,3149.6986505372124,3061.835781976234,3.456738807385684,False,False,False,False,False,False,False,False,False,False,False,True,False,False,False,False,False,False,False,False,False,3074.2898,93.38565274835219,5
2025-08-31,3153.2868491871836,509.0,0.4499509874817287,107786.0,0.6141,0,8,3167.675447670227,3058.02000213755,3.115311442797708,False,False,False,False,False,False,False,False,False,False,False,True,False,False,False,False,False,False,False,False,False,3072.0337,81.25315778093363,5
2025-09-30,3187.681908201884,517.0,0.0159976963317376,107786.0,0.6141,0,9,3153.2868491871836,3072.244609467607,3.75742538138204,False,False,False,False,False,False,False,False,False,False,False,True,False,False,False,False,False,False,False,False,False,3061.1426,126.5393300768842,5
2025-10-31,3179.274286039494,532.0,1.0332858810921497,107786.0,0.6141,0,10,3187.681908201884,3077.595811723638,3.3038280702270217,False,False,False,False,False,False,False,False,False,False,False,True,False,False,False,False,False,False,False,False,False,3075.3843,103.8900086957442,5
2025-11-30,3177.675953565589,539.0,0.3467109950130442,107786.0,0.6141,0,11,3179.274286039494,3079.1257836344193,3.200589285925415,False,False,False,False,False,False,False,False,False,False,False,True,False,False,False,False,False,False,False,False,False,3084.254,93.42204731558923,5
2025-12-31,3130.157423982606,520.0,-0.0110437965417098,107786.0,0.6141,0,12,3177.675953565589,3055.5557363869034,2.441509631367955,False,False,False,False,False,False,False,False,False,False,False,True,False,False,False,False,False,False,False,False,False,3061.9343,68.2230978107309,5
2025-01-31,2861.63916809483,299.0,-2.0957565649731724,102877.0,0.8661,0,1,2850.7311139703916,2749.2909890534797,4.086441904064486,False,False,False,False,False,False,False,False,False,False,False,False,True,False,False,False,False,False,False,False,False,2791.9858,69.65332825107998,5
2025-02-28,2901.6589824887164,279.0,0.6219365206910465,102877.0,0.8661,0,2,2861.63916809483,2758.5472707247563,5.187937625094974,False,False,False,False,False,False,False,False,False,False,False,False,True,False,False,False,False,False,False,False,False,2781.9465,119.71244928559145,5
2025-03-31,2909.1650213377548,265.0,0.0734683447262574,102877.0,0.8661,0,3,2901.6589824887164,2784.7550325929424,4.467537980494174,False,False,False,False,False,False,False,False,False,False,False,False,True,False,False,False,False,False,False,False,False,2845.345,63.82005063462975,5
2025-04-30,2881.339358487048,254.0,0.7261642567589099,102877.0,0.8661,0,4,2909.1650213377548,2792.464097853209,3.182682302063067,False,False,False,False,False,False,False,False,False,False,False,False,True,False,False,False,False,False,False,False,False,2817.019,64.32031551829778,5
2025-05-31,2839.7338430122145,246.0,0.1980574525058287,102877.0,0.8661,0,5,2881.339358487048,2799.970081530058,1.4201495131843431,False,False,False,False,False,False,False,False,False,False,False,False,True,False,False,False,False,False,False,False,False,2864.4731,-24.739301519035507,5
2025-06-30,2831.06521447498,250.0,-0.814383756602044,102877.0,0.8661,0,6,2839.7338430122145,2822.6689712229986,0.2974575955445369,False,False,False,False,False,False,False,False,False,False,False,False,True,False,False,False,False,False,False,False,False,2852.6975,-21.632295290644834,5
2025-07-31,2850.9306839450674,246.0,-0.787589879310624,102877.0,0.8661,0,7,2831.06521447498,2841.549440738074,0.3301453450887948,False,False,False,False,False,False,False,False,False,False,False,False,True,False,False,False,False,False,False,False,False,2857.3826,-6.451884414307642,5
2025-08-31,2869.4986132962135,243.0,0.4499509874817287,102877.0,0.8661,0,8,2850.9306839450674,2852.88730200072,0.5822631438628489,False,False,False,False,False,False,False,False,False,False,False,False,True,False,False,False,False,False,False,False,False,2857.2483,12.250322280588534,5
2025-09-30,2855.3977248287315,233.0,0.0159976963317376,102877.0,0.8661,0,9,2869.4986132962135,2823.084700872034,1.1445998749777695,False,False,False,False,False,False,False,False,False,False,False,False,True,False,False,False,False,False,False,False,False,2843.177,12.220722875606498,5
2025-10-31,2840.689177968033,216.0,1.0332858810921497,102877.0,0.8661,0,10,2855.3977248287315,2830.914875910445,0.3452700800282704,False,False,False,False,False,False,False,False,False,False,False,False,True,False,False,False,False,False,False,False,False,2849.441,-8.751740000716836,5
2025-11-30,2819.0813081645774,212.0,0.3467109950130442,102877.0,0.8661,0,11,2840.689177968033,2817.702203953145,0.0489442855067467,False,False,False,False,False,False,False,False,False,False,False,False,True,False,False,False,False,False,False,False,False,2847.6096,-28.528310976047578,5
2025-12-31,2822.822514780627,203.0,-0.0110437965417098,102877.0,0.8661,0,12,2819.0813081645774,2850.7311139703916,-0.978997950841265,False,False,False,False,False,False,False,False,False,False,False,False,True,False,False,False,False,False,False,False,False,2807.9382,14.884282358751989,5
2025-01-31,2645.1712977098623,319.0,-2.0957565649731724,103082.0,0.7935,0,1,2621.119170497035,2572.618985881258,2.8201732252920886,False,False,False,False,False,False,False,False,False,False,False,False,False,True,False,False,False,False,False,False,False,2557.0881,88.0831629442373,5
2025-02-28,2663.1765015767605,308.0,0.6219365206910465,103082.0,0.7935,0,2,2645.1712977098623,2586.7843194346046,2.953171687651679,False,False,False,False,False,False,False,False,False,False,False,False,False,True,False,False,False,False,False,False,False,2553.3699,109.80662852988553,5
2025-03-31,2671.230673969042,293.0,0.0734683447262574,103082.0,0.7935,0,3,2663.1765015767605,2602.1240086256807,2.655779091014976,False,False,False,False,False,False,False,False,False,False,False,False,False,True,False,False,False,False,False,False,False,2609.8274,61.40328139091707,5
2025-04-30,2664.507664924721,279.0,0.7261642567589099,103082.0,0.7935,0,4,2671.230673969042,2621.0789432948013,1.6569024653384945,False,False,False,False,False,False,False,False,False,False,False,False,False,True,False,False,False,False,False,False,False,2576.8147,87.69296765909621,5
2025-05-31,2666.0189605552077,288.0,0.1980574525058287,103082.0,0.7935,0,5,2664.507664924721,2620.439461870065,1.739383769339797,False,False,False,False,False,False,False,False,False,False,False,False,False,True,False,False,False,False,False,False,False,2608.5522,57.46671446145774,5
2025-06-30,2660.561415608639,288.0,-0.814383756602044,103082.0,0.7935,0,6,2666.0189605552077,2607.418197428363,2.038154762925637,False,False,False,False,False,False,False,False,False,False,False,False,False,True,False,False,False,False,False,False,False,2605.1392,55.42225545238898,5
2025-07-31,2662.334645357212,300.0,-0.787589879310624,103082.0,0.7935,0,7,2660.561415608639,2614.2635580774536,1.8388003432641795,False,False,False,False,False,False,False,False,False,False,False,False,False,True,False,False,False,False,False,False,False,2603.9795,58.35515316971214,5
2025-08-31,2672.344715378664,303.0,0.4499509874817287,103082.0,0.7935,0,8,2662.334645357212,2624.8417479169707,1.809745958947473,False,False,False,False,False,False,False,False,False,False,False,False,False,True,False,False,False,False,False,False,False,2613.4478,58.896961472414205,5
2025-09-30,2687.5457703996253,317.0,0.0159976963317376,103082.0,0.7935,0,9,2672.344715378664,2650.1538860286587,1.41093257142888,False,False,False,False,False,False,False,False,False,False,False,False,False,True,False,False,False,False,False,False,False,2596.5962,90.94957899337533,5
2025-10-31,2689.156238236012,316.0,1.0332858810921497,103082.0,0.7935,0,10,2687.5457703996253,2640.782730710924,1.831786726053952,False,False,False,False,False,False,False,False,False,False,False,False,False,True,False,False,False,False,False,False,False,2608.7192,80.43699995476209,5
2025-11-30,2683.5827221991053,307.0,0.3467109950130442,103082.0,0.7935,0,11,2689.156238236012,2626.2773836899764,2.1819987052781764,False,False,False,False,False,False,False,False,False,False,False,False,False,True,False,False,False,False,False,False,False,2620.465,63.11763430848032,5
2025-12-31,2665.558292275097,318.0,-0.0110437965417098,103082.0,0.7935,0,12,2683.5827221991053,2621.119170497035,1.6954254609352626,False,False,False,False,False,False,False,False,False,False,False,False,False,True,False,False,False,False,False,False,False,2594.4556,71.10272586884685,5
2025-01-31,3547.491316551217,0.0,-2.0957565649731724,116402.87,0.7337,0,1,3493.301404880672,3442.588242794147,3.047215245002022,False,False,False,False,False,False,False,False,False,False,False,False,False,False,True,False,False,False,False,False,False,3416.828,130.6634356918421,5
2025-02-28,3590.9892990544936,0.0,0.6219365206910465,116402.87,0.7337,0,2,3547.491316551217,3478.596025803723,3.230995275595494,False,False,False,False,False,False,False,False,False,False,False,False,False,False,True,False,False,False,False,False,False,3437.926,153.06327366386859,5
2025-03-31,3649.549319802265,0.0,0.0734683447262574,116402.87,0.7337,0,3,3590.9892990544936,3488.9347323894835,4.603542334045918,False,False,False,False,False,False,False,False,False,False,False,False,False,False,True,False,False,False,False,False,False,3481.3516,168.19775730226502,5
2025-04-30,3650.5983013715654,0.0,0.7261642567589099,116402.87,0.7337,0,4,3649.549319802265,3511.585302071431,3.958696353414304,False,False,False,False,False,False,False,False,False,False,False,False,False,False,True,False,False,False,False,False,False,3466.1943,184.4039654340654,5
2025-05-31,3629.978727796468,0.0,0.1980574525058287,116402.87,0.7337,0,5,3650.5983013715654,3504.076986994173,3.5930072675228075,False,False,False,False,False,False,False,False,False,False,False,False,False,False,True,False,False,False,False,False,False,3489.8281,140.15060279646787,5
2025-06-30,3614.08329632839,0.0,-0.814383756602044,116402.87,0.7337,0,6,3629.978727796468,3502.6038606649113,3.1827588873357904,False,False,False,False,False,False,False,False,False,False,False,False,False,False,True,False,False,False,False,False,False,3484.253,129.83036664089013,5
2025-07-31,3585.257122745083,0.0,-0.787589879310624,116402.87,0.7337,0,7,3614.08329632839,3502.985475091687,2.3486151523720578,False,False,False,False,False,False,False,False,False,False,False,False,False,False,True,False,False,False,False,False,False,3491.6477,93.60941766695805,5
2025-08-31,3597.8484860471017,0.0,0.4499509874817287,116402.87,0.7337,0,8,3585.257122745083,3502.646779679746,2.7179933449087423,False,False,False,False,False,False,False,False,False,False,False,False,False,False,True,False,False,False,False,False,False,3495.2146,102.63388643772669,5
2025-09-30,3605.715927324312,0.0,0.0159976963317376,116402.87,0.7337,0,9,3597.8484860471017,3509.9291469256787,2.729023190753921,False,False,False,False,False,False,False,False,False,False,False,False,False,False,True,False,False,False,False,False,False,3486.6238,119.0921480274369,5
2025-10-31,3613.9120931037087,0.0,1.0332858810921497,116402.87,0.7337,0,10,3605.715927324312,3497.642477948722,3.3242281304627808,False,False,False,False,False,False,False,False,False,False,False,False,False,False,True,False,False,False,False,False,False,3510.6343,103.27781575995868,5
2025-11-30,3616.600642732378,0.0,0.3467109950130442,116402.87,0.7337,0,11,3613.9120931037087,3492.69611840438,3.5475323397044844,False,False,False,False,False,False,False,False,False,False,False,False,False,False,True,False,False,False,False,False,False,3508.5056,108.09502749800322,5
2025-12-31,3604.5447390162713,0.0,-0.0110437965417098,116402.87,0.7337,0,12,3616.600642732378,3493.301404880672,3.184475693399236,False,False,False,False,False,False,False,False,False,False,False,False,False,False,True,False,False,False,False,False,False,3490.7473,113.79742456314625,5
2025-01-31,2816.5106714470057,850.0,-2.0957565649731724,92001.75,0.6869,0,1,2782.363020740384,2748.041033230026,2.4915799068873756,False,False,False,False,False,False,False,False,False,False,False,False,False,False,False,True,False,False,False,False,False,2710.504,106.00676519700573,5
2025-02-28,2818.835455778484,810.0,0.6219365206910465,92001.75,0.6869,0,2,2816.5106714470057,2750.695036567575,2.4772073350573187,False,False,False,False,False,False,False,False,False,False,False,False,False,False,False,True,False,False,False,False,False,2705.114,113.72144210660917,5
2025-03-31,2876.7751987729253,797.0,0.0734683447262574,92001.75,0.6869,0,3,2818.835455778484,2765.2610038949197,4.0326824383280835,False,False,False,False,False,False,False,False,False,False,False,False,False,False,False,True,False,False,False,False,False,2737.7444,139.03081400730025,5
2025-04-30,2882.3326600465207,783.0,0.7261642567589099,92001.75,0.6869,0,4,2876.7751987729253,2778.2219429705865,3.747386609603076,False,False,False,False,False,False,False,False,False,False,False,False,False,False,False,True,False,False,False,False,False,2707.1555,175.1771424683957,5
2025-05-31,2883.040671611685,767.0,0.1980574525058287,92001.75,0.6869,0,5,2882.3326600465207,2789.0441863120936,3.370204235590868,False,False,False,False,False,False,False,False,False,False,False,False,False,False,False,True,False,False,False,False,False,2773.8552,109.18544700230996,5
2025-06-30,2889.253974798242,763.0,-0.814383756602044,92001.75,0.6869,0,6,2883.040671611685,2792.512981904531,3.4642987703402683,False,False,False,False,False,False,False,False,False,False,False,False,False,False,False,True,False,False,False,False,False,2772.4758,116.77814472011687,5
2025-07-31,2900.6446002109587,790.0,-0.787589879310624,92001.75,0.6869,0,7,2889.253974798242,2800.6993430674847,3.5685821611258106,False,False,False,False,False,False,False,False,False,False,False,False,False,False,False,True,False,False,False,False,False,2777.9504,122.69416075783374,5
2025-08-31,2941.868614633534,787.0,0.4499509874817287,92001.75,0.6869,0,8,2900.6446002109587,2810.1725224219517,4.686405946994299,False,False,False,False,False,False,False,False,False,False,False,False,False,False,False,True,False,False,False,False,False,2751.593,190.27559705540898,5
2025-09-30,2923.816206423945,765.0,0.0159976963317376,92001.75,0.6869,0,9,2941.868614633534,2822.316238702663,3.5963357447122313,False,False,False,False,False,False,False,False,False,False,False,False,False,False,False,True,False,False,False,False,False,2757.4495,166.36674353332,5
2025-10-31,2905.6555387533617,767.0,1.0332858810921497,92001.75,0.6869,0,10,2923.816206423945,2797.614291396575,3.8619064711330258,False,False,False,False,False,False,False,False,False,False,False,False,False,False,False,True,False,False,False,False,False,2746.7195,158.93605633148672,5
2025-11-30,2857.8123481321127,762.0,0.3467109950130442,92001.75,0.6869,0,11,2905.6555387533617,2806.7709872593528,1.8185082111953357,False,False,False,False,False,False,False,False,False,False,False,False,False,False,False,True,False,False,False,False,False,2778.1172,79.69516063211267,5
2025-12-31,2844.2202485017397,756.0,-0.0110437965417098,92001.75,0.6869,0,12,2857.8123481321127,2782.363020740384,2.22319040686847,False,False,False,False,False,False,False,False,False,False,False,False,False,False,False,True,False,False,False,False,False,2761.2385,82.98172311111466,5
2025-01-31,2398.3436193679995,140.0,-2.0957565649731724,36032.0,0.8958,0,1,2428.5930545105366,2381.228851099715,0.7187368093738877,False,False,False,False,False,False,False,False,False,False,False,False,False,False,False,False,True,False,False,False,False,2327.575,70.76866819612451,5
2025-02-28,2407.70220333668,135.0,0.6219365206910465,36032.0,0.8958,0,2,2398.3436193679995,2382.822611014709,1.0441227226468452,False,False,False,False,False,False,False,False,False,False,False,False,False,False,False,False,True,False,False,False,False,2327.0823,80.61992794605521,5
2025-03-31,2351.3527782981646,118.0,0.0734683447262574,36032.0,0.8958,0,3,2407.70220333668,2377.625786720965,-1.1050102404480675,False,False,False,False,False,False,False,False,False,False,False,False,False,False,False,False,True,False,False,False,False,2311.5789,39.773920876289594,5
2025-04-30,2412.250308902318,110.0,0.7261642567589099,36032.0,0.8958,0,4,2351.3527782981646,2352.183401755694,2.553665972720909,False,False,False,False,False,False,False,False,False,False,False,False,False,False,False,False,True,False,False,False,False,2302.9824,109.26788702731801,5
2025-05-31,2456.842283340546,117.0,0.1980574525058287,36032.0,0.8958,0,5,2412.250308902318,2318.1981689077897,5.980684321654772,False,False,False,False,False,False,False,False,False,False,False,False,False,False,False,False,True,False,False,False,False,2334.1038,122.73852357492115,5
2025-06-30,2544.562637244341,114.0,-0.814383756602044,36032.0,0.8958,0,6,2456.842283340546,2340.355568225055,8.725471966388376,False,False,False,False,False,False,False,False,False,False,False,False,False,False,False,False,True,False,False,False,False,2343.84,200.7225493537162,5
2025-07-31,2481.1898713203595,119.0,-0.787589879310624,36032.0,0.8958,0,7,2544.562637244341,2374.8021453110596,4.479856404852822,False,False,False,False,False,False,False,False,False,False,False,False,False,False,False,False,True,False,False,False,False,2335.9182,145.27165842973454,5
2025-08-31,2397.656159586564,124.0,0.4499509874817287,36032.0,0.8958,0,8,2481.1898713203595,2385.3267868510293,0.51688400949923,False,False,False,False,False,False,False,False,False,False,False,False,False,False,False,False,True,False,False,False,False,2392.8499,4.806306070939172,5
2025-09-30,2377.2337884222497,113.0,0.0159976963317376,36032.0,0.8958,0,9,2397.656159586564,2392.262982614734,-0.6282417234938498,False,False,False,False,False,False,False,False,False,False,False,False,False,False,False,False,True,False,False,False,False,2312.0242,65.20961850037475,5
2025-10-31,2422.9957283333856,112.0,1.0332858810921497,36032.0,0.8958,0,10,2377.2337884222497,2384.2516758155666,1.6249984391671246,False,False,False,False,False,False,False,False,False,False,False,False,False,False,False,False,True,False,False,False,False,2336.0115,86.98425372401061,5
2025-11-30,2475.135180510702,98.0,0.3467109950130442,36032.0,0.8958,0,11,2422.9957283333856,2408.2267565412226,2.77832740574544,False,False,False,False,False,False,False,False,False,False,False,False,False,False,False,False,True,False,False,False,False,2363.8457,111.28947738570196,5
2025-12-31,2437.5754271938627,89.0,-0.0110437965417098,36032.0,0.8958,0,12,2475.135180510702,2428.5930545105366,0.3698591110867122,False,False,False,False,False,False,False,False,False,False,False,False,False,False,False,False,True,False,False,False,False,2335.725,101.85032953761265,5
2025-01-31,2510.7644074609098,250.0,-2.0957565649731724,51433.0,0.6872,0,1,2536.645016903237,2327.328215518913,7.881835949000293,False,False,False,False,False,False,False,False,False,False,False,False,False,False,False,False,False,True,False,False,False,2278.2988,232.46557933590975,5
2025-02-28,2467.71023825858,234.0,0.6219365206910465,51433.0,0.6872,0,2,2510.7644074609098,2338.489159191274,5.525836139090523,False,False,False,False,False,False,False,False,False,False,False,False,False,False,False,False,False,True,False,False,False,2256.5015,211.20877341482992,5
2025-03-31,2425.1379806789146,217.0,0.0734683447262574,51433.0,0.6872,0,3,2467.71023825858,2377.40247193441,2.007885047148261,False,False,False,False,False,False,False,False,False,False,False,False,False,False,False,False,False,True,False,False,False,2299.7917,125.34623263203957,5
2025-04-30,2382.20091256811,204.0,0.7261642567589099,51433.0,0.6872,0,4,2425.1379806789146,2371.5082764609897,0.4508791393752709,False,False,False,False,False,False,False,False,False,False,False,False,False,False,False,False,False,True,False,False,False,2253.1396,129.0612641306102,5
2025-05-31,2320.1387943296045,206.0,0.1980574525058287,51433.0,0.6872,0,5,2382.20091256811,2360.560496570848,-1.7123773061509584,False,False,False,False,False,False,False,False,False,False,False,False,False,False,False,False,False,True,False,False,False,2226.6335,93.50524940772948,5
2025-06-30,2340.2160746291543,212.0,-0.814383756602044,51433.0,0.6872,0,6,2320.1387943296045,2381.842182993514,-1.7476434274937502,False,False,False,False,False,False,False,False,False,False,False,False,False,False,False,False,False,True,False,False,False,2216.6833,123.53272501977926,5
2025-07-31,2334.9117919948017,214.0,-0.787589879310624,51433.0,0.6872,0,7,2340.2160746291543,2389.7195310041,-2.29347997947984,False,False,False,False,False,False,False,False,False,False,False,False,False,False,False,False,False,True,False,False,False,2222.0103,112.90153808855166,5
2025-08-31,2348.7060080249257,223.0,0.4499509874817287,51433.0,0.6872,0,8,2334.9117919948017,2408.9117404941694,-2.499291753084032,False,False,False,False,False,False,False,False,False,False,False,False,False,False,False,False,False,True,False,False,False,2225.4707,123.23530489992572,5
2025-09-30,2300.86065933709,216.0,0.0159976963317376,51433.0,0.6872,0,9,2348.7060080249257,2380.8060195945063,-3.3579115475788512,False,False,False,False,False,False,False,False,False,False,False,False,False,False,False,False,False,True,False,False,False,2205.4053,95.45538589959006,5
2025-10-31,2323.7482658222298,233.0,1.0332858810921497,51433.0,0.6872,0,10,2300.86065933709,2412.1411562792305,-3.66449907904014,False,False,False,False,False,False,False,False,False,False,False,False,False,False,False,False,False,True,False,False,False,2224.318,99.43015058785477,5
2025-11-30,2330.6217954333,224.0,0.3467109950130442,51433.0,0.6872,0,11,2323.7482658222298,2494.0721497970867,-6.55355356809083,False,False,False,False,False,False,False,False,False,False,False,False,False,False,False,False,False,True,False,False,False,2233.918,96.70382668330012,5
2025-12-31,2351.326901936943,230.0,-0.0110437965417098,51433.0,0.6872,0,12,2330.6217954333,2536.645016903237,-7.305638500121392,False,False,False,False,False,False,False,False,False,False,False,False,False,False,False,False,False,True,False,False,False,2193.7703,157.55663826506816,5
2025-01-31,2888.1609402875056,639.0,-2.0957565649731724,67263.41,0.663,0,1,2884.2453932139965,2825.2568149978815,2.2264922946366283,False,False,False,False,False,False,False,False,False,False,False,False,False,False,False,False,False,False,True,False,False,2784.0217,104.13921177188058,5
2025-02-28,2897.155378282934,606.0,0.6219365206910465,67263.41,0.663,0,2,2888.1609402875056,2852.190376147639,1.5765077433585573,False,False,False,False,False,False,False,False,False,False,False,False,False,False,False,False,False,False,True,False,False,2764.8816,132.27378648605918,5
2025-03-31,2958.3064776974516,600.0,0.0734683447262574,67263.41,0.663,0,3,2897.155378282934,2862.9010863211806,3.3324724990365207,False,False,False,False,False,False,False,False,False,False,False,False,False,False,False,False,False,False,True,False,False,2842.4922,115.81429019745156,5
2025-04-30,2961.404459105759,575.0,0.7261642567589099,67263.41,0.663,0,4,2958.3064776974516,2890.980997867329,2.435971086990252,False,False,False,False,False,False,False,False,False,False,False,False,False,False,False,False,False,False,True,False,False,2804.4526,156.9518223870091,5
2025-05-31,2987.321123328158,578.0,0.1980574525058287,67263.41,0.663,0,5,2961.404459105759,2864.284820989082,4.295533092152115,False,False,False,False,False,False,False,False,False,False,False,False,False,False,False,False,False,False,True,False,False,2823.188,164.13313504690814,5
2025-06-30,2977.4054230974416,565.0,-0.814383756602044,67263.41,0.663,0,6,2987.321123328158,2856.041602860394,4.249371581824946,False,False,False,False,False,False,False,False,False,False,False,False,False,False,False,False,False,False,True,False,False,2813.9187,163.4867219255666,5
2025-07-31,2996.4304336179157,565.0,-0.787589879310624,67263.41,0.663,0,7,2977.4054230974416,2856.04952050711,4.915212852677708,False,False,False,False,False,False,False,False,False,False,False,False,False,False,False,False,False,False,True,False,False,2814.8457,181.5847304929157,5
2025-08-31,3013.779447014678,587.0,0.4499509874817287,67263.41,0.663,0,8,2996.4304336179157,2870.1989127166416,5.002459364815848,False,False,False,False,False,False,False,False,False,False,False,False,False,False,False,False,False,False,True,False,False,2811.4668,202.31265013967823,5
2025-09-30,3008.171089623249,581.0,0.0159976963317376,67263.41,0.663,0,9,3013.779447014678,2911.673444330846,3.3141644191002184,False,False,False,False,False,False,False,False,False,False,False,False,False,False,False,False,False,False,True,False,False,2816.8657,191.30536696699892,5
2025-10-31,2977.1508903224094,563.0,1.0332858810921497,67263.41,0.663,0,10,3008.171089623249,2922.852995641484,1.8577018673841428,False,False,False,False,False,False,False,False,False,False,False,False,False,False,False,False,False,False,True,False,False,2807.0798,170.0710563380344,5
2025-11-30,2925.6379443761734,557.0,0.3467109950130442,67263.41,0.663,0,11,2977.1508903224094,2924.719852937967,0.0313907479816855,False,False,False,False,False,False,False,False,False,False,False,False,False,False,False,False,False,False,True,False,False,2819.4639,106.17407718867344,5
2025-12-31,2922.9371304573965,571.0,-0.0110437965417098,67263.41,0.663,0,12,2925.6379443761734,2884.2453932139965,1.341485621661498,False,False,False,False,False,False,False,False,False,False,False,False,False,False,False,False,False,False,True,False,False,2806.9878,115.9493374886465,5
2025-01-31,3188.5545048895547,453.0,-2.0957565649731724,99086.15,0.7213,0,1,3132.1616530820493,3088.4413522713658,3.241542940245945,False,False,False,False,False,False,False,False,False,False,False,False,False,False,False,False,False,False,False,True,False,3088.2688,100.28570606142966,5
2025-02-28,3220.5187394966524,431.0,0.6219365206910465,99086.15,0.7213,0,2,3188.5545048895547,3114.1625559175154,3.415241872234298,False,False,False,False,False,False,False,False,False,False,False,False,False,False,False,False,False,False,False,True,False,3087.7546,132.76410082477742,5
2025-03-31,3276.199079006246,414.0,0.0734683447262574,99086.15,0.7213,0,3,3220.5187394966524,3126.5217467255934,4.787343393258325,False,False,False,False,False,False,False,False,False,False,False,False,False,False,False,False,False,False,False,True,False,3147.428,128.77110049062094,5
2025-04-30,3244.8217836872427,400.0,0.7261642567589099,99086.15,0.7213,0,4,3276.199079006246,3118.622926220515,4.046621231623826,False,False,False,False,False,False,False,False,False,False,False,False,False,False,False,False,False,False,False,True,False,3102.1296,142.69214501536771,5
2025-05-31,3226.967463399069,403.0,0.1980574525058287,99086.15,0.7213,0,5,3244.8217836872427,3107.302848520882,3.851076663967557,False,False,False,False,False,False,False,False,False,False,False,False,False,False,False,False,False,False,False,True,False,3134.244,92.72356691469395,5
2025-06-30,3193.494738470371,407.0,-0.814383756602044,99086.15,0.7213,0,6,3226.967463399069,3109.338928316012,2.7065499160600304,False,False,False,False,False,False,False,False,False,False,False,False,False,False,False,False,False,False,False,True,False,3127.1753,66.31944550162098,5
2025-07-31,3183.0847366925072,428.0,-0.787589879310624,99086.15,0.7213,0,7,3193.494738470371,3124.9752365326754,1.8595187405167304,False,False,False,False,False,False,False,False,False,False,False,False,False,False,False,False,False,False,False,True,False,3120.0632,63.02150427063225,5
2025-08-31,3189.6854117383173,431.0,0.4499509874817287,99086.15,0.7213,0,8,3183.0847366925072,3119.955505401601,2.2349647684395624,False,False,False,False,False,False,False,False,False,False,False,False,False,False,False,False,False,False,False,True,False,3129.468,60.21739416019227,5
2025-09-30,3215.8502631051606,447.0,0.0159976963317376,99086.15,0.7213,0,9,3189.6854117383173,3119.7661649750435,3.0798493556611017,False,False,False,False,False,False,False,False,False,False,False,False,False,False,False,False,False,False,False,True,False,3108.019,107.8312201364106,5
2025-10-31,3208.099091573119,432.0,1.0332858810921497,99086.15,0.7213,0,10,3215.8502631051606,3132.8967187504295,2.400410213736137,False,False,False,False,False,False,False,False,False,False,False,False,False,False,False,False,False,False,False,True,False,3131.7026,76.39645485436904,5
2025-11-30,3201.8895762321445,398.0,0.3467109950130442,99086.15,0.7213,0,11,3208.099091573119,3142.602703158293,1.886553238634603,False,False,False,False,False,False,False,False,False,False,False,False,False,False,False,False,False,False,False,True,False,3122.962,78.92766216964446,5
2025-12-31,3147.8575594346203,399.0,-0.0110437965417098,99086.15,0.7213,0,12,3201.8895762321445,3132.1616530820493,0.5011205707446953,False,False,False,False,False,False,False,False,False,False,False,False,False,False,False,False,False,False,False,True,False,3088.8706,58.98695396587027,5
2025-01-31,3967.9496740203554,222.0,-2.0957565649731724,79994.0,0.6785,0,1,3870.23580483013,3778.737833790368,5.007276200481825,False,False,False,False,False,False,False,False,False,False,False,False,False,False,False,False,False,False,False,False,True,3728.0405,239.90914667660536,5
2025-02-28,4025.6962700806616,215.0,0.6219365206910465,79994.0,0.6785,0,2,3967.9496740203554,3813.601353603424,5.5615387349501555,False,False,False,False,False,False,False,False,False,False,False,False,False,False,False,False,False,False,False,False,True,3710.102,315.59421929941163,5
2025-03-31,4073.8095794322994,225.0,0.0734683447262574,79994.0,0.6785,0,3,4025.6962700806616,3847.7313278060938,5.875624682846858,False,False,False,False,False,False,False,False,False,False,False,False,False,False,False,False,False,False,False,False,True,3794.9324,278.8772063854244,5
2025-04-30,4025.3164985607614,219.0,0.7261642567589099,79994.0,0.6785,0,4,4073.8095794322994,3886.019689345384,3.5845626206501,False,False,False,False,False,False,False,False,False,False,False,False,False,False,False,False,False,False,False,False,True,3766.0862,259.2303169201364,5
2025-05-31,4036.655614152271,211.0,0.1980574525058287,79994.0,0.6785,0,5,4025.3164985607614,3925.182149283018,2.8399564817549905,False,False,False,False,False,False,False,False,False,False,False,False,False,False,False,False,False,False,False,False,True,3845.8655,190.79013563664603,5
2025-06-30,4001.832791063191,219.0,-0.814383756602044,79994.0,0.6785,0,6,4036.655614152271,3917.4412163111456,2.154252485031871,False,False,False,False,False,False,False,False,False,False,False,False,False,False,False,False,False,False,False,False,True,3829.1245,172.70827934444105,5
2025-07-31,4010.4886859118697,211.0,-0.787589879310624,79994.0,0.6785,0,7,4001.832791063191,3913.5784014695378,2.4762576471175857,False,False,False,False,False,False,False,False,False,False,False,False,False,False,False,False,False,False,False,False,True,3843.4148,167.07389098999465,5
2025-08-31,3995.244312695052,216.0,0.4499509874817287,79994.0,0.6785,0,8,4010.4886859118697,3892.837478300181,2.6306475666070472,False,False,False,False,False,False,False,False,False,False,False,False,False,False,False,False,False,False,False,False,True,3832.8557,162.38859980442703,5
2025-09-30,3966.5463232017873,206.0,0.0159976963317376,79994.0,0.6785,0,9,3995.244312695052,3882.5294165750392,2.163973472243863,False,False,False,False,False,False,False,False,False,False,False,False,False,False,False,False,False,False,False,False,True,3816.8394,149.70696773303735,5
2025-10-31,3950.711899362559,210.0,1.0332858810921497,79994.0,0.6785,0,10,3966.5463232017873,3844.3647651686247,2.7663122697793696,False,False,False,False,False,False,False,False,False,False,False,False,False,False,False,False,False,False,False,False,True,3810.7888,139.92308100318405,5
2025-11-30,3920.4643754124127,217.0,0.3467109950130442,79994.0,0.6785,0,11,3950.711899362559,3856.78021683654,1.651226022625374,False,False,False,False,False,False,False,False,False,False,False,False,False,False,False,False,False,False,False,False,True,3808.198,112.26637736553766,5
2025-12-31,3964.161332164548,206.0,-0.0110437965417098,79994.0,0.6785,0,12,3920.4643754124127,3870.23580483013,2.426868337510535,False,False,False,False,False,False,False,False,False,False,False,False,False,False,False,False,False,False,False,False,True,3813.1863,150.97505286767318,5
